Date,Price,Open,High,Low,Vol.,Change %,Close,Volume,MA10,MA50,Returns,Volatility,RSI,MACD,UpperBand,LowerBand
2021-08-10,145.6,146.44,147.71,145.3,69.02M,-0.34%,145.6,69020000.0,146.12,138.63479999999998,-0.0033540967896502627,0.006580879780943172,50.791139240506276,1.885757118359976,149.63145593795798,143.402544062042
2021-08-11,145.86,146.05,146.72,145.53,48.49M,0.18%,145.86,48490000.0,146.20800000000003,139.06640000000002,0.0017857142857145014,0.005233416348464396,45.91304347826092,1.7248309476526344,149.21907598795931,143.48592401204067
2021-08-12,148.89,146.19,149.05,145.84,73.78M,2.08%,148.89,73780000.0,146.533,139.543,0.020773344302755792,0.008239184592489504,51.29209083790126,1.820802398549688,149.30866884695044,143.43733115304954
2021-08-13,149.1,148.97,149.44,148.27,59.38M,0.14%,149.1,59380000.0,146.85700000000003,140.0542,0.0014104372355430161,0.008240230000834355,50.43824701195212,1.891995958100921,149.6875516626334,143.32944833736659
2021-08-16,151.12,148.54,151.19,146.47,103.56M,1.35%,151.12,103560000.0,147.417,140.5588,0.013547954393024808,0.008776241116846762,67.6113360323885,2.087352781588635,150.15517419712359,143.72882580287643
2021-08-17,150.19,150.23,151.68,149.09,92.23M,-0.62%,150.19,92230000.0,147.7,141.0446,-0.0061540497617788015,0.00868834584481458,72.6718885987814,2.1424345916535117,150.6427961839539,143.64520381604612
2021-08-18,146.36,149.8,150.72,146.15,86.33M,-2.55%,146.36,86330000.0,147.641,141.437,-0.025501032026100212,0.01228540161859003,52.45566166439298,1.8556475814006035,150.61558753049422,143.7684124695058
2021-08-19,146.7,145.03,148.0,144.5,86.96M,0.23%,146.7,86960000.0,147.605,141.8284,0.0023230390817161606,0.0123108816685369,52.84167794316635,1.636932429989912,150.61328907742958,143.76071092257038
2021-08-20,148.19,147.44,148.5,146.78,60.55M,1.02%,148.19,60550000.0,147.81,142.27,0.010156782549420651,0.012502912272286075,58.380414312617646,1.5657803036141331,150.56746129644705,143.76953870355294
2021-08-23,149.71,148.31,150.19,147.89,60.13M,1.03%,149.71,60130000.0,148.172,142.7172,0.010257102368580906,0.012778953355018165,57.52722613709157,1.6134442467258339,150.69861219052967,143.71038780947032
2021-08-24,149.62,149.45,150.86,149.15,48.61M,-0.06%,149.62,48610000.0,148.574,143.10000000000002,-0.0006011622470109002,0.012667406694780245,58.7311968606933,1.6252214756968044,150.99555039707664,143.69844960292338
2021-08-25,148.36,149.81,150.32,147.8,58.99M,-0.84%,148.36,58990000.0,148.824,143.4744,-0.00842133404625045,0.013159855170496901,53.95377128953775,1.515414786421104,151.01288222037377,144.01911777962627
2021-08-26,147.54,148.35,149.12,147.51,48.60M,-0.55%,147.54,48600000.0,148.68900000000002,143.82219999999998,-0.005527096252359254,0.011460387782946967,54.28396572827418,1.3467011149211032,150.9946940262332,144.22730597376685
2021-08-27,148.6,147.48,148.75,146.83,55.80M,0.72%,148.6,55800000.0,148.63899999999998,144.1584,0.00718449234106,0.011729283013998072,57.233429394812646,1.28372942226531,151.05417667563825,144.44182332436174
2021-08-30,153.12,149.0,153.49,148.61,90.96M,3.04%,153.12,90960000.0,148.839,144.6116,0.03041722745625841,0.01475961704332725,67.5865294667914,1.5803330314692516,152.0463165020879,144.20968349791207
2021-08-31,151.83,152.66,152.8,151.29,86.45M,-0.84%,151.83,86450000.0,149.003,145.00220000000002,-0.0084247648902821,0.01490571933973674,63.31994645247657,1.6917993004299774,152.5828032706755,144.12019672932448
2021-09-01,152.51,152.83,154.98,152.34,80.31M,0.45%,152.51,80310000.0,149.618,145.37279999999998,0.004478693275373535,0.011587207823138214,59.022931206380875,1.8140956729726554,153.19082240751203,144.06817759248798
2021-09-02,153.65,153.87,154.72,152.4,71.17M,0.75%,153.65,71170000.0,150.31300000000002,145.7718,0.007474919677398217,0.011609766891618783,60.838494521200595,1.9801786352443003,153.97261472707936,143.94538527292065
2021-09-03,154.3,153.76,154.63,153.09,57.87M,0.42%,154.3,57870000.0,150.924,146.1896,0.004230393752033823,0.011450404841294,58.10397553516822,2.139586327790539,154.7305773607986,144.00342263920137
2021-09-07,156.69,154.97,157.26,154.39,82.28M,1.55%,156.69,82280000.0,151.622,146.6612,0.01548930654569003,0.011874356524880468,65.41745730550286,2.4307509150812905,155.94796634300826,143.84603365699172
2021-09-08,155.11,156.98,157.04,153.98,74.42M,-1.01%,155.11,74420000.0,152.171,147.0678,-0.010083604569532056,0.012689180855025657,73.23420074349444,2.5051305670602915,156.49590763404169,144.24909236595832
2021-09-09,154.07,155.49,156.11,153.95,57.31M,-0.67%,154.07,57310000.0,152.742,147.4226,-0.006704919089678407,0.012517726047204402,68.86840757808498,2.4518937637155034,156.73093586487278,144.83506413512725
2021-09-10,148.97,155.0,155.48,148.7,140.89M,-3.31%,148.97,140890000.0,152.885,147.6628,-0.033101836827416076,0.017035596558155966,51.68539325842697,1.9754046013945015,156.7296809473598,144.84431905264015
2021-09-13,149.55,150.63,151.42,148.75,102.40M,0.39%,149.55,102400000.0,152.98000000000002,147.9084,0.0038934013559777103,0.016936405487160487,49.63963963963965,1.625842954545874,156.728648142837,144.89035185716304
2021-09-14,148.12,150.35,151.07,146.91,109.30M,-0.96%,148.12,109300000.0,152.48,148.0716,-0.009562019391507914,0.013537132682442953,46.813933729821585,1.2193676704958705,156.69639524594677,144.62260475405324
2021-09-15,149.03,148.56,149.44,146.37,83.28M,0.61%,149.03,83280000.0,152.2,148.2118,0.0061436672967862815,0.013699035555130605,51.444588184562285,0.95960079358494,156.67953733903843,144.5234626609616
2021-09-16,148.79,148.44,148.97,147.22,68.03M,-0.16%,148.79,68030000.0,151.828,148.2962,-0.0016104140106019127,0.013524433064790278,52.76426360017691,0.7259988154514758,156.53538278885853,144.9106172111415
2021-09-17,146.06,148.82,148.82,145.76,129.87M,-1.83%,146.06,129870000.0,151.06900000000002,148.3526,-0.018348007258552235,0.013893273432962455,44.7693574958814,0.31692605405970653,156.60283612051262,144.77916387948738
2021-09-20,142.94,143.8,144.84,141.27,123.48M,-2.14%,142.94,123480000.0,149.933,148.3092,-0.02136108448582774,0.014360326236404753,27.75349650349648,-0.2560731299829513,157.21015412208465,143.64684587791538
2021-09-21,143.43,143.93,144.6,142.78,75.83M,0.34%,143.43,75830000.0,148.607,148.28779999999998,0.003428011753183302,0.012612798764293989,30.97826086956522,-0.6629975832359207,157.5829923441579,142.64600765584208
2021-09-22,145.85,144.45,146.43,143.7,76.40M,1.69%,145.85,76400000.0,147.68099999999998,148.292,0.016872341908944932,0.014954621296597621,36.02015113350128,-0.7812090770012219,157.63352305082222,142.21847694917776
2021-09-23,146.83,146.65,147.08,145.64,64.84M,0.67%,146.83,64840000.0,146.95700000000002,148.2456,0.006719232087761595,0.01548106172713619,35.58748943364331,-0.7867456139740057,157.6522511342581,142.04674886574185
2021-09-24,146.92,145.66,147.47,145.56,53.48M,0.06%,146.92,53480000.0,146.752,148.2144,0.0006129537560441989,0.0118526587455742,34.025974025973966,-0.7749381074544317,157.66469056076247,141.97230943923753
2021-09-27,145.37,145.47,145.96,143.82,74.15M,-1.05%,145.37,74150000.0,146.334,148.194,-0.010549959161448297,0.012025374911693082,24.573225516621747,-0.8805027321760974,157.73824039462988,141.57575960537008
2021-09-28,141.91,143.25,144.75,141.69,108.97M,-2.38%,141.91,108970000.0,145.71300000000002,148.1832,-0.023801334525693107,0.013652528599364874,22.659486329743146,-1.229187236078502,157.70428173026008,140.48871826973996
2021-09-29,142.83,142.47,144.45,142.03,74.60M,0.65%,142.83,74600000.0,145.09300000000002,148.11679999999998,0.006482982171799101,0.013681454692917285,26.602830974188223,-1.414974955818849,157.58715881241474,139.70584118758526
2021-09-30,141.5,143.66,144.38,141.28,89.06M,-0.93%,141.5,89060000.0,144.364,148.03879999999998,-0.009311769236154954,0.013738906463470651,31.555555555555586,-1.6505069304778885,157.38411215309284,138.80788784690716
2021-10-01,142.65,141.9,142.92,139.11,94.64M,0.81%,142.65,94640000.0,144.023,147.9558,0.008127208480565473,0.013412027756166501,33.429394812680115,-1.724493441330651,156.75171767407338,138.3402823259266
2021-10-04,139.14,141.76,142.21,138.27,98.32M,-2.46%,139.14,98320000.0,143.643,147.7674,-0.02460567823343862,0.01395329447379928,30.393013100436676,-2.042807733977895,156.14740753860494,137.42859246139508
2021-10-05,141.11,139.49,142.24,139.36,80.86M,1.42%,141.11,80860000.0,143.411,147.6098,0.01415840160988946,0.014852230037786374,33.47245409015032,-2.111768416433989,154.44633781910477,137.57166218089526
2021-10-06,142.0,139.47,142.15,138.37,83.22M,0.63%,142.0,83220000.0,143.026,147.5144,0.006307136276663572,0.01373122980186881,36.204794798862295,-2.070734553213697,152.7916159895296,137.9153840104704
2021-10-07,143.29,143.06,144.21,142.72,61.73M,0.91%,143.29,61730000.0,142.672,147.48059999999998,0.009084507042253387,0.01392828607071989,44.02244281398359,-1.9120814176056342,151.05977939622034,138.56922060377968
2021-10-08,142.9,144.03,144.18,142.56,58.77M,-0.27%,142.9,58770000.0,142.27,147.4258,-0.00272175308814282,0.013889342120690503,49.902152641878686,-1.797101537370196,150.49029022367702,138.53170977632303
2021-10-11,142.81,142.27,144.81,141.81,64.45M,-0.06%,142.81,64450000.0,142.01399999999998,147.3648,-0.0006298110566830273,0.013616617864676963,48.45309381237524,-1.6937172831985947,149.70005465047282,138.6479453495272
2021-10-12,141.51,143.23,143.25,141.04,73.04M,-0.91%,141.51,73040000.0,141.97400000000002,147.2846,-0.009103003991317249,0.011610233426400662,38.53065539112052,-1.6971203059052016,149.16265020913875,138.52434979086127
2021-10-13,140.91,141.24,141.4,139.2,78.76M,-0.42%,140.91,78760000.0,141.78199999999998,147.15560000000002,-0.004239983040067785,0.011415800521569335,34.03451995685003,-1.7283093373031875,148.31067847211295,138.56432152788705
2021-10-14,143.76,142.11,143.88,141.51,69.91M,2.02%,143.76,69910000.0,142.00799999999998,147.0918,0.020225675963380763,0.012842720526211205,42.582159624413165,-1.505698927859413,147.36595416746616,139.0060458325338
2021-10-15,144.84,143.77,144.9,143.51,67.94M,0.75%,144.84,67940000.0,142.227,147.0474,0.0075125208681137146,0.012809757554521529,48.727796447431594,-1.2279762546158963,147.16150448049612,139.08849551950388
2021-10-18,146.55,143.45,146.84,143.16,85.59M,1.18%,146.55,85590000.0,142.96800000000002,147.0556,0.011806130903065482,0.009199890384173527,62.15932914046121,-0.8599829778055437,147.62042623587763,138.99057376412236
2021-10-19,148.76,147.01,149.17,146.55,76.38M,1.51%,148.76,76380000.0,143.733,147.109,0.015080177413851814,0.009303214007562502,64.55571919489438,-0.3855724848309876,148.5297991721722,138.6142008278278
2021-10-20,149.26,148.7,149.75,148.12,58.42M,0.34%,149.26,58420000.0,144.459,147.18220000000002,0.0033611185802635557,0.009315546383152502,69.85670419651991,0.030396676158545688,149.23577962629284,138.24922037370717
2021-10-21,149.48,148.81,149.64,147.87,61.42M,0.15%,149.48,61420000.0,145.078,147.25459999999998,0.001473938094600058,0.009258894543098507,68.3503492745835,0.37350189714851467,149.7932447611301,137.9567552388699
2021-10-22,148.69,149.69,150.18,148.64,58.88M,-0.53%,148.69,58880000.0,145.65699999999998,147.25060000000002,-0.005284987958255272,0.009506335006430557,80.05034612964134,0.5750401540819894,150.12154574263894,137.80545425736108
2021-10-25,148.64,148.68,149.37,147.62,50.72M,-0.03%,148.64,50720000.0,146.23999999999998,147.2414,-0.00033627009213810233,0.009490821722185341,76.9506084466714,0.7223987296956125,150.60748113873393,137.6465188612661
2021-10-26,149.32,149.33,150.84,149.01,60.89M,0.46%,149.32,60890000.0,147.021,147.2054,0.00457481162540363,0.008294976614072278,76.59883720930232,0.8838631552653169,151.28434137058514,137.71065862941487
2021-10-27,148.85,149.36,149.73,148.49,56.09M,-0.31%,148.85,56090000.0,147.815,147.17860000000002,-0.0031476024645057388,0.008159757712315795,71.48377125193201,0.9628012305092284,151.80439909328382,137.79260090671616
2021-10-28,152.57,149.82,153.16,149.72,100.08M,2.50%,152.57,100080000.0,148.696,147.3028,0.024991602284178738,0.009188080152228243,79.71727105101408,1.3104273438141263,152.98201441676306,137.72198558323694
2021-10-29,149.8,147.21,149.94,146.41,124.95M,-1.82%,149.8,124950000.0,149.19199999999998,147.3648,-0.0181556007078717,0.01190363543410809,68.44327176781006,1.3468816793799476,153.47526962668536,137.94373037331462
2021-11-01,148.96,148.99,149.7,147.8,74.59M,-0.56%,148.96,74590000.0,149.433,147.3802,-0.005607476635514086,0.011816572115540123,70.14602487831267,1.2930851425226138,153.4413911199201,138.95960888007986
2021-11-02,150.02,148.66,151.57,148.65,69.12M,0.71%,150.02,69120000.0,149.559,147.3864,0.007116004296455536,0.011058246973761432,74.03693931398422,1.3207592501982504,153.6610346812371,139.63096531876292
2021-11-03,151.49,150.39,151.97,149.82,54.51M,0.98%,151.49,54510000.0,149.78199999999998,147.4238,0.009798693507532263,0.011399646490010648,71.99772339214576,1.4446548131897146,154.0960497048062,140.14495029519378
2021-11-04,150.96,151.58,152.43,150.64,60.39M,-0.35%,150.96,60390000.0,149.93,147.4758,-0.0034985807644069,0.011510868213996871,67.97884841363106,1.4829814814800102,154.43606857560235,140.57193142439763
2021-11-05,151.28,151.89,152.2,150.06,65.46M,0.21%,151.28,65459999.99999999,150.18900000000002,147.5506,0.002119766825649183,0.011294557400498562,65.1311580294306,1.5216364896108132,154.69452894186665,141.15147105813335
2021-11-08,150.44,151.41,151.57,150.16,55.02M,-0.56%,150.44,55020000.0,150.369,147.5874,-0.005552617662612391,0.011521615623081976,55.89060308555403,1.4675726186066242,154.71315032182125,141.89584967817873
2021-11-09,150.81,150.2,151.43,150.06,56.79M,0.25%,150.81,56790000.0,150.518,147.5412,0.0024594522733316637,0.011473391313776412,55.48478414720457,1.438006080143424,154.40536438520593,143.13363561479412
2021-11-10,147.92,150.02,150.13,147.85,65.19M,-1.92%,147.92,65190000.0,150.425,147.463,-0.01916318546515494,0.013123884965087172,45.35714285714285,1.167912569038151,153.40871223464455,144.8312877653554
2021-11-11,147.87,148.96,149.43,147.68,41.00M,-0.03%,147.87,41000000.0,149.95499999999998,147.37019999999998,-0.0003380205516494428,0.009624508870063076,47.447073474470756,0.9390026948782975,152.8604471819192,145.7905528180808
2021-11-12,149.99,148.43,150.4,147.48,63.80M,1.43%,149.99,63800000.0,149.974,147.297,0.01433691756272415,0.00945350954652052,53.72311086596808,0.9180732755806673,152.42446070664005,146.74153929335995
2021-11-15,150.0,150.37,151.88,149.43,59.22M,0.01%,150.0,59220000.0,150.078,147.211,6.667111140745696e-05,0.00923618724240439,51.947308132875165,0.8920109296855969,152.21488353422805,147.29611646577197
2021-11-16,151.0,149.94,151.49,149.34,59.26M,0.67%,151.0,59260000.0,150.176,147.09720000000002,0.006666666666666599,0.009202724330473831,55.97554196775989,0.9411984258682651,152.3399833031229,147.39501669687712
2021-11-17,153.49,150.99,155.0,150.99,88.81M,1.65%,153.49,88810000.0,150.376,147.0648,0.01649006622516569,0.010134721582211674,52.7446300715991,1.167642208622567,153.0132399715322,147.14476002846783
2021-11-18,157.87,153.71,158.67,153.05,137.83M,2.85%,157.87,137830000.0,151.067,147.1408,0.02853606098117134,0.01306737373716788,71.96516058791505,1.6811506742149902,155.03415187098256,145.96284812901746
2021-11-19,160.55,157.65,161.02,156.53,117.31M,1.70%,160.55,117310000.0,151.994,147.3724,0.016975992905555293,0.013592779931329244,78.67392380009896,2.278102883163882,157.390149061506,144.79285093849398
2021-11-22,161.02,161.68,165.7,161.0,117.47M,0.29%,161.02,117470000.0,153.052,147.6018,0.0029274369355341,0.013042021113816488,78.03261977573904,2.757332073842747,159.29648007407224,144.12451992592776
2021-11-23,161.41,161.12,161.8,159.06,96.04M,0.24%,161.41,96040000.0,154.11200000000002,147.86759999999998,0.002422059371506524,0.013043439676173963,76.75296655879178,3.1324850628493266,160.95281283232774,143.67718716767226
2021-11-24,161.94,160.75,162.14,159.64,69.46M,0.33%,161.94,69460000.0,155.51399999999998,148.1258,0.0032835635958119447,0.00951572586032584,79.61165048543688,3.432989711639692,162.4449318885048,143.4940681114952
2021-11-26,156.81,159.57,160.45,156.36,76.96M,-3.17%,156.81,76960000.0,156.40800000000002,148.28619999999998,-0.03167839940718786,0.015961147352479298,61.841541755888656,3.220074667681871,162.80782416045267,143.55517583954733
2021-11-29,160.24,159.37,161.19,158.79,88.75M,2.19%,160.24,88750000.0,157.43300000000002,148.56980000000001,0.021873604999681273,0.016564923605335992,68.8897455666924,3.2901831128125423,163.68350374433052,143.72349625566946
2021-11-30,165.3,159.99,165.52,159.92,174.05M,3.16%,165.3,174050000.0,158.96300000000002,149.017,0.03157763354967558,0.018078898309234075,73.65328109696378,3.7112631411877146,165.49156716490478,143.54943283509527
2021-12-01,164.77,167.48,170.3,164.53,152.42M,-0.32%,164.77,152420000.0,160.34,149.4438,-0.003206291591046573,0.018539266001992183,79.80191015210477,3.9565963469951555,166.9167452606462,143.59925473935382
2021-12-02,163.76,158.74,164.2,157.8,136.74M,-0.61%,163.76,136740000.0,161.36700000000002,149.80200000000002,-0.006129756630454675,0.018889652969757878,77.18097844680119,4.023149754998201,167.978119807275,143.76488019272506
2021-12-03,161.84,164.02,164.96,159.72,118.02M,-1.17%,161.84,118020000.0,161.76399999999998,150.1022,-0.011724474841230959,0.0179770254470468,70.40992077161556,3.8762824848581374,168.57055175463694,144.26044824536308
2021-12-06,165.32,164.29,167.88,164.28,107.50M,2.15%,165.32,107500000.0,162.241,150.4702,0.021502718734552673,0.018429639546751874,73.56923076923076,3.994648213553461,169.63990749511416,144.59509250488586
2021-12-07,171.18,169.08,171.58,168.34,120.41M,3.54%,171.18,120410000.0,163.257,150.9864,0.035446406968304034,0.021077540468016034,77.00749464668094,4.509326226479374,171.73861064830044,144.5703893516996
2021-12-08,175.08,172.13,175.96,170.7,117.00M,2.28%,175.08,117000000.0,164.624,151.64980000000003,0.022783035401331864,0.021633473929560488,77.84369357750839,5.172286763940065,174.44386094251004,144.29213905748995
2021-12-09,174.56,174.91,176.75,173.92,108.92M,-0.30%,174.56,108920000.0,165.88600000000002,152.2844,-0.002970070824765858,0.021885851331081167,73.90432540819248,5.591275370053864,176.21802483361995,145.18197516638003
2021-12-10,179.45,175.21,179.63,174.69,115.40M,2.80%,179.45,115400000.0,168.15,153.0434,0.02801329055911994,0.017672679546819985,75.457974137931,6.24591002874638,178.70062874158097,145.85737125841902
2021-12-13,175.74,181.12,182.13,175.53,153.24M,-2.07%,175.74,153240000.0,169.7,153.7052,-0.020674282529952515,0.020401734779911116,68.23587710604559,6.3916675530354325,179.96905342766394,147.16394657233604
2021-12-14,174.33,175.25,177.74,172.21,139.38M,-0.80%,174.33,139380000.0,170.603,154.40900000000002,-0.008023216114714904,0.019453282092362658,65.61140647655876,6.320546894822741,180.54546988393972,149.0205301160603
2021-12-15,179.3,175.11,179.5,172.31,131.06M,2.85%,179.3,131060000.0,172.05599999999998,155.1728,0.028509149314518423,0.020436340362511605,68.94369271060674,6.589263793433048,181.83123800517077,150.56476199482924
2021-12-16,172.26,179.28,181.14,170.75,150.19M,-3.93%,172.26,150190000.0,172.906,155.778,-0.0392638036809817,0.02522750627988614,66.18478944060337,6.16311020922825,181.7798391000823,152.4931608999177
2021-12-17,171.14,169.93,173.47,169.69,195.92M,-0.65%,171.14,195920000.0,173.836,156.335,-0.006501799605247882,0.024886275414544905,61.9991193306913,5.669649592438418,181.86664887335698,153.73335112664304
2021-12-20,169.75,168.28,170.58,167.46,107.50M,-0.81%,169.75,107500000.0,174.279,156.872,-0.008122005375715724,0.024581591312590165,55.32934131736526,5.10754056683453,181.92434777074996,154.59565222925008
2021-12-21,172.99,171.55,173.2,169.12,91.19M,1.91%,172.99,91190000.0,174.46,157.4756,0.019086892488954454,0.02264439786100824,59.24426450742239,4.867397705557011,182.23313943439217,155.4838605656078
2021-12-22,175.64,173.04,175.86,172.15,92.14M,1.53%,175.64,92140000.0,174.516,158.1582,0.015318804555176424,0.02196995508123723,62.88503253796096,4.835178680846042,182.78935263961603,156.35064736038396
2021-12-23,176.28,175.85,176.85,175.27,68.36M,0.36%,176.28,68360000.0,174.68800000000002,158.8656,0.0036438168982009245,0.0219521824706334,66.10887996430165,4.805888234923259,183.31808849514948,157.25591150485047
2021-12-27,180.33,177.09,180.42,177.07,74.92M,2.30%,180.33,74920000.0,174.776,159.59699999999998,0.022974812797821764,0.021316980394509508,66.5344789601234,5.051248845839325,183.58663346612923,159.33936653387076
2021-12-28,179.29,180.16,181.33,178.53,79.14M,-0.58%,179.29,79140000.0,175.131,160.286,-0.005767204569400608,0.020145635028789587,59.99507024895241,5.102955890336631,183.79718329979522,161.0338167002048
2021-12-29,179.38,179.33,180.63,178.14,62.35M,0.05%,179.38,62350000.0,175.63600000000002,160.9426,0.0005019800323498025,0.019843742905787942,55.84874863982587,5.092493251235254,184.38929657033952,161.84970342966045
2021-12-30,178.2,179.47,180.57,178.09,59.77M,-0.66%,178.2,59770000.0,175.526,161.5314,-0.006578213847697634,0.01784050173626675,54.863709246392276,4.932130861611853,184.55515670053526,163.02684329946473
2021-12-31,177.57,178.09,179.23,177.26,64.06M,-0.35%,177.57,64060000.0,176.05700000000002,162.0976,-0.0035353535353535026,0.011744429007076599,47.165259348612786,4.700027782999655,184.26325159214952,164.6997484078505
2022-01-03,182.01,177.83,182.88,177.71,104.70M,2.50%,182.01,104700000.0,177.144,162.7482,0.025004223686433402,0.013036636833842319,59.25051637651221,4.8188071056482045,183.8379843139081,167.14201568609192
2022-01-04,179.7,182.63,182.94,179.12,99.31M,-1.27%,179.7,99310000.0,178.13899999999998,163.3684,-0.012691610351079574,0.01366159417578984,57.717734981316426,4.6726791435563655,183.24242366284332,169.17557633715668
2022-01-05,174.92,179.61,180.17,174.64,94.54M,-2.66%,174.92,94540000.0,178.332,163.894,-0.02659988870339458,0.01613778541191807,43.67052023121386,4.123630977888325,183.0553706040509,169.73662939594914
2022-01-06,172.0,172.7,175.3,171.64,96.90M,-1.67%,172.0,96900000.0,177.96800000000002,164.34759999999997,-0.01669334552938484,0.016206801956321886,49.57349081364831,3.41353761757415,183.16667624171873,169.3173237582813
2022-01-07,172.17,172.89,174.14,171.03,86.71M,0.10%,172.17,86710000.0,177.55700000000002,164.81400000000002,0.000988372093023271,0.016126079960252934,51.74398916356249,2.8318572057317226,183.24894260557247,168.99605739442754
2022-01-10,172.19,169.08,172.5,168.17,106.77M,0.01%,172.19,106770000.0,176.743,165.2064,0.00011616425625837756,0.013572784382802761,54.33238636363636,2.345448253938031,182.91184661529036,168.60715338470965
2022-01-11,175.08,172.32,175.18,170.82,76.14M,1.68%,175.08,76140000.0,176.322,165.71200000000002,0.016783785353388758,0.015127872815694748,53.75764113628192,2.1681711748524606,182.88531282424844,168.5676871757516
2022-01-12,175.53,176.12,177.18,174.82,74.81M,0.26%,175.53,74810000.0,175.937,166.2434,0.0025702535983549435,0.015184022439834686,49.78524014057012,2.0404678089039407,182.91608631707504,168.65691368292494
2022-01-13,172.19,175.78,176.62,171.79,84.51M,-1.90%,172.19,84510000.0,175.336,166.6868,-0.019028086367002817,0.01607933085838129,42.776404097492055,1.6507233733727276,182.53192329059678,168.3300767094032
2022-01-14,173.07,171.34,173.78,171.09,80.44M,0.51%,173.07,80440000.0,174.886,167.1184,0.005110633602415815,0.01629676111629074,35.56085918854413,1.396755814214373,182.5051941705055,168.4378058294945
2022-01-18,169.8,171.51,172.54,169.4,91.17M,-1.89%,169.8,91170000.0,173.665,167.4952,-0.01889408909689716,0.013803214083793548,32.66350018268179,0.9210062357944082,182.63470411737734,168.1742958826227
2022-01-19,166.23,170.0,171.08,165.94,94.81M,-2.10%,166.23,94810000.0,172.318,167.79420000000002,-0.02102473498233226,0.014433307864067152,28.687196110210692,0.2529858397583382,183.17422185452438,167.28277814547562
2022-01-20,164.51,166.98,169.68,164.18,91.42M,-1.03%,164.51,91420000.0,171.277,168.07559999999998,-0.01034710942669792,0.012897888945885208,28.193692258681097,-0.41048297012471835,184.05161841317943,165.5573815868206
2022-01-21,162.41,164.41,166.33,162.3,122.85M,-1.28%,162.41,122850000.0,170.31799999999998,168.3076,-0.012765181447936258,0.01259367285989701,26.93244065733414,-1.0931382146755482,184.9069028335692,163.37909716643074
2022-01-24,161.62,160.02,162.3,154.7,162.71M,-0.49%,161.62,162710000.0,169.26299999999998,168.5816,-0.004864232497998833,0.012385211734948654,15.097569325573431,-1.6785445947119513,185.47871204919187,161.34128795080812
2022-01-25,159.78,158.98,162.76,157.02,115.80M,-1.14%,159.78,115800000.0,168.022,168.8198,-0.011384729612671673,0.012263376494328484,15.34446764091858,-2.264848230413264,185.43003233374012,159.33496766625987
2022-01-26,159.69,163.5,164.39,157.82,108.28M,-0.06%,159.69,108280000.0,166.483,169.01379999999997,-0.0005632745024408692,0.0093443382438808,18.336798336798324,-2.705572181684488,185.18890806622287,157.61609193377708
2022-01-27,159.22,162.45,163.84,158.28,121.95M,-0.29%,159.22,121950000.0,164.852,169.19819999999999,-0.0029432024547560998,0.00871978155641299,20.416666666666657,-3.0575288707809705,184.66453112894456,156.12446887105543
2022-01-28,170.33,165.71,170.35,162.8,179.94M,6.98%,170.33,179940000.0,164.666,169.5848,0.0697776661223466,0.026077010272938506,47.17271051014141,-2.4121669733974898,183.79071378657963,156.21128621342038
2022-01-31,174.78,170.16,175.0,169.51,115.54M,2.61%,174.78,115540000.0,164.837,170.0106,0.026125755885633595,0.027417682346473515,53.502840140654584,-1.524066717915872,183.38264799704115,156.34035200295887
2022-02-01,174.61,174.01,174.84,172.31,86.21M,-0.10%,174.61,86210000.0,165.318,170.3454,-0.000972651333104424,0.026521250966131945,49.31386861313869,-0.8244546463229483,181.97834406632987,157.00465593367014
2022-02-02,175.84,174.74,175.88,173.33,84.91M,0.70%,175.84,84910000.0,166.279,170.6512,0.007044270087623872,0.025132854235957982,50.4424778761062,-0.16881037773796947,181.22786275705744,157.3691372429426
2022-02-03,172.9,174.48,176.24,172.12,89.42M,-1.67%,172.9,89420000.0,167.118,170.88879999999997,-0.01671974522292996,0.025666024428102945,51.02512272596016,0.1122648797316117,180.95949566847642,157.43550433152356
2022-02-04,172.39,171.68,174.1,170.68,82.47M,-0.29%,172.39,82470000.0,168.11599999999999,171.1084,-0.0029496818970504712,0.02508052856178169,49.00758902510215,0.290517404760692,180.99983336491096,157.43416663508907
2022-02-07,171.66,172.86,173.95,170.95,77.25M,-0.42%,171.66,77250000.0,169.12,171.30280000000002,-0.004234584372643346,0.025050284091871152,52.93190416141234,0.3686295835753697,180.9496063190686,157.43339368093137
2022-02-08,174.83,171.73,175.35,171.43,74.83M,1.85%,174.83,74830000.0,170.625,171.6632,0.01846673657229414,0.024478439078567903,63.729246487867215,0.678505170013409,181.2809267166563,157.3660732833437
2022-02-09,176.28,176.05,176.65,174.9,71.29M,0.83%,176.28,71290000.0,172.284,171.98399999999998,0.008293771091917757,0.024240860772971252,68.95330112721419,1.0292224508977483,181.4738515686115,157.2931484313885
2022-02-10,172.12,174.14,175.48,171.55,90.87M,-2.36%,172.12,90870000.0,173.574,172.12040000000002,-0.02359882005899705,0.02627855840757881,64.6632437330112,0.9604200646857635,181.03150841065096,157.3944915893491
2022-02-11,168.64,172.33,173.08,168.04,98.67M,-2.02%,168.64,98670000.0,173.405,172.1978,-0.020218452242621532,0.01635414496543396,59.804469273742995,0.617963265634387,180.7721012743758,157.2988987256242
2022-02-14,168.88,167.37,169.58,166.56,86.19M,0.14%,168.88,86190000.0,172.815,172.30020000000002,0.0014231499051233776,0.01342582547835439,63.30409356725145,0.36175963941880696,180.40793947943342,157.24406052056656
2022-02-15,172.79,170.97,172.95,170.25,64.29M,2.32%,172.79,64290000.00000001,172.63299999999998,172.51919999999998,0.023152534343912734,0.015848733473164314,67.22777485533928,0.4688165175756467,180.68684308446734,157.26415691553268
2022-02-16,172.55,171.85,173.34,170.05,61.18M,-0.14%,172.55,61180000.0,172.304,172.6638,-0.0013889692690548516,0.015599437451019967,67.63694098967983,0.5282050515438073,181.03194789784874,157.5510521021513
2022-02-17,168.88,171.03,171.91,168.47,69.59M,-2.13%,168.88,69590000.0,171.902,172.6178,-0.02126919733410615,0.01614059311369311,47.6112026359143,0.2759515661736316,181.03647113569892,157.98352886430106
2022-02-18,167.3,169.82,170.54,166.19,82.77M,-0.94%,167.3,82770000.0,171.393,172.46220000000002,-0.009355755566082369,0.01629857956111091,36.390101892285315,-0.05086756414399929,180.84609278581357,158.66290721418645
2022-02-22,164.32,164.98,166.69,162.15,91.16M,-1.78%,164.32,91160000.0,170.659,172.25740000000002,-0.01781231320980281,0.016976088013692707,33.01419610432484,-0.5440635487045995,180.62420020173124,159.1547997982688
2022-02-23,160.07,165.54,166.15,159.75,90.01M,-2.59%,160.07,90010000.0,169.183,171.8698,-0.025864167478091504,0.01615891794151878,26.328429900930658,-1.263301843745495,180.58183616952203,159.22616383047796
2022-02-24,162.74,152.58,162.85,152.0,141.15M,1.67%,162.74,141150000.0,167.829,171.6098,0.01668020241144519,0.0173131999992626,34.62469733656178,-1.599419575259077,180.19354882830126,159.91945117169874
2022-02-25,164.85,163.84,165.12,160.87,91.97M,1.30%,164.85,91970000.0,167.102,171.4202,0.012965466388103586,0.017472106392143798,39.11662817551965,-1.6762135862710466,179.4709584761079,161.20504152389213
2022-02-28,165.12,163.06,165.42,162.43,95.06M,0.16%,165.12,95060000.0,166.75,171.1366,0.0016378525932667642,0.016585885600792355,40.43300175541255,-1.6957392235451323,179.50391501314232,160.65108498685765
2022-03-01,163.2,164.7,166.6,161.97,83.47M,-1.16%,163.2,83470000.0,166.182,170.9554,-0.011627906976744318,0.016800167493605158,32.34133009413907,-1.8448748171525153,179.12908565197338,159.86791434802663
2022-03-02,166.56,164.39,167.36,162.95,79.72M,2.06%,166.56,79720000.0,165.559,170.8638,0.020588235294117796,0.01636569816126135,36.050516647531595,-1.6726605407234842,178.49724381468502,159.694756185315
2022-03-03,166.23,168.47,168.91,165.55,76.68M,-0.20%,166.23,76680000.0,164.927,170.7934,-0.001981268011527426,0.016358099599287614,40.50306352789423,-1.5449979533136116,177.53544683722623,159.69555316277376
2022-03-04,163.17,164.49,165.55,162.1,83.82M,-1.84%,163.17,83820000.0,164.356,170.59699999999998,-0.01840822956145105,0.016036672029224014,41.05916966328867,-1.671473157441909,177.12606127460197,159.13193872539802
2022-03-07,159.3,163.36,165.02,159.04,96.42M,-2.37%,159.3,96420000.0,163.55599999999998,170.27020000000002,-0.023717595146166448,0.017235758925980053,36.002337814143814,-2.0602332386541775,177.05217684170879,157.89682315829117
2022-03-08,157.44,158.82,162.88,155.8,131.15M,-1.17%,157.44,131150000.0,162.868,169.89339999999996,-0.01167608286252364,0.01682350369004758,26.142368666459475,-2.489714974776007,177.11306246214733,156.41393753785266
2022-03-09,162.95,161.48,163.41,159.41,91.45M,3.50%,162.95,91450000.0,163.156,169.54579999999999,0.03499745934959342,0.018964008365505505,37.17948717948716,-2.3582865347030975,175.91582448939732,156.42317551060268
2022-03-10,158.52,160.2,160.39,155.98,105.34M,-2.72%,158.52,105340000.0,162.734,169.1304,-0.027186253451979003,0.020209598983128484,36.439790575916255,-2.581830787811697,174.36275026170864,156.20024973829135
2022-03-11,154.73,158.93,159.28,154.5,96.97M,-2.39%,154.73,96970000.0,161.722,168.63739999999999,-0.023908655059298622,0.02044883673835985,34.44691907943577,-3.029885905913204,174.04939121721625,154.7746087827837
2022-03-14,150.62,151.45,154.12,150.1,108.73M,-2.66%,150.62,108730000.0,160.272,168.0858,-0.026562399017643568,0.02118991193377285,33.50987000481466,-3.6742608741589606,174.72456302829153,152.29743697170852
2022-03-15,155.09,150.9,155.57,150.38,92.96M,2.97%,155.09,92960000.0,159.461,167.63620000000003,0.0296773336874252,0.024393204398555562,44.0373563218391,-3.7806599418824476,174.33682484629855,151.30617515370142
2022-03-16,159.59,157.05,160.0,154.46,102.30M,2.90%,159.59,102300000.0,158.764,167.18779999999998,0.02901541040686051,0.025489371723141654,46.386785960082584,-3.4619622320716985,172.7467176468682,151.57628235313177
2022-03-17,160.62,158.61,161.0,157.63,75.62M,0.65%,160.62,75620000.0,158.203,166.8062,0.006454038473588497,0.02570137814305613,45.02470007057164,-3.0906524909713085,170.96333691894986,152.16666308105013
2022-03-18,163.98,160.51,164.48,159.76,123.51M,2.09%,163.98,123510000.0,158.284,166.5874,0.020918939110945,0.026109661623599397,48.749999999999986,-2.496485001608079,170.15395363594897,152.48604636405102
2022-03-21,165.38,163.51,166.35,163.01,95.81M,0.85%,165.38,95810000.0,158.892,166.455,0.00853762653982204,0.024698334755730363,52.41792369121562,-1.890838279154167,169.8229335936126,152.6250664063874
2022-03-22,168.82,165.51,169.42,164.91,81.53M,2.08%,168.82,81530000.0,160.03,166.388,0.020800580481315833,0.024538811114531805,52.50221434898139,-1.1203647697768702,170.60638850385396,152.291611496146
2022-03-23,170.21,167.99,172.64,167.65,98.06M,0.82%,170.21,98060000.0,160.756,166.3484,0.008233621608814135,0.02255881565688653,54.305495456512354,-0.3930665528028783,171.8824333977512,152.02956660224876
2022-03-24,174.07,171.06,174.14,170.21,90.13M,2.27%,174.07,90130000.0,162.31099999999998,166.3282,0.022677868515363242,0.02013316463904899,61.59081242024672,0.48915360639674077,173.8339080746638,151.21109192533615
2022-03-25,174.72,173.88,175.28,172.75,80.55M,0.37%,174.72,80550000.0,164.31,166.312,0.0037341299477222645,0.016613667115115263,67.6027397260274,1.2266291886027432,175.55011076349535,150.48188923650463
2022-03-28,175.6,172.17,175.73,172.0,90.37M,0.50%,175.6,90370000.0,166.808,166.3802,0.005036630036630019,0.01013063201582368,71.2050443717889,1.8606441981532669,177.26421908429316,149.81578091570688
2022-03-29,178.96,176.69,179.01,176.34,100.59M,1.91%,178.96,100590000.0,169.195,166.498,0.01913439635535319,0.008974938901309426,69.68281288418984,2.6042098700444,179.68291911579556,148.97308088420445
2022-03-30,177.77,178.55,179.61,176.7,92.63M,-0.66%,177.77,92630000.0,171.01299999999998,166.65739999999997,-0.006649530621367861,0.00960956933795368,75.71466737910767,3.062169187109589,181.3639787806796,148.4130212193204
2022-03-31,174.61,177.84,178.03,174.4,103.05M,-1.78%,174.61,103050000.0,172.412,166.825,-0.01777577769027394,0.013225942131151637,77.01086956521743,3.1339929348146995,182.3433345229909,148.27166547700907
2022-04-01,174.31,174.03,174.88,171.94,78.75M,-0.17%,174.31,78750000.0,173.445,167.021,-0.001718114655518077,0.01278747064481229,85.90481964231584,3.1306184586883035,183.32913792624197,148.39986207375807
2022-04-04,178.44,174.57,178.49,174.44,76.55M,2.37%,178.44,76550000.0,174.751,167.3416,0.023693419769376334,0.013941247482283998,85.75803981623275,3.421756764188302,184.8597520742651,148.78324792573488
2022-04-05,175.06,177.5,178.3,174.41,73.40M,-1.89%,175.06,73400000.0,175.375,167.61039999999997,-0.0189419412687738,0.015386775104543114,74.53219156359023,3.341232567481029,185.53142490190837,149.87357509809166
2022-04-06,171.83,172.36,173.63,170.13,89.06M,-1.85%,171.83,89060000.0,175.53699999999998,167.85139999999998,-0.01845081686278982,0.016772799597582044,66.61725466943375,2.982403267297485,185.9192908835238,150.37370911647622
2022-04-07,172.14,171.16,173.36,169.85,77.59M,0.18%,172.14,77590000.0,175.344,168.1004,0.0018041087120990174,0.01498954041356951,63.29856584093873,2.692011043309833,186.0834419209425,151.57155807905752
2022-04-08,170.09,171.78,171.78,169.2,76.58M,-1.19%,170.09,76580000.0,174.881,168.31780000000003,-0.011908911351225626,0.015252981949378696,57.51675710181936,2.2702848160453186,185.52596531847553,153.6650346815245
2022-04-11,165.75,168.71,169.03,165.5,72.25M,-2.55%,165.75,72250000.0,173.89600000000002,168.22620000000003,-0.02551590334528786,0.01656207639952163,45.237356500155144,1.567789511880278,183.71909329502446,156.98490670497554
2022-04-12,167.66,168.02,169.87,166.64,79.27M,1.15%,167.66,79270000.0,172.76600000000002,168.0838,0.011523378582201982,0.01543390002862058,46.106870229007605,1.15189957828224,182.36048330402966,159.60051669597036
2022-04-13,170.4,167.39,171.04,166.77,70.62M,1.63%,170.4,70620000.0,172.02900000000002,167.9996,0.016342598115233198,0.01702244152235416,44.19854568447678,1.0315083245711492,181.57239194340733,161.4696080565927
2022-04-14,165.29,170.62,171.27,165.04,75.33M,-3.00%,165.29,75330000.0,171.097,167.78859999999997,-0.029988262910798147,0.018488012715675625,36.935439179828194,0.517794284489014,180.9173298892286,162.59167011077142
2022-04-18,165.07,163.92,166.6,163.57,69.02M,-0.13%,165.07,69020000.0,170.173,167.632,-0.0013309940105269424,0.01849678671670657,35.13971210838271,0.09186112733647178,180.7882530459472,162.82974695405287
2022-04-19,167.4,165.02,167.82,163.91,67.72M,1.41%,167.4,67720000.0,169.06900000000002,167.53220000000002,0.014115223844429758,0.01701885438504216,33.197674418604635,-0.057025091256946325,180.62636573228434,163.19363426771565
2022-04-20,167.23,168.76,168.88,166.1,67.93M,-0.10%,167.23,67930000.0,168.286,167.4436,-0.0010155316606930143,0.016466865618944938,34.212103055721954,-0.18658523298961427,180.69330572184404,162.96769427815596
2022-04-21,166.42,168.91,171.53,165.91,87.23M,-0.48%,166.42,87230000.0,167.745,167.27540000000002,-0.004843628535549871,0.01572624019819162,36.803093780212656,-0.3505815237147658,180.8065944763696,162.47540552363043
2022-04-22,161.79,166.46,167.87,161.5,84.88M,-2.78%,161.79,84880000.0,166.70999999999998,166.9856,-0.027821175339502457,0.01740444061633785,32.29638009049772,-0.8444181443830132,181.10710881311326,160.94689118688672
2022-04-25,162.88,161.12,163.17,158.46,96.05M,0.67%,162.88,96050000.0,165.989,166.80079999999998,0.006737128376290258,0.01770259087846259,25.92821782178217,-1.1347526119221527,180.98180695007255,159.88819304992745
2022-04-26,156.8,162.25,162.34,156.72,95.62M,-3.73%,156.8,95620000.0,165.094,166.56399999999996,-0.037328094302553905,0.019579084095487236,23.929183323814954,-1.8343052276645437,181.37094561331932,157.61905438668063
2022-04-27,156.57,155.91,159.79,155.38,88.06M,-0.15%,156.57,88060000.0,163.98499999999999,166.31780000000003,-0.0014668367346939437,0.018747664069456684,26.171143035602725,-2.3798315764351514,180.70718529055355,156.04381470944642
2022-04-28,163.64,159.25,164.51,158.93,130.22M,4.52%,163.64,130220000.0,163.309,166.13479999999998,0.04515552149198432,0.02412002857222284,39.040742650850966,-2.216129068190668,179.33559811508647,156.0024018849135
2022-04-29,157.65,161.84,166.2,157.25,131.75M,-3.66%,157.65,131750000.0,162.545,165.8368,-0.036604742116841726,0.02499380488071956,35.44007490636706,-2.540451843005485,178.82399067995763,154.81800932004236
2022-05-02,157.96,156.71,158.23,153.27,123.06M,0.20%,157.96,123060000.0,161.834,165.6184,0.001966381224230984,0.02506104356041316,39.932799172912915,-2.740870520219346,178.08573624299615,153.9212637570038
2022-05-03,159.48,158.15,160.71,156.32,88.97M,0.96%,159.48,88970000.0,161.04199999999997,165.46200000000002,0.009622689288427244,0.02473618054924768,39.321148825065265,-2.7454051474356618,175.94559685327337,154.16540314672662
2022-05-04,166.02,159.67,166.48,159.26,108.26M,4.10%,166.02,108260000.0,160.921,165.496,0.04100827689992492,0.02866317386154604,44.798099762470315,-2.195961847990503,174.44515855726996,154.76184144273003
2022-05-05,156.77,163.85,164.08,154.95,130.53M,-5.57%,156.77,130530000.0,159.956,165.43,-0.05571617877364177,0.03363176316984737,40.78719723183393,-2.4783528601290072,173.6686131749323,154.03238682506768
2022-05-06,157.28,156.01,159.44,154.18,116.12M,0.33%,157.28,116120000.0,159.50500000000002,165.3208,0.00325317343879572,0.0327587892703184,41.62905652267355,-2.6306722814896375,172.5252053300791,153.68979466992093
2022-05-09,152.06,154.93,155.83,151.49,131.58M,-3.32%,152.06,131580000.00000001,158.423,165.065,-0.033189216683621514,0.033941667649506166,34.479967624443546,-3.136441944589933,172.24099644664608,152.1710035533539
2022-05-10,154.51,155.52,156.74,152.93,115.37M,1.61%,154.51,115370000.0,158.19400000000002,164.8528,0.016112061028541236,0.03270321093787684,37.69825918762088,-3.3015157040606766,172.0936998697766,151.19430013022335
2022-05-11,146.5,153.5,155.45,145.81,142.69M,-5.18%,146.5,142690000.0,157.187,164.5188,-0.05184130476991777,0.036450550281334246,33.08998302207131,-4.032197245480063,172.63365345136546,148.5383465486345
2022-05-12,142.56,142.77,146.2,138.8,182.60M,-2.69%,142.56,182600000.0,155.079,164.0388,-0.02689419795221837,0.03206761097459929,33.48221954990551,-4.873019567156462,172.7998198074047,145.58818019259533
2022-05-13,147.11,144.59,148.1,143.11,113.99M,3.19%,147.11,113990000.0,154.025,163.6564,0.03191638608305292,0.03379193854823844,37.214204637587166,-5.1132875449125095,172.58736123310032,143.98263876689967
2022-05-16,145.54,145.55,147.52,144.18,86.64M,-1.07%,145.54,86640000.0,152.78300000000002,163.3038,-0.010672286044456691,0.03368141636770311,40.15045486354092,-5.3685027691383596,172.31008626700194,142.30691373299808
2022-05-17,149.24,148.86,149.77,146.68,78.34M,2.54%,149.24,78340000.0,151.75900000000001,163.1026,0.025422564243507084,0.034928675377875196,43.95513772060037,-5.212121503000333,171.02383459703452,141.77716540296552
2022-05-18,140.82,146.85,147.36,139.9,109.74M,-5.64%,140.82,109740000.0,149.239,162.77020000000002,-0.05641919056553213,0.03391412592684465,31.590835753468866,-5.70188408362722,170.34156920951526,139.8184307904847
2022-05-19,137.35,139.88,141.66,136.6,136.10M,-2.46%,137.35,136100000.0,147.297,162.2582,-0.024641386166737722,0.031162639925243506,32.9297006390851,-6.297431586014369,169.84768598428684,137.4053140157132
2022-05-20,137.59,139.09,140.7,132.61,137.43M,0.17%,137.59,137430000.0,145.32800000000003,161.8396,0.00174736075718962,0.031080542183621634,32.85064825728237,-6.67311773077904,169.65230883845516,135.18069116154481
2022-05-23,143.11,137.79,143.26,137.65,117.73M,4.01%,143.11,117730000.0,144.433,161.6072,0.040119194708917894,0.03423455435598843,37.08786874901407,-6.451069921340803,168.40278451921154,134.45321548078846
2022-05-24,140.36,140.8,141.97,137.33,104.13M,-1.92%,140.36,104130000.0,143.018,161.40200000000002,-0.01921598770176791,0.03357117969826062,28.473154362416125,-6.42295759290522,168.07060649427805,133.141393505722
2022-05-25,140.52,138.43,141.79,138.34,92.48M,0.11%,140.52,92480000.0,142.42000000000002,161.1106,0.0011399259048161525,0.030064801428797572,33.91407642051081,-6.314972633670465,167.5863258662523,132.02067413374772
2022-05-26,143.78,137.39,144.34,137.14,90.60M,2.32%,143.78,90600000.0,142.542,160.7944,0.023199544548818674,0.029953097476607106,37.326323695080745,-5.89834655297463,165.52607795338724,132.09492204661274
2022-05-27,149.64,145.39,149.68,145.26,90.98M,4.08%,149.64,90980000.0,142.795,160.57479999999998,0.04075671164278738,0.03106813367996039,47.75510204081631,-5.037248095985319,164.6096972031474,132.21030279685266
2022-05-31,148.84,149.07,150.66,146.84,103.72M,-0.53%,148.84,103720000.0,143.125,160.272,-0.00534616412723854,0.030869029367001775,44.57416267942585,-4.3690114348571,163.52297779154625,132.38502220845376
2022-06-01,148.71,149.9,151.74,147.68,74.29M,-0.09%,148.71,74290000.0,143.072,159.9386,-0.000873421123353868,0.02981820961264773,52.49042145593871,-3.8060452595018432,162.02112469158902,132.809875308411
2022-06-02,151.21,147.83,151.27,146.86,72.35M,1.68%,151.21,72350000.0,144.11100000000002,159.5864,0.01681124335955886,0.022505604556101105,60.07453994875379,-3.122170959613811,158.55682424413004,134.79317575586998
2022-06-03,145.38,146.9,147.97,144.46,88.57M,-3.86%,145.38,88570000.0,144.91400000000002,159.0898,-0.038555651081277786,0.02499686146109819,48.04342908844151,-3.0158629359452505,157.0009427460087,135.21005725399132
2022-06-06,146.14,147.03,148.57,144.9,71.60M,0.52%,146.14,71600000.0,145.769,158.5312,0.005227679185582534,0.02495560333085655,50.69124423963133,-2.83757758479814,155.09398617492914,136.00301382507084
2022-06-07,148.71,144.35,149.0,144.1,67.81M,1.76%,148.71,67810000.0,146.329,158.011,0.0175858765567265,0.02245757201337964,49.373077832978474,-2.460544018118213,154.55575690198384,136.20624309801616
2022-06-08,147.96,148.58,149.87,147.46,53.95M,-0.50%,147.96,53950000.0,147.089,157.4582,-0.005043373007867613,0.021238666423051403,60.31791907514453,-2.1969360212252127,153.27419602636348,136.83280397363654
2022-06-09,142.64,147.08,147.95,142.53,69.47M,-3.60%,142.64,69470000.0,147.301,156.7318,-0.03595566369289016,0.024991015669003858,57.25651577503429,-2.3897566957822676,153.11936311788574,136.60163688211426
2022-06-10,137.13,140.28,140.76,137.06,91.57M,-3.86%,137.13,91570000.0,146.636,155.91899999999998,-0.038628715647784584,0.026693394272999087,49.44870565675934,-2.9531374898564877,153.4977299585102,135.6802700414898
2022-06-13,131.88,132.87,135.2,131.44,122.21M,-3.83%,131.88,122210000.0,144.86,155.0644,-0.038284839203675314,0.0233256968358491,36.453558504221924,-3.7796821292040192,154.2960149502272,133.35898504977283
2022-06-14,132.76,133.13,133.89,131.48,84.78M,0.67%,132.76,84780000.0,143.252,154.2334,0.0066727327873823405,0.02402338691766,40.39919151086404,-4.3139871072773985,154.7228154383583,131.6541845616417
2022-06-15,135.43,134.29,137.34,132.16,91.53M,2.01%,135.43,91530000.0,141.92399999999998,153.3732,0.02011147936125357,0.025862521607516106,43.95343311950581,-4.470448419360224,154.1597225413551,130.83627745864487
2022-06-16,130.06,132.08,132.39,129.04,107.96M,-3.97%,130.06,107960000.0,139.809,152.4732,-0.03965148046961531,0.02576313126897307,34.47963800904978,-4.9704628556717125,154.87330770133835,129.04669229866167
2022-06-17,131.56,130.07,133.08,129.81,134.52M,1.15%,131.56,134520000.0,138.427,151.6678,0.011533138551437894,0.025466880983257657,27.309236947791206,-5.1859104869052715,155.26082856579583,128.08017143420417
2022-06-21,135.87,133.42,137.06,133.32,81.00M,3.28%,135.87,81000000.0,137.4,150.94240000000002,0.03276071754332621,0.028554445103804286,35.040369088812014,-4.951792129758843,155.30469867126266,127.86430132873733
2022-06-22,135.35,134.79,137.76,133.91,73.41M,-0.38%,135.35,73410000.0,136.06400000000002,150.2476,-0.0038271877529992837,0.027289938775146613,34.727937814357574,-4.753416868407555,155.17158501056795,127.221414989432
2022-06-23,138.27,136.82,138.59,135.63,72.43M,2.16%,138.27,72430000.0,135.095,149.698,0.021573697820465476,0.02896853336660787,35.348731884058,-4.31089018936126,155.12456003203272,127.05943996796731
2022-06-24,141.66,139.9,141.91,139.77,89.12M,2.45%,141.66,89120000.0,134.997,149.178,0.024517248860924212,0.02841273138148489,45.54170661553212,-3.6446269486343112,155.1810383783897,127.11696162161029
2022-06-27,141.66,142.7,143.49,140.96,70.21M,0.00%,141.66,70210000.0,135.45,148.6032,0.0,0.025053400699228828,44.53125000000002,-3.081091623863813,155.02328852951152,127.0627114704885
2022-06-28,137.44,142.13,143.42,137.32,67.32M,-2.98%,137.44,67320000.0,136.006,148.0462,-0.029789637159395754,0.02357818510329914,36.77540483454588,-2.9411013651534006,153.88866928062083,126.97733071937915
2022-06-29,139.23,137.46,140.67,136.67,66.24M,1.30%,139.23,66239999.99999999,136.653,147.5294,0.013023864959254894,0.023731543660936796,39.999999999999986,-2.6551135400651447,152.81749432364188,127.08750567635813
2022-06-30,136.72,137.25,138.37,133.77,98.96M,-1.80%,136.72,98960000.0,136.78199999999998,146.9158,-0.018027723910076787,0.02409946026740929,42.75220372184135,-2.6010192208072453,151.6024306634601,127.10356933653992
2022-07-01,138.93,136.04,139.04,135.66,71.05M,1.62%,138.93,71050000.0,137.669,146.3498,0.01616442363955528,0.019633722312122882,52.397442727757074,-2.352700090667213,149.64318731738408,127.83481268261593
2022-07-05,141.56,137.77,141.61,136.93,73.43M,1.89%,141.56,73430000.0,138.669,145.8526,0.018930396602605537,0.019968656447386032,63.86025200458191,-1.9215360987835197,149.09021309033702,128.005786909663
2022-07-06,142.92,141.35,144.12,141.08,74.06M,0.96%,142.92,74060000.0,139.374,145.4752,0.009607233681830918,0.017959714326239058,64.3502824858757,-1.4533416766662697,148.53188950939648,128.24211049060352
2022-07-07,146.35,143.29,146.55,143.28,66.25M,2.40%,146.35,66250000.0,140.474,145.1446,0.023999440246291748,0.01854873389392715,65.09955752212387,-0.7963421530511425,147.95274416497045,128.58525583502956
2022-07-08,147.04,145.26,147.55,145.0,64.55M,0.47%,147.04,64550000.0,141.351,144.9494,0.004714724974376416,0.017933895488167487,76.9695044472681,-0.2174810772495448,147.71985177751966,128.72614822248036
2022-07-11,144.87,145.67,146.64,143.78,63.31M,-1.48%,144.87,63310000.0,141.67199999999997,144.71540000000002,-0.014757889009793135,0.017804599398076496,70.69984447900468,0.06541556136710369,148.09831606803886,128.57068393196113
2022-07-12,145.86,145.76,148.45,145.05,77.59M,0.68%,145.86,77590000.0,142.092,144.3598,0.006833712984054774,0.017833945229814335,67.3257023933403,0.365287109441482,149.07377612051442,128.4682238794856
2022-07-13,145.49,142.99,146.45,142.12,71.19M,-0.25%,145.49,71190000.0,142.897,144.1166,-0.002536679007267284,0.013903880610349107,67.67782426778246,0.5665507199334741,149.6350435358885,129.26795646411145
2022-07-14,148.47,144.08,148.95,143.25,78.14M,2.05%,148.47,78140000.0,143.821,143.92680000000001,0.020482507388823956,0.014521103680730351,67.74530271398748,0.9555002641088777,150.66786129561652,129.80613870438353
2022-07-15,150.17,149.78,150.86,148.2,76.26M,1.15%,150.17,76260000.0,145.166,143.7406,0.011450124604297063,0.011696837907630726,65.7301293900185,1.3849564566781112,152.0384759192829,129.9095240807171
2022-07-18,147.07,150.74,151.57,146.7,81.42M,-2.06%,147.07,81420000.0,145.98000000000002,143.3616,-0.020643270959579074,0.01475443901500472,58.97180762852405,1.4583485567630703,151.93011381244537,131.71888618755463
2022-07-19,151.0,147.92,151.23,146.91,82.98M,2.67%,151.0,82980000.0,146.924,143.2462,0.02672196913034619,0.015699846842601586,72.7059611520429,1.812734406610133,152.47578286817142,133.11721713182854
2022-07-20,153.04,151.12,153.72,150.37,64.82M,1.35%,153.04,64819999.99999999,147.936,143.1614,0.013509933774834337,0.015831218626949854,72.93258053802728,2.232464238751163,153.78294882334984,133.52705117665016
2022-07-21,155.35,154.5,155.57,151.94,65.09M,1.51%,155.35,65090000.0,148.83599999999998,143.2272,0.015094093047569368,0.014995735328925357,81.14343029087264,2.7201447142035136,155.26812891013446,134.0418710898656
2022-07-22,154.09,155.39,156.28,153.41,66.68M,-0.81%,154.09,66680000.00000001,149.541,143.21880000000002,-0.00811071773414862,0.015659890632310262,76.17403314917131,2.9707189361197095,156.40785040084472,134.48414959915522
2022-07-25,152.95,154.01,155.04,152.28,53.62M,-0.74%,152.95,53620000.0,150.349,143.3478,-0.007398273736128336,0.014786989741233797,70.73170731707317,3.0422432531637753,157.3090634391921,134.7119365608079
2022-07-26,151.6,152.26,153.09,150.8,55.14M,-0.88%,151.6,55140000.0,150.923,143.52859999999998,-0.008826413860738791,0.015449208661565428,65.80480699198837,2.9559190770226564,157.8745694737486,135.14043052625138
2022-07-27,156.79,152.58,157.33,152.16,78.62M,3.42%,156.79,78620000.0,152.053,143.7222,0.03423482849604231,0.017907766130622865,67.86447638603698,3.2686175820172423,158.8863323176189,136.0636676823811
2022-07-28,157.35,156.98,157.64,154.41,81.38M,0.36%,157.35,81380000.0,152.94099999999997,143.9584,0.0035716563556349445,0.017351287918319656,67.72086627707118,3.52103244966807,159.91271170021253,136.84928829978747
2022-07-29,162.51,161.24,163.63,159.5,101.79M,3.28%,162.51,101790000.0,154.175,144.2238,0.032793136320305116,0.019304320994934964,77.4937655860349,4.090291591563556,161.4763887625482,137.8646112374518
2022-08-01,161.51,161.01,163.59,160.89,67.83M,-0.62%,161.51,67830000.0,155.61899999999997,144.6376,-0.006153467478924424,0.017352730538521387,74.38454347148642,4.409907254398291,162.5993474120366,138.9996525879634
2022-08-02,160.01,160.1,162.41,159.63,59.91M,-0.93%,160.01,59910000.0,156.51999999999998,145.0908,-0.009287350628444102,0.017126658555142928,71.85430463576158,4.490404913264285,163.36418934013523,140.0798106598648
2022-08-03,166.13,160.84,166.59,160.75,82.51M,3.82%,166.13,82510000.0,157.829,145.6616,0.03824760952440465,0.019902676232948616,74.28492849284929,4.990505302253155,165.42294215622653,140.34205784377346
2022-08-04,165.81,166.01,167.19,164.43,55.47M,-0.19%,165.81,55470000.0,158.875,146.1156,-0.0019262023716366539,0.01999572518307045,72.35563178959409,5.29992292550935,167.2523566226709,140.45864337732905
2022-08-05,165.35,163.21,165.85,163.0,56.70M,-0.28%,165.35,56700000.0,160.00099999999998,146.6154,-0.0027742596948314713,0.019623860589303717,78.2622139764997,5.445251001558944,168.69878049344783,140.8432195065522
2022-08-08,164.87,166.37,167.81,164.2,60.36M,-0.29%,164.87,60360000.0,161.193,147.1024,-0.002902933172059252,0.019299882859837234,74.00484596746281,5.458767289044431,169.57702141706307,141.96497858293696
2022-08-09,164.92,164.02,165.82,163.25,63.14M,0.03%,164.92,63140000.0,162.52499999999998,147.52519999999998,0.0003032692424334016,0.01863588588844081,72.0817843866171,5.411137402726297,170.27850346602594,143.16949653397404
2022-08-10,169.24,167.68,169.34,166.9,70.17M,2.62%,169.24,70170000.0,163.76999999999998,147.9172,0.026194518554450763,0.017549280117551386,74.02282947077138,5.656770541334879,171.483421905556,144.33957809444397
2022-08-11,168.49,170.06,170.99,168.19,57.15M,-0.44%,168.49,57150000.0,164.884,148.3102,-0.004431576459465902,0.017941968485643445,75.35211267605635,5.724924475671116,172.50552278454055,145.31947721545944
2022-08-12,172.1,169.82,172.17,169.4,68.04M,2.14%,172.1,68040000.0,165.84300000000002,148.778,0.021425603893405976,0.01642241298375465,81.01716877227085,6.001057336183294,174.1592566835557,145.85874331644428
2022-08-15,173.19,171.52,173.39,171.35,54.09M,0.63%,173.19,54090000.0,167.01100000000002,149.2176,0.006333527019174889,0.01587216773272986,85.26625285854298,6.235964194576809,175.25698279336603,147.37301720663396
2022-08-16,173.03,172.78,173.71,171.66,56.38M,-0.09%,173.03,56380000.0,168.31300000000002,149.7706,-0.0009238408684103527,0.015113895492991268,81.74354964816266,6.336179377710437,176.40804372431657,148.4249562756834
2022-08-17,174.55,172.77,176.15,172.57,79.54M,0.88%,174.55,79540000.0,169.155,150.3388,0.008784603825926274,0.010811940246915636,82.40391861341377,6.463741935690223,177.75306012151498,149.23093987848506
2022-08-18,174.15,173.75,174.9,173.12,62.29M,-0.23%,174.15,62290000.0,169.98899999999998,150.84759999999997,-0.0022916069894013402,0.010838564956202258,76.72176308539949,6.458114402076802,178.91010339425466,149.9538966057453
2022-08-19,171.52,173.03,173.74,171.31,70.35M,-1.51%,171.52,70350000.0,170.60600000000002,151.31879999999998,-0.01510192362905538,0.012405305808588039,71.3797522426314,6.170308050646611,179.24900336884687,151.35799663115316
2022-08-22,167.57,169.69,169.86,167.13,69.03M,-2.30%,167.57,69030000.0,170.876,151.8174,-0.023029384328358327,0.0149701435683554,64.61716937354987,5.559402128008713,178.7301842646374,153.33881573536257
2022-08-23,167.23,167.08,168.71,166.65,54.15M,-0.20%,167.23,54150000.0,171.10700000000003,152.4194,-0.002029002804798008,0.015012884126609416,52.73904382470117,4.990294614511697,177.5419300173382,156.09006998266176
2022-08-24,167.53,167.32,168.11,166.24,53.84M,0.18%,167.53,53840000.0,170.936,153.1324,0.0017939364946482073,0.012287624273461523,54.287138584247245,4.511474829127906,176.9850541614142,157.7209458385858
2022-08-25,170.03,168.78,170.14,168.35,51.22M,1.49%,170.03,51220000.0,171.09,153.87779999999998,0.014922700411866607,0.013170321881280983,60.58823529411766,4.284348503495266,176.44439066391647,159.52960933608352
2022-08-26,163.62,170.57,171.05,163.56,78.96M,-3.77%,163.62,78960000.0,170.24200000000002,154.4416,-0.037699229547726865,0.0159534128679117,47.770246164823405,3.546237011862871,176.36200118697005,159.72299881302993
2022-08-29,161.38,161.15,162.9,159.82,73.31M,-1.37%,161.38,73310000.0,169.06099999999998,155.06799999999998,-0.01369025791468037,0.015636928241345577,44.14295168762411,2.74884211657411,176.37716589099205,159.69483410900796
2022-08-30,158.91,162.13,162.56,157.72,77.91M,-1.53%,158.91,77910000.0,167.649,155.615,-0.015305490147477951,0.015684801419099618,31.794148748678182,1.8957396531247923,176.55621741323253,159.40578258676746
2022-08-31,157.22,160.3,160.58,157.14,87.99M,-1.06%,157.22,87990000.0,165.916,156.042,-0.010634950600969084,0.014481657716548855,30.774479699761173,1.0709358466830565,177.35161666168375,157.71938333831628
2022-09-01,157.96,156.64,158.42,154.67,74.23M,0.47%,157.96,74230000.0,164.29699999999997,156.4942,0.004706780307848879,0.015069204497690291,23.260211800302656,0.4715489801354238,177.83803987345217,156.44796012654783
2022-09-02,155.81,159.75,160.36,154.96,76.96M,-1.36%,155.81,76960000.0,162.726,156.845,-0.01361104076981523,0.015016077508564622,18.400000000000063,-0.1749398637994375,178.48921427486908,154.8427857251309
2022-09-06,154.53,156.47,157.09,153.69,73.71M,-0.82%,154.53,73710000.0,161.422,157.1024,-0.008215133816828146,0.014239020187874443,17.679944095038508,-0.781562862736422,179.1486435578662,153.1493564421338
2022-09-07,155.96,154.82,156.67,153.61,87.45M,0.93%,155.96,87450000.0,160.29500000000002,157.3884,0.009253866563126989,0.01517864832656721,17.4202593760954,-1.1338565187384972,179.47356754719678,151.9284324528032
2022-09-08,154.46,154.64,156.36,152.68,84.92M,-0.96%,154.46,84920000.0,158.988,157.72879999999998,-0.009617850730956667,0.01488284283827408,16.77354033074593,-1.5166067447374019,179.49986576677003,150.42413423323
2022-09-09,157.37,155.47,157.82,154.75,68.08M,1.88%,157.37,68080000.0,157.722,158.0916,0.01883982908196291,0.015587734629550353,26.34570377800071,-1.5670622580443876,179.22362307808515,149.58837692191486
2022-09-12,163.43,159.59,164.26,159.3,104.96M,3.85%,163.43,104960000.0,157.703,158.6258,0.038507974836372805,0.017718856628862616,43.53529044347285,-1.1053158680935269,178.3429065429798,149.6020934570202
2022-09-13,153.84,159.9,160.54,153.37,122.66M,-5.87%,153.84,122660000.0,156.949,158.924,-0.058679556996879434,0.025562966936904557,33.77756239399082,-1.4959668062449225,177.3679633359367,148.64203666406328
2022-09-14,155.31,154.79,157.1,153.61,87.97M,0.96%,155.31,87970000.0,156.589,159.19899999999998,0.00955538221528851,0.025601564675883023,35.60320452403394,-1.6677193440416147,176.05805818762093,148.17994181237907
2022-09-15,152.37,154.65,155.24,151.38,90.48M,-1.89%,152.37,90480000.0,156.104,159.388,-0.018929882171141554,0.026043369097547307,29.407649253731364,-2.017807864035717,174.29891900874702,147.72108099125296
2022-09-16,150.7,151.21,151.35,148.37,162.28M,-1.10%,150.7,162280000.0,155.37800000000001,159.475,-0.010960162761698644,0.02601155869486771,33.06240167802832,-2.402318153329844,172.36090440514164,147.31409559485837
2022-09-19,154.48,149.31,154.56,149.1,81.47M,2.51%,154.48,81470000.0,155.24499999999998,159.62380000000002,0.02508294625082952,0.02733125828616162,41.305443548387096,-2.3746573468984025,170.434915475771,147.536084524229
2022-09-20,156.9,153.4,158.08,153.08,107.69M,1.57%,156.9,107690000.0,155.482,159.8644,0.015665458311755698,0.027625523901352395,47.4640423921272,-2.132875719672654,169.1894065279913,147.71459347200874
2022-09-21,153.72,157.34,158.74,153.6,101.70M,-2.03%,153.72,101700000.0,155.25799999999998,160.0216,-0.020267686424474185,0.02831771316074233,45.74416342412452,-2.172814607519456,167.86921811492567,147.68378188507432
2022-09-22,152.74,152.38,154.47,150.91,86.65M,-0.64%,152.74,86650000.0,155.08599999999998,160.1666,-0.006375227686703067,0.028227510792435337,43.68955512572535,-2.2575209771142966,166.24966199600368,147.82433800399627
2022-09-23,150.43,151.19,151.47,148.56,96.03M,-1.51%,150.43,96030000.0,154.392,160.2058,-0.015123739688359339,0.027644987550917013,43.52119460500965,-2.4824331358896075,163.43796869979448,148.67603130020555
2022-09-26,150.77,149.66,153.77,149.64,93.34M,0.23%,150.77,93340000.0,153.126,160.21779999999998,0.002260187462607144,0.023494746306200343,45.36717594874324,-2.6032340222703283,162.23970244542448,148.58929755457552
2022-09-27,151.76,152.74,154.72,149.95,84.44M,0.66%,151.76,84440000.0,152.918,160.3116,0.006566293029117043,0.015481226476701816,44.76831091180865,-2.5892377478134563,161.33106623132463,148.53593376867533
2022-09-28,149.84,147.64,150.64,144.84,146.69M,-1.27%,149.84,146690000.0,152.371,160.2884,-0.01265155508697935,0.015350795613790472,44.30473372781064,-2.701927415998938,160.97582862101964,147.98417137898034
2022-09-29,142.48,146.1,146.72,140.68,128.14M,-4.91%,142.48,128139999.99999999,151.382,160.0772,-0.04911906033101987,0.020747987755794402,33.459231281937335,-3.346548353568778,162.02816772373973,145.45783227626026
2022-09-30,138.2,141.28,143.1,138.0,124.93M,-3.00%,138.2,124930000.0,150.132,159.7342,-0.030039303761931535,0.022041402754473898,20.818875780707828,-4.154880445926096,163.321460344434,142.188539655566
2022-10-03,142.45,138.21,143.07,137.68,114.31M,3.08%,142.45,114310000.0,148.92900000000003,159.5014,0.030752532561505008,0.023048286337557098,34.969648983900754,-4.401808661352163,163.49589237670014,140.6781076232999
2022-10-04,146.1,145.03,146.22,144.26,87.83M,2.56%,146.1,87830000.0,147.849,159.3644,0.025623025623025653,0.024354393867908806,38.50761167956076,-4.25393978555951,163.31472491209604,140.01627508790398
2022-10-05,146.4,144.07,147.38,143.01,79.47M,0.21%,146.4,79470000.0,147.11700000000002,159.2604,0.002053388090349051,0.024007131750511872,42.02511354528454,-4.0656785320403515,162.87923504750339,139.49576495249661
2022-10-06,145.43,145.81,147.54,145.22,68.40M,-0.66%,145.43,68400000.0,146.386,159.03320000000002,-0.006625683060109244,0.024009313891466356,42.826027770215106,-3.9492267974365802,162.59190397006205,138.88009602993793
2022-10-07,140.09,142.54,143.1,139.45,85.93M,-3.67%,140.09,85930000.0,145.352,158.688,-0.03671869627999724,0.025950677819416113,31.20919300078353,-4.238967155824639,162.20141813626702,137.542581863733
2022-10-10,140.42,140.42,141.89,138.57,74.90M,0.24%,140.42,74900000.0,144.31699999999998,158.2462,0.0023556285245198705,0.02595439335353149,27.237569060773453,-4.391339605777404,159.97098705263173,137.4720129473683
2022-10-11,138.98,139.9,141.35,138.22,77.03M,-1.03%,138.98,77030000.0,143.039,157.7956,-0.010254949437402017,0.025534985985705267,28.612884503772477,-4.575547769064883,159.75513927576696,136.20186072423303
2022-10-12,138.34,139.13,140.36,138.16,70.43M,-0.46%,138.34,70430000.0,141.889,157.3622,-0.004604979133688181,0.025515086177647098,28.89800703399763,-4.718781540654049,159.1258290997092,135.1341709002908
2022-10-13,142.99,134.99,143.59,134.37,113.22M,3.36%,142.99,113220000.0,141.94,156.8994,0.03361283793552117,0.023941945898246914,39.7970378496983,-4.4062862729173276,158.52698304752562,134.79501695247438
2022-10-14,138.38,144.31,144.52,138.19,88.60M,-3.22%,138.38,88600000.0,141.958,156.3508,-0.03224001678439059,0.02426298989671666,34.790081021360166,-4.478988997363842,158.30086604983643,133.7891339501636
2022-10-17,142.41,141.07,142.9,140.27,85.25M,2.91%,142.41,85250000.0,141.954,155.892,0.029122705593293885,0.024040869754522035,39.319168380169074,-4.163425730222343,157.12378037400208,133.7592196259979
2022-10-18,143.75,145.49,146.7,140.61,99.14M,0.94%,143.75,99140000.0,141.719,155.4696,0.009409451583456185,0.022644388018944184,42.94975688816856,-3.7618485182998427,155.15782617328992,134.41017382671006
2022-10-19,143.86,141.69,144.95,141.5,61.76M,0.08%,143.86,61760000.0,141.46499999999997,155.04840000000002,0.000765217391304418,0.022626286032377384,51.919866444073485,-3.395577500203302,153.7758131241448,134.8061868758552
2022-10-20,143.39,143.02,145.89,142.65,64.52M,-0.33%,143.39,64519999.99999999,141.26100000000002,154.5314,-0.0032670652022801505,0.022566891011839355,58.076563958916886,-3.107409864940138,152.4365018607092,135.2104981392908
2022-10-21,147.27,142.87,147.85,142.65,86.55M,2.71%,147.27,86550000.0,141.97899999999998,154.107,0.027059069670130498,0.020306868866490586,57.588161209068026,-2.5367097533813876,151.87468990810402,135.456310091896
2022-10-24,149.45,147.18,150.23,146.0,75.98M,1.48%,149.45,75980000.0,142.882,153.65400000000002,0.014802743260677431,0.020494048662744502,55.5298778474744,-1.8867685291871226,151.58640632419878,135.61259367580118
2022-10-25,152.34,150.09,152.49,149.36,74.73M,1.93%,152.34,74730000.0,144.21800000000002,153.237,0.019337571094011574,0.01994458676494015,59.032846715328446,-1.1255123731467336,151.74335259456555,135.51364740543445
2022-10-26,149.35,150.96,151.99,148.04,88.44M,-1.96%,149.35,88440000.0,145.319,152.7634,-0.019627149796507926,0.021612601493741238,55.61604584527217,-0.754778776555014,151.64249003888236,135.5655099611176
2022-10-27,144.8,148.07,149.05,144.13,109.18M,-3.05%,144.8,109180000.0,145.5,152.1684,-0.030465349849347012,0.022617038299167534,56.90413368513632,-0.8186794769284234,151.7571532011587,135.6828467988413
2022-10-28,155.74,148.2,157.5,147.82,164.76M,7.56%,155.74,164760000.0,147.23600000000002,151.80020000000002,0.07555248618784538,0.029419287157471052,67.12880143112702,0.013292105137196586,153.83602045388574,135.35797954611428
2022-10-31,153.34,153.15,154.24,151.92,97.94M,-1.54%,153.34,97940000.0,148.329,151.4366,-0.015410299216643164,0.02995037492276881,65.71803852889667,0.473517223791049,155.10309419708113,135.17990580291888
2022-11-01,150.65,155.08,155.45,149.13,80.38M,-1.75%,150.65,80380000.0,149.019,151.0982,-0.017542715534107245,0.030985821370350462,62.895453593128,0.614109356938144,155.62619957677765,135.11180042322235
2022-11-02,145.03,148.95,152.17,145.0,93.60M,-3.73%,145.03,93600000.0,149.13600000000002,150.6542,-0.037305011616329264,0.03379202355507698,52.094455852156045,0.26894240305696826,155.54700179072452,135.05399820927548
2022-11-03,138.88,142.06,142.8,138.75,97.92M,-4.24%,138.88,97920000.0,148.685,150.0812,-0.04240501965110666,0.03653651369197809,50.49761146496816,-0.4951507078534405,155.61321388783605,134.33278611216397
2022-11-04,138.38,142.09,142.67,134.38,140.81M,-0.36%,138.38,140810000.0,147.796,149.44819999999999,-0.0036002304147465525,0.03502629129436449,45.68614857632199,-1.1280424533490248,155.71869252801363,134.05630747198634
2022-11-07,138.92,137.11,139.15,135.67,83.37M,0.39%,138.92,83370000.0,146.743,148.95420000000001,0.0039022980199450163,0.03448391598555187,44.73970812459159,-1.5679657017760746,155.793679833072,133.831320166928
2022-11-08,139.5,140.41,141.43,137.49,89.91M,0.42%,139.5,89910000.0,145.459,148.5166,0.004175064785488125,0.033529220004394136,45.299698145752465,-1.8484985522328543,155.7638549141413,133.91314508585873
2022-11-09,134.87,138.5,138.55,134.59,74.92M,-3.32%,134.87,74920000.0,144.01100000000002,148.0358,-0.03318996415770603,0.03430489402542286,41.5710328452711,-2.4165684658131283,156.1221467009141,133.20785329908594
2022-11-10,146.87,141.24,146.87,139.5,118.85M,8.90%,146.87,118850000.0,144.218,147.8288,0.08897456810261728,0.04528100225879004,49.65905216501875,-1.8768332873838744,156.3281180774127,133.38988192258725
2022-11-11,149.7,145.82,150.01,144.37,93.98M,1.93%,149.7,93980000.0,143.61399999999998,147.6636,0.019268741063525496,0.03809381648579615,50.210757039285106,-1.2068204463081145,156.66280180789985,134.18719819210017
2022-11-14,148.28,148.97,150.28,147.43,73.37M,-0.95%,148.28,73370000.0,143.108,147.513,-0.009485637942551639,0.03793049108190865,46.49031811894882,-0.7814050244247426,156.9313390226259,134.5056609773741
2022-11-15,150.04,152.21,153.59,148.56,89.87M,1.19%,150.04,89870000.0,143.04699999999997,147.4232,0.011869436201780381,0.03779355792216749,50.60943296237414,-0.29879858249989866,157.36557085154192,134.70042914845806
2022-11-16,148.79,149.13,149.87,147.29,64.22M,-0.83%,148.79,64220000.0,143.423,147.2798,-0.008331111703545724,0.03564672170586707,53.74226223972986,-0.01699810996618112,157.62751531453418,134.9314846854658
2022-11-17,150.72,146.43,151.48,146.15,80.39M,1.30%,150.72,80390000.0,144.607,147.205,0.012971301834800775,0.03189271600654708,44.334085778781024,0.35793956065100474,158.0742685523757,135.21773144762432
2022-11-18,151.29,152.3,152.7,149.97,74.83M,0.38%,151.29,74830000.0,145.898,147.0834,0.003781847133757843,0.03166212047112687,47.58653166941369,0.6930851480502156,158.46137059037136,135.23262940962866
2022-11-21,148.01,150.16,150.37,147.71,58.72M,-2.17%,148.01,58720000.0,146.80700000000002,146.775,-0.02168021680216803,0.03315350295100487,46.93450998606593,0.6861127718182445,158.33917243949963,135.21082756050038
2022-11-22,150.18,148.13,150.42,146.93,51.80M,1.47%,150.18,51800000.0,147.875,146.7018,0.01466117154246338,0.03322576348890459,56.50088361524868,0.8459365480260601,158.0512866776031,135.28271332239692
2022-11-23,151.07,149.45,151.83,149.34,58.30M,0.59%,151.07,58300000.0,149.49499999999998,146.61700000000002,0.005926221867092796,0.029998733193974798,67.74381368267834,1.0325114547640624,158.24807372746935,135.25792627253063
2022-11-25,148.11,148.3,148.88,147.12,35.20M,-1.96%,148.11,35200000.0,149.619,146.5318,-0.019593565896604104,0.014716980223242988,63.216517250747124,0.9307965075671802,158.39046908716193,135.44653091283806
2022-11-28,144.22,145.14,146.64,143.38,69.35M,-2.63%,144.22,69350000.0,149.071,146.40220000000002,-0.02626426304773488,0.015441652621408198,56.59860557768926,0.5301845516999322,157.0830417387607,135.6019582612393
2022-11-29,141.17,144.29,144.81,140.35,83.76M,-2.11%,141.17,83760000.0,148.35999999999999,146.136,-0.021148245735681637,0.01634816498414668,51.958714520290854,-0.033032046790935965,156.18026027266043,135.28773972733953
2022-11-30,148.03,141.4,148.72,140.55,111.38M,4.86%,148.03,111380000.0,148.15900000000002,145.95860000000002,0.04859389388680335,0.023195107869359948,64.66785555060187,0.07331428825796138,155.8535663001435,135.3524336998565
2022-12-01,148.31,148.21,149.13,146.61,71.25M,0.19%,148.31,71250000.0,148.11100000000002,145.85039999999998,0.0018915084780111169,0.023066321865612357,52.172601086300546,0.17813475830189418,156.08370714500236,135.45029285499763
2022-12-02,147.81,145.96,148.0,145.65,65.45M,-0.34%,147.81,65450000.0,147.82,145.7518,-0.003371316836356275,0.02261289642697481,46.93281402142164,0.218342992572218,156.0363461413047,136.39065385869532
2022-12-05,146.63,147.77,150.92,145.77,68.83M,-0.80%,146.63,68830000.0,147.35399999999998,145.6758,-0.007983221703538379,0.022600876889212553,47.30127576054955,0.1532258770566557,155.73037812552772,137.5216218744723
2022-12-06,142.91,147.07,147.3,141.92,64.73M,-2.54%,142.91,64730000.00000001,146.844,145.5186,-0.025369978858350906,0.022968728226320706,39.04088533661238,-0.19629010663280155,155.376970110606,138.27402988939394
2022-12-07,140.94,142.19,143.37,140.0,69.72M,-1.38%,140.94,69720000.0,145.92000000000002,145.3022,-0.013784899587152788,0.022252142710936694,38.19548872180452,-0.6250414886500835,155.21018877901722,138.58481122098274
2022-12-08,142.65,142.36,143.52,141.1,62.13M,1.21%,142.65,62130000.0,145.07800000000003,145.1584,0.012132822477650018,0.022707079766689873,37.783832879200745,-0.8174245772545135,153.75232684906294,140.82067315093704
2022-12-09,142.16,142.34,145.57,140.9,76.10M,-0.34%,142.16,76100000.0,144.483,145.152,-0.003434980722047065,0.022160267138058635,36.1456752655539,-0.9979250076169137,153.91173772310384,140.19026227689614
2022-12-12,144.49,142.7,144.5,141.06,70.46M,1.64%,144.49,70460000.0,144.51,145.27779999999998,0.01638998311761397,0.02146587051024408,44.500000000000036,-0.9421014130846856,153.62332318163843,139.9576768183616
2022-12-13,145.47,149.5,149.97,144.24,93.89M,0.68%,145.47,93890000.0,144.94,145.3382,0.006782476295937423,0.02012715309593968,42.35637779941576,-0.8094521420057674,153.46941192093018,139.83058807906983
2022-12-14,143.21,145.35,146.65,141.16,82.29M,-1.55%,143.21,82290000.0,144.458,145.2804,-0.015535849316010153,0.01300902744658129,37.787445618396546,-0.8765850248698257,153.09711050816247,139.51988949183755
2022-12-15,136.5,141.11,141.8,136.02,98.93M,-4.69%,136.5,98930000.0,143.277,145.0824,-0.04685426995321562,0.018745388849233095,33.843584748121344,-1.4544630952063642,153.65973556916424,137.7282644308358
2022-12-16,134.51,136.68,137.65,133.73,160.16M,-1.46%,134.51,160160000.0,141.947,144.864,-0.014578754578754682,0.018766086575567185,35.733176608874544,-2.049387929855186,153.9224153401427,135.8445846598573
2022-12-19,132.37,135.11,135.2,131.32,79.59M,-1.59%,132.37,79590000.0,140.52100000000002,144.70960000000002,-0.015909597799420028,0.01887495185009894,36.71497584541066,-2.6628545332996225,154.04982260269622,133.82517739730378
2022-12-20,132.3,131.39,133.25,129.89,77.43M,-0.05%,132.3,77430000.0,139.46,144.5472,-0.0005288207297725611,0.01825420196331434,20.12913026965441,-3.118728886046142,154.31808134627025,131.98591865372973
2022-12-21,135.45,132.98,136.81,132.75,85.93M,2.38%,135.45,85930000.0,138.911,144.4766,0.023809523809523725,0.020550251458129373,27.979452054794493,-3.1890722805222254,153.57289919703732,131.2581008029627
2022-12-22,132.23,134.35,134.56,130.3,77.85M,-2.38%,132.23,77850000.0,137.86899999999997,144.3544,-0.023772609819121437,0.020599090862210102,25.59523809523806,-3.464708019436273,152.73510365321238,130.21189634678763
2022-12-23,131.86,130.92,132.41,129.64,63.81M,-0.28%,131.86,63810000.0,136.839,144.1318,-0.002798154730393798,0.020613564009650604,26.26165220186435,-3.6706937633782104,152.24670607529367,129.07529392470633
2022-12-27,130.03,131.38,131.41,128.72,69.01M,-1.39%,130.03,69010000.0,135.393,143.9648,-0.013878355831943079,0.018899550818224736,27.960301163586564,-3.936230243522118,152.3303414983811,127.57265850161892
2022-12-28,126.04,129.67,131.03,125.87,85.44M,-3.07%,126.04,85440000.0,133.45,143.63739999999999,-0.030685226486195427,0.018844744008022107,26.152368758002552,-4.4177049189223965,153.02455568795506,125.36544431204493
2022-12-29,129.61,127.99,130.48,127.73,75.70M,2.83%,129.61,75700000.0,132.09,143.3546,0.02832434147889562,0.023091992238605485,30.302114803625372,-4.45979812706878,152.07956013084032,124.46843986915968
2022-12-30,129.93,128.41,129.95,127.43,77.03M,0.25%,129.93,77030000.0,131.433,143.076,0.0024689452974306914,0.0192130251821623,31.430306711205574,-4.4164261604932165,150.7896676451921,123.92033235480787
2023-01-03,125.07,130.28,130.9,124.17,112.12M,-3.74%,125.07,112120000.0,130.489,142.7096,-0.03740475640729635,0.021704241073610304,22.617033276931693,-4.719807939837239,149.77557873119528,122.66042126880475
2023-01-04,126.36,126.89,128.66,125.08,89.11M,1.03%,126.36,89110000.0,129.88799999999998,142.2914,0.010314224034540631,0.02209390196183094,23.28767123287669,-4.800807249125711,148.5131002664651,121.89589973353488
2023-01-05,125.02,127.13,127.77,124.76,80.96M,-1.06%,125.02,80960000.0,129.16,141.8028,-0.010604621715732843,0.02212670481555345,23.902439024390205,-4.916452779205002,147.84094854106593,120.77905145893408
2023-01-06,129.62,126.01,130.29,124.89,87.75M,3.68%,129.62,87750000.0,128.57700000000003,141.34839999999997,0.03679411294192936,0.024306366839663973,39.49297495418448,-4.584078732638005,147.05243246730288,120.4355675326971
2023-01-09,130.15,130.46,133.41,129.89,70.79M,0.41%,130.15,70790000.0,128.369,140.9644,0.004088875173584361,0.023383194690521133,43.03069053708441,-4.22915230034036,145.8268987455139,120.41110125448611
2023-01-10,130.73,130.26,131.26,128.12,63.90M,0.45%,130.73,63900000.0,128.256,140.683,0.004456396465616574,0.023445315018353022,47.24091520861371,-3.856612761641742,144.5520269969695,120.54297300303054
2023-01-11,133.49,131.25,133.51,130.46,69.46M,2.11%,133.49,69460000.0,128.602,140.238,0.0211122160177466,0.023853019756149205,51.83585313174945,-3.300616111531525,142.62745939982932,121.36754060017068
2023-01-12,133.41,133.88,134.26,131.44,71.38M,-0.06%,133.41,71380000.0,129.339,139.8394,-0.0005992958274029236,0.02085738761202459,46.523517382413104,-2.833774108037403,139.97778724906212,122.81121275093786
2023-01-13,134.76,132.03,134.92,131.66,57.81M,1.01%,134.76,57810000.0,129.85399999999998,139.5216,0.01011918147065427,0.019427651312312073,54.60502366217691,-2.3280286738691984,137.74806188997366,124.19593811002636
2023-01-17,135.94,134.83,137.29,134.13,63.65M,0.88%,135.94,63650000.0,130.455,139.3398,0.008756307509646843,0.01947160552081368,57.21357850070717,-1.8111280781662629,137.6278828929169,124.26011710708313
2023-01-18,135.21,136.82,138.61,135.03,69.67M,-0.54%,135.21,69670000.0,131.469,139.2664,-0.005370016183610327,0.013490959644217997,59.529065489330385,-1.443742960984025,137.7482925852835,124.20970741471646
2023-01-19,135.27,134.08,136.25,133.77,58.28M,0.04%,135.27,58280000.0,132.36,139.20420000000001,0.0004437541601953754,0.013655326393050938,69.84946236559136,-1.1346663824396899,138.13854248798174,124.10945751201824
2023-01-20,137.87,135.28,138.02,134.22,80.22M,1.92%,137.87,80220000.0,133.645,139.18320000000003,0.019220817624011177,0.01262040652150205,68.53680430879709,-0.6721742894783063,139.0292172354419,123.7757827645581
2023-01-23,141.11,138.12,143.32,137.9,81.76M,2.35%,141.11,81760000.0,134.794,139.21540000000002,0.023500398926525,0.009874414890606874,72.18253968253966,-0.043701290269495985,140.3005895159792,123.07041048402077
2023-01-24,142.53,140.3,143.16,140.3,66.44M,1.01%,142.53,66440000.0,136.032,139.36860000000001,0.010063071362766518,0.009752960181037133,90.11948529411762,0.5624664588572728,142.08984668694814,122.31115331305182
2023-01-25,141.86,140.89,142.43,138.81,65.80M,-0.47%,141.86,65800000.0,137.145,139.2684,-0.00470076475128034,0.010634754203580385,86.66035950804167,0.9775270433998458,143.48778388817723,121.91321611182278
2023-01-26,143.96,143.17,144.25,141.9,54.11M,1.48%,143.96,54110000.0,138.192,139.1536,0.014803327224023555,0.009952492080726873,93.24200913242014,1.4590984182590887,145.2084896783163,121.58551032168367
2023-01-27,145.93,143.15,147.23,143.08,70.56M,1.37%,145.93,70560000.0,139.44400000000002,139.1066,0.01368435676576829,0.009661959420660213,92.31966787752988,1.976921023425092,146.92229285095752,121.86070714904248
2023-01-30,143.0,144.96,145.55,142.85,64.02M,-2.01%,143.0,64019999.99999999,140.268,138.9658,-0.020078119646405823,0.013318412715100526,79.64928472542685,2.1263612864648564,147.94205569390178,122.17994430609816
2023-01-31,144.29,142.7,144.34,142.28,65.87M,0.90%,144.29,65870000.00000001,141.103,138.8758,0.00902097902097898,0.01332468898317405,80.29490616621985,2.322118059086108,149.0507696436313,122.5072303563687
2023-02-01,145.43,143.97,146.61,141.32,77.66M,0.79%,145.43,77660000.0,142.12500000000003,138.77,0.00790075542310631,0.012706473284128111,78.75722543352602,2.5399660369621984,149.72918766855284,123.86481233144715
2023-02-02,150.82,148.9,151.18,148.17,118.34M,3.71%,150.82,118340000.0,143.68,138.76059999999998,0.03706250429760005,0.015461448264641525,83.39087073264292,3.111670680176104,151.41439002756243,124.62560997243754
2023-02-03,154.5,148.03,157.38,147.83,154.36M,2.44%,154.5,154360000.0,145.34300000000002,138.8904,0.024399946956637164,0.015847563475735515,84.7535211267606,3.8176880424641695,153.3453376135359,125.64266238646411
2023-02-06,151.73,152.57,153.1,150.78,69.86M,-1.79%,151.73,69860000.0,146.405,138.9214,-0.017928802588996873,0.01768914818865533,76.32544181393799,4.106360471123338,154.66037588047996,126.53862411952001
2023-02-07,154.65,150.64,155.23,150.64,83.32M,1.92%,154.65,83320000.0,147.61700000000002,138.993,0.019244710999802406,0.018075493965035716,80.20509633312615,4.518666670544349,156.31461347164006,127.33438652835993
2023-02-08,151.92,153.88,154.58,151.17,64.12M,-1.77%,151.92,64120000.00000001,148.623,139.0692,-0.017652764306498647,0.01952013546944791,73.88809182209465,4.572426038517563,157.05369694732047,128.7143030526795
2023-02-09,150.87,153.77,154.33,150.42,56.01M,-0.69%,150.87,56010000.0,149.31400000000002,139.2022,-0.006911532385465935,0.019767512016545696,69.51951951951952,4.478677098456501,157.62559486977875,129.88040513022122
2023-02-10,151.01,149.46,151.34,149.22,57.45M,0.09%,151.01,57450000.0,149.822,139.399,0.0009279512162787551,0.019546162735097412,66.39072847682115,4.365356110107172,157.9654346890133,131.3005653109867
2023-02-13,153.85,150.95,154.26,150.92,62.20M,1.88%,153.85,62200000.0,150.90699999999998,139.5154,0.018806701542944282,0.01812907901009982,67.90006325110689,4.453376918550191,158.67494818518747,132.50005181481254
2023-02-14,153.2,152.12,153.77,150.86,61.71M,-0.42%,153.2,61710000.0,151.798,139.6132,-0.00422489437764062,0.018484957266962428,67.94303797468349,4.419736504440891,159.12925716140444,133.77174283859551
2023-02-15,155.33,153.11,155.5,152.88,65.67M,1.39%,155.33,65670000.0,152.78799999999998,139.7636,0.013903394255874835,0.01864445124251865,67.97344293392347,4.512927216982689,159.55976319634397,135.35323680365605
2023-02-16,153.71,153.51,156.33,153.35,68.17M,-1.04%,153.71,68170000.0,153.077,139.9052,-0.010429408356402492,0.015918139127964543,62.43606138107415,4.40527974427917,159.32734233245827,137.42965766754168
2023-02-17,152.55,152.35,153.0,150.85,59.14M,-0.75%,152.55,59140000.0,152.882,140.098,-0.0075466788107474425,0.014018525984971627,66.18095560826838,4.178202325559539,159.01320890603733,139.2117910939627
2023-02-21,148.48,150.2,151.3,148.4,58.87M,-2.67%,148.48,58870000.0,152.557,140.24880000000002,-0.02667977712225511,0.015386538523395357,56.488076803964056,3.6280054610292325,158.64911844324976,140.31288155675023
2023-02-22,148.91,148.87,149.95,147.16,51.01M,0.29%,148.91,51010000.0,151.983,140.374,0.002896012931034475,0.013641345437016013,55.50981633945532,3.189896744248756,158.37453758151577,141.22546241848426
2023-02-23,149.4,150.09,150.34,147.24,48.39M,0.33%,149.4,48390000.0,151.731,140.5188,0.003290578201598393,0.012844065337458873,47.33883058470768,2.849385393560368,157.90264587659257,142.4513541234074
2023-02-24,146.71,147.11,147.19,145.72,55.47M,-1.80%,146.71,55470000.0,151.315,140.56320000000002,-0.01800535475234266,0.013797817455909786,34.83845854418067,2.3355444732938793,157.66293334538491,142.9660666546151
2023-02-27,147.92,147.71,149.17,147.45,45.00M,0.82%,147.92,45000000.0,151.006,140.6122,0.008247563219957676,0.014200302549146155,42.105263157894754,2.00287088079682,157.56366734595963,143.2643326540404
2023-02-28,147.41,147.05,149.08,146.83,50.55M,-0.34%,147.41,50550000.0,150.362,140.6962,-0.0034478096268252267,0.012182123837002724,33.33333333333333,1.6787206772074228,157.05639503102168,144.21260496897833
2023-03-01,145.31,146.83,147.23,145.01,55.48M,-1.42%,145.31,55480000.0,149.573,140.8724,-0.014245980598331154,0.012589781688085035,34.329065908013305,1.23810475499684,156.90836268529102,144.46263731470896
2023-03-02,145.91,144.38,146.71,143.9,52.28M,0.41%,145.91,52280000.0,148.631,141.10039999999998,0.004129103296400816,0.011249830187928599,37.984496124031004,0.9266466420968698,156.8501787726978,144.56882122730218
2023-03-03,151.03,148.04,151.11,147.33,70.73M,3.51%,151.03,70730000.0,148.363,141.4736,0.0350901240490713,0.017051933436876148,50.039032006245144,1.080499725812274,156.8621923053399,144.57780769466004
2023-03-06,153.83,153.79,156.3,153.46,87.56M,1.85%,153.83,87560000.0,148.491,141.9042,0.01853936304045556,0.018013941905046068,49.96090695856141,1.4120883272894673,156.74867357232864,144.6243264276713
2023-03-07,151.6,153.7,154.03,151.13,56.18M,-1.45%,151.6,56180000.0,148.803,142.22719999999998,-0.014496522134824219,0.0162620947892359,47.054491899852735,1.4778960540617163,156.73773972091104,144.62226027908898
2023-03-08,152.87,152.81,153.47,151.83,47.20M,0.84%,152.87,47200000.0,149.199,142.64,0.008377308707124165,0.01638012004640017,45.323193916349794,1.6139232353897341,156.45226948706397,144.72973051293604
2023-03-09,150.59,153.56,154.54,150.23,53.83M,-1.49%,150.59,53830000.0,149.318,143.0146,-0.014914633348596884,0.017299005511051797,44.21364985163204,1.5202246083915725,156.35236581863268,144.69663418136736
2023-03-10,148.5,150.21,150.94,147.61,68.57M,-1.39%,148.5,68570000.0,149.497,143.384,-0.01387874360847341,0.016840331254573283,42.73933309429903,1.262765859508221,156.30028768965406,144.51171231034596
2023-03-13,150.47,147.8,153.14,147.7,84.46M,1.33%,150.47,84460000.0,149.752,143.8726,0.013265993265993314,0.017141137847764918,53.85808452888718,1.2038136675396913,156.26658157838102,144.49141842161896
2023-03-14,152.59,151.28,153.4,150.1,73.70M,1.41%,152.59,73700000.0,150.27,144.3322,0.014089187213398136,0.01743441885093536,56.6957787481805,1.3130241875923616,156.07270739225004,144.55929260774997
2023-03-15,152.99,151.19,153.24,149.92,77.17M,0.26%,152.99,77170000.0,151.03799999999998,144.7934,0.0026214037617144914,0.016295226089449492,56.5534866739686,1.415533578658227,156.0407849697462,144.5702150302538
2023-03-16,155.85,152.16,156.46,151.64,76.25M,1.87%,155.85,76250000.0,152.032,145.40900000000002,0.01869403228969202,0.01682307190724847,66.5820029027576,1.7078639154914868,156.1665385377329,144.49646146226706
2023-03-17,155.0,156.08,156.74,154.28,98.94M,-0.55%,155.0,98940000.0,152.429,145.9818,-0.005453962143086244,0.01385488830425672,63.01470588235295,1.8496285507256118,156.41393599867905,144.37806400132098
2023-03-20,157.4,155.07,157.82,154.15,73.64M,1.55%,157.4,73640000.0,152.786,146.6294,0.015483870967742064,0.013495406708445548,67.17084908903402,2.131072312795368,157.37042011398233,143.90657988601765
2023-03-21,159.28,157.32,159.4,156.54,73.94M,1.19%,159.28,73940000.0,153.554,147.2226,0.011944091486658204,0.012364564345665017,74.19466574298576,2.477262470396539,158.8486534328982,143.50834656710182
2023-03-22,157.83,159.3,162.14,157.81,75.70M,-0.91%,157.83,75700000.0,154.05,147.7762,-0.009103465595178273,0.013054096356080572,70.05383580080755,2.6045936483416483,159.76234524694033,143.4866547530597
2023-03-23,158.93,158.83,161.55,157.68,67.62M,0.70%,158.93,67620000.0,154.88400000000001,148.3402,0.006969524171577035,0.01139488061993908,65.36964980544747,2.762421851593899,160.7879215672632,143.4140784327368
2023-03-24,160.25,158.86,160.34,157.85,59.26M,0.83%,160.25,59260000.0,156.05900000000003,148.87539999999998,0.008305543320958897,0.009149037083377828,63.25350949628404,2.959894981189308,161.7998929044266,143.75610709557338
2023-03-27,158.28,159.94,160.77,157.87,52.39M,-1.23%,158.28,52390000.0,156.84,149.37279999999998,-0.012293291731669265,0.010831169941554777,63.939899833055115,2.9237284020268532,162.3331103905244,144.25888960947557
2023-03-28,157.65,157.97,158.49,155.98,45.99M,-0.40%,157.65,45990000.0,157.346,149.8306,-0.003980288097043205,0.010675789139058098,60.248713550600364,2.8118175106371552,162.5979334767856,145.01806652321443
2023-03-29,160.77,159.37,161.05,159.35,51.31M,1.98%,160.77,51310000.0,158.12400000000002,150.3272,0.019790675547098013,0.01186550582573221,71.06788079470203,2.9409834218202775,162.93251142954963,146.2294885704504
2023-03-30,162.36,161.53,162.47,161.27,49.50M,0.99%,162.36,49500000.0,158.775,150.8702,0.009889904832991236,0.011037177472628838,79.28994082840244,3.1355039115299235,163.39162612240034,147.41537387759962
2023-03-31,164.9,162.44,165.0,161.91,68.75M,1.56%,164.9,68750000.0,159.76500000000001,151.46280000000002,0.015644247351564333,0.011012718925535058,79.77713578208838,3.4547948489203293,164.85738235166582,147.3366176483342
2023-04-03,166.17,164.27,166.29,164.22,56.98M,0.77%,166.17,56980000.0,160.642,152.0288,0.00770163735597329,0.010554309790584195,79.04191616766471,3.7668912260903653,166.48234500877902,146.94565499122098
2023-04-04,165.63,166.6,166.84,165.11,46.28M,-0.32%,165.63,46280000.0,161.277,152.5192,-0.00324968405849424,0.010614912537368057,76.87074829931979,3.9254067212966106,167.64186113704565,147.18913886295437
2023-04-05,163.76,164.74,165.05,161.8,51.51M,-1.13%,163.76,51510000.0,161.87,152.9438,-0.011290225200748738,0.010931895598670945,67.55437194851314,3.8556920041927185,168.32602953985122,147.59397046014874
2023-04-06,164.66,162.43,164.96,162.0,45.39M,0.55%,164.66,45390000.0,162.44299999999998,153.3998,0.005495847581827196,0.010893520112819008,71.3906111603189,3.8289275733655472,168.83139638234596,148.49560361765404
2023-04-10,162.03,161.42,162.03,160.08,47.72M,-1.60%,162.03,47720000.0,162.621,153.7612,-0.015972306571116257,0.01233819917782851,60.14905743095136,3.554523217892779,168.40081906370966,150.2791809362903
2023-04-11,160.8,162.35,162.36,160.51,47.64M,-0.76%,160.8,47640000.0,162.873,154.0586,-0.007591186817256013,0.011847799984879184,53.42960288808668,3.2009070052814366,167.91009488218396,151.80290511781607
2023-04-12,160.1,161.22,162.06,159.78,50.13M,-0.44%,160.1,50130000.0,163.118,154.40060000000003,-0.0043532338308458485,0.011868040490311874,55.301261092947186,2.831539237505808,167.52329430427847,152.94070569572153
2023-04-13,165.56,161.63,165.8,161.42,68.45M,3.41%,165.56,68450000.0,163.59699999999998,154.826,0.034103685196752,0.014804534256296496,62.86379511059372,2.94543583839382,167.67480221936697,154.04619778063304
2023-04-14,165.21,164.59,166.32,163.82,49.39M,-0.21%,165.21,49390000.0,163.882,155.2216,-0.0021140372070548308,0.014673295399718487,60.00000000000003,2.973184618708956,167.9775593715461,154.67944062845393
2023-04-17,165.23,165.09,165.39,164.03,41.52M,0.01%,165.23,41520000.0,163.915,155.5098,0.00012105804733364423,0.01384827524563454,65.20787746170679,2.9626381119050507,167.99478589990872,155.6852141000913
2023-04-18,166.47,166.1,167.41,165.65,49.92M,0.75%,166.47,49920000.0,163.945,155.7492,0.007504690431519689,0.01383669095070622,68.79795396419438,3.0195303004557843,168.40727486974515,156.17972513025484
2023-04-19,167.63,165.8,168.16,165.54,47.72M,0.70%,167.63,47720000.0,164.14499999999998,156.06719999999999,0.006968222502552912,0.013925262250389096,65.953488372093,3.122228963275262,169.09284233423088,156.3291576657691
2023-04-20,166.65,166.09,167.87,165.56,52.46M,-0.58%,166.65,52460000.0,164.434,156.30720000000002,-0.005846208912485773,0.013478155023703987,60.268070847295355,3.088933283566604,169.32936990534031,156.97463009465966
2023-04-21,165.02,165.05,166.45,164.49,58.34M,-0.98%,165.02,58340000.0,164.47,156.5692,-0.009780978097809756,0.01387657781086813,50.30030030030031,2.8976169158909215,169.351533681439,157.561466318561
2023-04-24,165.33,165.0,165.6,163.89,41.95M,0.19%,165.33,41950000.0,164.8,156.8584,0.0018785601745243685,0.012643538093001328,47.79179810725559,2.7394332441690494,169.45977537768536,157.96122462231463
2023-04-25,163.77,165.19,166.3,163.73,48.71M,-0.94%,163.77,48710000.0,165.097,157.11360000000002,-0.009435674106332836,0.012812769643805495,45.35928143712579,2.4598371111200663,169.13564635699015,158.83435364300982
2023-04-26,163.76,163.05,165.28,162.8,45.50M,-0.01%,163.76,45500000.0,165.46300000000002,157.31179999999998,-6.106124442828431e-05,0.012650711822531392,50.0,2.21195025917433,168.49739396611628,160.08360603388374
2023-04-27,168.41,165.19,168.56,165.19,64.90M,2.84%,168.41,64900000.00000001,165.748,157.616,0.028395212506106438,0.011090425450574808,58.54993160054719,2.3634696742120127,168.9206742208351,160.42432577916486
2023-04-28,169.68,168.49,169.85,167.88,55.28M,0.75%,169.68,55280000.0,166.195,157.903,0.007541119885992487,0.011135585066987834,68.59504132231405,2.5565578805895655,169.68996168311824,160.3870383168818
2023-05-01,169.59,169.28,170.45,168.64,52.47M,-0.05%,169.59,52470000.0,166.631,158.2206,-0.0005304101838755626,0.011154424066802443,72.61966031909412,2.671523764439911,170.34860978965938,160.19739021034061
2023-05-02,168.54,170.09,170.35,167.54,48.43M,-0.62%,168.54,48430000.0,166.83800000000002,158.54039999999998,-0.0061914027949762085,0.011333334731361987,71.33468149646103,2.647391351337575,170.6622026396709,160.1207973603291
2023-05-03,167.45,169.5,170.92,167.16,65.14M,-0.65%,167.45,65140000.0,166.82,158.9198,-0.006467307464103511,0.011382164362858107,56.13238157040876,2.5113629211139425,170.8327852850688,160.13221471493122
2023-05-04,165.79,164.89,167.04,164.31,81.24M,-0.99%,165.79,81240000.0,166.734,159.2574,-0.009913406987160367,0.011681043734461218,51.73444976076549,2.243746767279333,170.87337126897876,160.29462873102125
2023-05-05,173.57,170.98,174.3,170.76,113.45M,4.69%,173.57,113450000.0,167.589,159.7408,0.04692683515290419,0.018453189862727357,67.03431372549016,2.62913300838008,172.3847033385039,159.67429666149607
2023-05-08,173.5,172.48,173.85,172.11,55.96M,-0.04%,173.5,55960000.0,168.406,160.2766,-0.0004032955003744343,0.018513032146429756,65.07936507936506,2.895528120258092,173.48669882212562,159.7193011778744
2023-05-09,171.77,173.05,173.54,171.6,45.33M,-1.00%,171.77,45330000.0,169.206,160.7536,-0.009971181556195918,0.01856009823309307,58.668341708542734,2.9332390697892095,173.83354593629738,160.4694540637026
2023-05-10,173.55,173.02,174.03,171.9,53.72M,1.04%,173.55,53720000.0,170.185,161.2764,0.010362694300518172,0.01854118806518014,63.978930307941646,3.0713517616464685,174.219035574573,161.428964425427
2023-05-11,173.75,173.85,174.59,172.17,49.51M,0.11%,173.75,49510000.0,170.719,161.8452,0.0011524056467875354,0.016800625328918052,68.77419354838705,3.1605129673848182,175.05291894422817,161.41408105577182
2023-05-12,172.57,173.62,174.06,171.0,45.53M,-0.68%,172.57,45530000.0,171.00799999999998,162.3784,-0.0067913669064748605,0.017004051048153494,65.00829187396346,3.1002203169817335,175.52744595477606,161.67555404522398
2023-05-15,172.07,173.16,173.21,171.47,37.27M,-0.29%,172.07,37270000.0,171.256,162.7992,-0.0028973749782696956,0.0170567555860437,67.99653078924538,2.9777662995207947,175.84392950608728,162.04307049391272
2023-05-16,172.07,171.99,173.14,171.8,42.11M,0.00%,172.07,42110000.0,171.60899999999998,163.164,0.0,0.016854463241838338,68.02603036876356,2.8478918835668594,176.1557200438894,162.2912799561106
2023-05-17,172.69,171.71,172.93,170.42,57.95M,0.36%,172.69,57950000.0,172.133,163.5858,0.003603184750392341,0.01657764771114699,61.25131440588853,2.76314250487286,176.53209360030695,162.42090639969308
2023-05-18,175.05,173.0,175.24,172.58,65.50M,1.37%,175.05,65500000.0,173.059,164.0294,0.013666106896751407,0.016176186974478816,63.35156638488315,2.853516723789255,177.2379247147381,162.5550752852619
2023-05-19,175.16,176.39,176.39,174.94,55.81M,0.06%,175.16,55810000.0,173.218,164.5208,0.0006283918880318762,0.007104121540532616,63.835072031793324,2.9005789554327066,177.72745715587666,163.07954284412335
2023-05-22,174.2,173.98,174.71,173.45,43.57M,-0.55%,174.2,43570000.0,173.28799999999998,165.0348,-0.005480703356930849,0.007386238339169407,64.12175648702595,2.8278148468293125,177.9482351779601,163.74576482203992
2023-05-23,171.56,173.13,173.38,171.27,50.75M,-1.52%,171.56,50750000.0,173.267,165.4566,-0.015154994259471755,0.008319989724948873,59.518295507179296,2.5279818290137825,177.50960139027734,164.96339860972267
2023-05-24,171.84,171.09,172.42,170.52,45.14M,0.16%,171.84,45140000.0,173.096,165.8416,0.0016320820704127659,0.007520816281785846,64.96783770410693,2.2865971930727085,176.83407690351274,166.44692309648727
2023-05-25,172.99,172.41,173.9,171.69,56.06M,0.67%,172.99,56060000.0,173.02,166.2416,0.006692271880819334,0.007889070678409785,47.86450662739328,2.1631579803772922,176.86337192889198,166.875628071108
2023-05-26,175.43,173.32,175.77,173.11,54.83M,1.41%,175.43,54830000.0,173.306,166.6332,0.014104861552690862,0.008733340267473215,56.05015673981193,2.236438848147259,177.28051072072014,167.03348927927982
2023-05-30,177.3,176.96,178.99,176.57,55.96M,1.07%,177.3,55960000.0,173.829,167.0792,0.010659522316593506,0.008992332176886147,67.18458669981355,2.417539940010954,178.00197703299108,167.0830229670089
2023-05-31,177.25,177.32,179.35,176.76,99.63M,-0.03%,177.25,99630000.0,174.347,167.47619999999998,-0.0002820078962211259,0.009003343491129879,62.88300835654591,2.527889343151884,178.48254969715924,167.47345030284077
2023-06-01,180.09,177.7,180.12,176.93,68.90M,1.60%,180.09,68900000.0,175.087,167.89239999999998,0.01602256699576876,0.009906060873636139,68.64705882352939,2.8120902790240905,179.3400427113383,167.87995728866167
2023-06-02,180.95,181.03,181.78,179.26,62.00M,0.48%,180.95,62000000.0,175.677,168.35479999999998,0.004775390082736308,0.009350327956731512,75.11990407673859,3.071312205658728,179.74221759300107,168.99378240699892
2023-06-05,179.58,182.63,184.95,178.04,121.95M,-0.76%,179.58,121950000.0,176.119,168.7678,-0.0075711522520032215,0.009956341116669763,71.39601139601147,3.1301178495387774,180.50689658955469,168.83010341044536
2023-06-06,179.21,179.96,180.12,177.43,64.85M,-0.21%,179.21,64849999.99999999,176.62,169.14699999999996,-0.0020603630693841746,0.00970579334837752,69.92187500000006,3.1110041192505946,181.10203828362552,168.8059617163745
2023-06-07,177.82,178.44,181.21,177.32,61.94M,-0.78%,177.82,61940000.0,177.246,169.53780000000003,-0.007756263601361613,0.008367861047857306,63.723916532905285,2.9496927451587283,181.33992450304882,169.1730754969512
2023-06-08,180.57,177.9,180.84,177.46,50.21M,1.55%,180.57,50210000.0,178.119,169.99620000000002,0.01546507704420197,0.009112640587318331,64.46540880503142,3.009067677193201,182.07434458970943,169.1406554102906
2023-06-09,180.96,181.5,182.23,180.63,48.90M,0.22%,180.96,48900000.0,178.916,170.4,0.002159827213823018,0.00913209051580446,64.97933884297522,3.0524062401581773,182.79280182863116,169.14319817136888
2023-06-12,183.79,181.27,183.89,180.97,54.75M,1.56%,183.79,54750000.0,179.752,170.8286,0.015638815207780654,0.00932131059375934,72.58596325953842,3.277330684188769,183.99242633323786,169.06557366676213
2023-06-13,183.31,182.8,184.15,182.44,54.93M,-0.26%,183.31,54930000.0,180.353,171.1968,-0.0026116763697697776,0.009324103616074416,80.80755112742528,3.3779144430824033,184.82840579400775,169.35359420599227
2023-06-14,183.95,183.37,184.39,182.02,57.46M,0.35%,183.95,57460000.0,181.023,171.5524,0.003491353444983858,0.009235459314800716,81.16314976839938,3.469278761952552,185.62091569353097,169.74908430646903
2023-06-15,186.01,183.96,186.52,183.78,65.43M,1.12%,186.01,65430000.00000001,181.615,171.96,0.011198695297635286,0.008629634043007673,82.00589970501474,3.665655037284381,186.74440066581712,169.95759933418287
2023-06-16,184.92,186.73,186.99,184.27,101.26M,-0.59%,184.92,101260000.0,182.012,172.3832,-0.005859900005376062,0.009068114888802398,74.98683517640862,3.690785679925739,187.5745798211878,170.11442017881222
2023-06-20,185.01,184.41,186.1,184.41,49.80M,0.05%,185.01,49800000.0,182.555,172.7902,0.0004866969500325613,0.008438610426436382,72.39976757699009,3.675594181369263,188.30013643413642,170.37386356586356
2023-06-21,183.96,184.9,185.41,182.59,49.52M,-0.57%,183.96,49520000.0,183.03,173.2288,-0.00567536889897835,0.008751820911939356,68.42394288852286,3.5380442131968266,188.67254024693622,170.97745975306375
2023-06-22,187.0,183.74,187.04,183.67,51.25M,1.65%,187.0,51250000.0,183.948,173.75280000000004,0.016525331593824744,0.008909690811762773,68.76697447039658,3.6324646744498352,189.09561685341563,172.09838314658438
2023-06-23,186.68,185.55,187.56,185.01,53.12M,-0.17%,186.68,53120000.0,184.559,174.28440000000003,-0.0017112299465240621,0.008321835399816107,66.03245663122561,3.639518144953456,189.18464753626296,173.49335246373704
2023-06-26,185.27,186.83,188.05,185.23,48.09M,-0.76%,185.27,48090000.0,184.98999999999998,174.67859999999996,-0.007553031926290976,0.009015905903564806,65.8849804578448,3.4910897455479812,188.92043432353302,174.98556567646705
2023-06-27,188.06,185.89,188.39,185.67,50.73M,1.51%,188.06,50730000.0,185.41699999999997,175.1356,0.015059102930857549,0.0089226548937697,71.76586325627154,3.557579293073047,189.34910595188865,175.81989404811134
2023-06-28,189.25,187.93,189.9,187.6,51.22M,0.63%,189.25,51220000.0,186.011,175.616,0.006327767733701917,0.008819203808275401,78.39046199701947,3.664058804175937,190.09076361854727,176.27323638145276
2023-06-29,189.59,189.08,190.07,188.94,46.35M,0.18%,189.59,46350000.0,186.575,176.0784,0.001796565389696081,0.008829878655773797,75.45146726862313,3.7328497737958344,190.68120252383423,176.91679747616578
2023-06-30,193.97,191.63,194.48,191.26,85.21M,2.31%,193.97,85210000.0,187.371,176.6052,0.02310248430824413,0.01066149039647213,79.96315062183334,4.093607943454799,192.50670168754542,176.47929831245457
2023-07-03,192.46,193.78,193.88,191.76,31.46M,-0.78%,192.46,31460000.0,188.125,177.1214,-0.007784708975614785,0.010879437492396329,71.2604217753802,4.209146589843385,193.64433453052038,176.49266546947962
2023-07-05,191.33,191.57,192.98,190.62,46.92M,-0.59%,191.33,46920000.0,188.757,177.64759999999998,-0.005871349890886446,0.011289358915580082,69.05893536121681,4.161558388696648,194.25854650181688,177.05345349818313
2023-07-06,191.81,189.84,192.02,189.2,45.16M,0.25%,191.81,45160000.0,189.542,178.1772,0.0025087545079180984,0.010844495762476015,68.82183908045985,4.1151396169868235,194.74520090789522,177.82679909210478
2023-07-07,190.68,191.41,192.67,190.24,46.82M,-0.59%,190.68,46820000.0,189.91000000000003,178.71540000000002,-0.005891246546061213,0.010327357803123277,61.704260651629156,3.941733005339671,194.5966487853106,179.2613512146894
2023-07-10,188.61,189.26,189.99,187.04,59.92M,-1.09%,188.61,59920000.0,190.103,179.21239999999997,-0.010855884203901822,0.011070461389984125,58.81509794553282,3.595824885042475,194.41579142062943,180.24620857937055
2023-07-11,188.08,189.16,189.3,186.6,46.64M,-0.28%,188.08,46640000.0,190.38400000000001,179.6058,-0.002810031281480274,0.010756460897068389,57.182966775854084,3.241556985834734,194.10833647346138,181.2656635265386
2023-07-12,189.77,189.68,191.7,188.47,60.75M,0.90%,189.77,60750000.0,190.555,180.0076,0.008985538068906784,0.010058244533343964,63.19854611540213,3.061870660406072,194.19674925559977,181.7752507444002
2023-07-13,190.54,190.5,191.19,189.78,41.34M,0.41%,190.54,41340000.0,190.68400000000003,180.4266,0.004057543341940084,0.00994841795233246,58.966565349544084,2.947622164296405,194.2460810068933,182.4489189931067
2023-07-14,190.69,190.23,191.18,189.63,41.62M,0.08%,190.69,41620000.0,190.794,180.8696,0.000787236275847647,0.009941442071565044,60.245273377618815,2.8364859104862887,194.2879931774404,183.08100682255963
2023-07-17,193.99,191.9,194.32,191.81,50.52M,1.73%,193.99,50520000.0,190.796,181.40039999999996,0.017305574492632037,0.008557707150655977,70.31686859273071,2.9803365844471728,195.01215041890842,183.1548495810916
2023-07-18,193.73,193.35,194.33,192.41,48.35M,-0.13%,193.73,48350000.0,190.923,181.9592,-0.0013402752719213762,0.00813493616379673,64.97622820919175,3.0383354135111347,195.45929460982472,183.58870539017528
2023-07-19,195.1,193.1,198.23,192.65,80.51M,0.71%,195.1,80510000.0,191.3,182.38980000000004,0.007071697723636028,0.008004024495616085,65.30612244897958,3.1584389358431793,196.0627331305509,183.99426686944912
2023-07-20,193.13,195.09,196.47,192.49,59.58M,-1.01%,193.13,59580000.0,191.43200000000002,182.78240000000002,-0.010097385955920024,0.008858890918341317,58.53423336547733,3.0593925338430097,195.94584159681372,185.02815840318632
2023-07-21,191.94,194.1,194.97,191.23,71.95M,-0.62%,191.94,71950000.0,191.558,183.18580000000003,-0.00616165277274372,0.008881700770577443,44.216524216524206,2.8519984293261587,195.97105180221706,185.49694819778296
2023-07-24,192.75,193.41,194.91,192.25,45.51M,0.42%,192.75,45510000.0,191.972,183.5698,0.004220068771491059,0.007932067547071025,50.860534124629055,2.7216241488149535,195.98062867046679,186.0943713295332
2023-07-25,193.62,193.33,194.44,192.91,37.28M,0.45%,193.62,37280000.0,192.526,183.96719999999996,0.004513618677042919,0.007754004478235374,56.901748040988515,2.657865106832446,195.7096098837989,187.20039011620108
2023-07-26,194.5,193.67,195.64,193.32,47.47M,0.45%,194.5,47470000.0,192.999,184.40579999999997,0.004544985022208348,0.00749166441464942,57.916421424367265,2.6478218106144595,195.92315662234378,187.6308433776562
2023-07-27,193.22,196.02,197.2,192.55,47.46M,-0.66%,193.22,47460000.0,193.267,184.8288,-0.006580976863753252,0.007983566036571523,57.40956826137687,2.5076702616047726,195.9903119180114,187.96068808198856
2023-07-28,195.83,194.67,196.63,194.14,48.29M,1.35%,195.83,48290000.0,193.781,185.304,0.013507918434944699,0.008838122888008365,70.41855203619905,2.5774926062655084,196.48733896936383,188.08766103063616
2023-07-31,196.45,196.06,196.49,195.26,38.82M,0.32%,196.45,38820000.0,194.027,185.77919999999997,0.0031660113363629616,0.0072254713426601735,73.55092853123233,2.652282276797223,196.9530428632915,187.86995713670848
2023-08-01,195.6,196.24,196.73,195.28,35.28M,-0.43%,195.6,35280000.0,194.214,186.1902,-0.004326800712649459,0.007405490832877564,67.21795629060833,2.612846465654883,197.32892578813892,187.80807421186108
2023-08-02,192.58,195.04,195.18,191.85,50.39M,-1.55%,192.58,50390000.0,193.962,186.5386,-0.01543967280163594,0.008664430166190947,55.318039624609014,2.3112617536128255,197.35564936044096,187.90635063955904
2023-08-03,191.17,191.57,192.37,190.69,62.24M,-0.73%,191.17,62240000.0,193.766,186.878,-0.007321632568283443,0.008390170071410305,51.174168297455935,1.9361596372993688,197.35562374734977,187.8423762526502
2023-08-04,181.99,185.52,187.38,181.92,115.96M,-4.80%,181.99,115960000.0,192.77100000000002,187.0866,-0.048020086833708064,0.0171386757854453,27.203647416413375,0.8879040232384341,198.85405973692215,185.4749402630779
2023-08-07,178.85,182.13,183.13,177.35,97.58M,-1.73%,178.85,97580000.0,191.381,187.2268,-0.01725369525798126,0.01717614905089231,24.52054794520548,-0.1939817601225684,200.53137739521975,182.82162260478026
2023-08-08,179.8,179.69,180.27,177.58,67.82M,0.53%,179.8,67820000.0,189.999,187.363,0.005311713726586564,0.017238988369992894,23.41904100069496,-0.9636189777401967,201.4928014824204,181.0321985175796
2023-08-09,178.19,180.87,180.93,177.01,60.38M,-0.90%,178.19,60380000.0,188.368,187.41819999999998,-0.008954393770856606,0.016734665930857727,23.71569317382128,-1.6840627353866182,202.46295092993233,178.90404907006769
2023-08-10,177.97,179.48,180.75,177.6,54.69M,-0.12%,177.97,54690000.0,186.843,187.4316,-0.0012346371850272542,0.016890696543818164,24.553734061930797,-2.2468712322846613,203.13612903545635,176.97387096454366
2023-08-11,177.79,177.32,178.62,176.55,52.04M,-0.10%,177.79,52040000.0,185.039,187.44240000000002,-0.0010114064168118553,0.015388263886491699,22.110365398956006,-2.6765716645291775,203.58564404923732,175.23435595076273
2023-08-14,179.46,177.97,179.69,177.3,43.68M,0.94%,179.46,43680000.0,183.33999999999997,187.4298,0.00939310422408468,0.01606907736908656,24.36640115858077,-2.849509932931227,203.3515982515095,174.01540174849052
2023-08-15,177.45,178.88,179.48,177.05,43.62M,-1.12%,177.45,43620000.0,181.525,187.3598,-0.011200267469073988,0.015999256006957525,20.34782608695656,-3.112871710933632,203.15244333046638,172.5865566695336
2023-08-16,176.57,177.13,178.54,176.5,46.96M,-0.50%,176.57,46960000.0,179.924,187.2996,-0.004959143420681822,0.015915308669797876,20.634920634920675,-3.3539343949989586,202.62188435881137,171.26411564118865
2023-08-17,174.0,177.14,177.51,173.48,66.06M,-1.46%,174.0,66060000.0,178.207,187.1954,-0.014555133941213105,0.01601858252404157,11.444719180501608,-3.709593940691178,202.39333204932836,169.57966795067165
2023-08-18,174.49,172.3,175.1,171.96,61.17M,0.28%,174.49,61170000.0,177.457,187.12879999999998,0.0028160919540229923,0.008776426050589831,11.03619588360553,-3.9068816879919837,202.03564531007922,168.19235468992073
2023-08-21,175.84,175.07,176.13,173.74,46.31M,0.77%,175.84,46310000.0,177.156,187.03419999999997,0.007736833056335657,0.008172492928576656,15.550906555090748,-3.9092366844471655,201.27330461517045,167.26369538482953
2023-08-22,177.23,177.06,177.68,176.25,42.08M,0.79%,177.23,42080000.0,176.899,186.9596,0.00790491355777978,0.008454760415249707,21.626617375231078,-3.755648870451097,200.13296254838482,166.7650374516152
2023-08-23,181.12,178.52,181.55,178.32,52.72M,2.19%,181.12,52720000.0,177.192,186.90619999999998,0.021948879986458447,0.01073075883767465,32.98340670504578,-3.282203729907735,198.6514095815519,166.9085904184481
2023-08-24,176.38,180.67,181.1,176.01,54.95M,-2.62%,176.38,54950000.0,177.03300000000002,186.7676,-0.026170494699646718,0.01391048198541276,38.82024711040257,-3.2519865544973072,197.25445087376744,166.6215491262326
2023-08-25,178.61,177.38,179.15,175.82,51.45M,1.26%,178.61,51450000.0,177.11499999999998,186.6608,0.012643156820501211,0.014544210432483828,49.50372208436729,-3.0133607155917446,194.97574223768393,167.17825776231612
2023-08-28,180.19,180.09,180.59,178.54,43.82M,0.88%,180.19,43820000.0,177.18800000000002,186.54440000000002,0.008846089244723077,0.01450826406131671,50.78597339782343,-2.6660229704025937,192.13009216035317,168.3979078396468
2023-08-29,184.12,179.7,184.9,179.5,53.00M,2.18%,184.12,53000000.0,177.855,186.5284,0.02181031133803213,0.0152847007207657,60.928861039439724,-2.050005956702762,189.33535339452945,170.04464660547055
2023-08-30,187.65,184.94,187.85,184.74,60.81M,1.92%,187.65,60810000.0,178.96300000000002,186.58120000000002,0.01917227894851181,0.015648381929985345,65.90013140604466,-1.26241421141998,187.87776913191476,171.00923086808524
2023-08-31,187.87,187.84,189.12,187.48,60.79M,0.12%,187.87,60790000.0,180.35,186.65939999999998,0.0011723954169997608,0.014036188892874635,66.53543307086613,-0.613418807435778,186.8297404697291,171.7272595302709
2023-09-01,189.46,189.49,189.92,188.28,45.77M,0.85%,189.46,45770000.0,181.847,186.70860000000002,0.00846329908979615,0.013927103621386005,66.44736842105262,0.028881509730553034,188.41041273772296,170.893587262277
2023-09-05,189.7,188.28,189.98,187.61,45.28M,0.13%,189.7,45280000.0,183.233,186.76899999999998,0.0012667581547554096,0.014108011466959721,71.39364303178485,0.550924419080502,190.02254253145563,170.36645746854438
2023-09-06,182.91,188.4,188.85,181.47,81.76M,-3.58%,182.91,81760000.0,183.801,186.7218,-0.035793357933579295,0.019699135591796223,59.177764910248996,0.4120016338808057,190.2499117486814,170.4500882513186
2023-09-07,177.56,175.18,178.21,173.54,112.49M,-2.92%,177.56,112490000.0,183.445,186.5118,-0.02924935760756653,0.020938366600731038,54.76956055734191,-0.12831680619163421,190.2513042894609,170.3856957105391
2023-09-08,178.18,178.35,180.24,177.79,65.60M,0.35%,178.18,65599999.99999999,183.625,186.29039999999998,0.00349177742734863,0.019122058316521556,54.92656875834446,-0.50072223010946,190.25179014242605,170.40620985757397
2023-09-11,179.36,180.07,180.3,177.34,58.95M,0.66%,179.36,58950000.0,183.7,186.08579999999998,0.0066225165562914245,0.018813406440539016,54.72103004291847,-0.6926555710125228,190.27037643535337,170.54462356464663
2023-09-12,176.3,179.49,180.13,174.82,90.37M,-1.71%,176.3,90370000.0,183.311,185.7324,-0.017060660124888494,0.01932546131049884,48.806161745828014,-1.079239748973464,190.27617069685937,170.2228293031406
2023-09-13,174.21,176.51,177.3,173.98,84.27M,-1.19%,174.21,84270000.0,182.32,185.3674,-0.011854792966534355,0.017567054683948116,40.69986541049799,-1.5365437089260752,190.40509432385664,169.76990567614337
2023-09-14,175.74,174.0,176.1,173.58,60.90M,0.88%,175.74,60900000.0,181.129,185.05560000000003,0.008782503874634084,0.016208516909402403,49.05715969357692,-1.7552685355678648,190.4296316535155,169.6623683464845
2023-09-15,175.01,176.48,176.49,173.82,109.26M,-0.42%,175.01,109260000.0,179.84300000000002,184.71959999999999,-0.004153863662228363,0.016017844036961597,44.45129469790379,-1.9648646984858829,190.36551578844134,169.82748421155864
2023-09-18,177.97,176.48,179.38,176.17,67.26M,1.69%,177.97,67260000.0,178.69400000000002,184.46539999999996,0.016913319238900604,0.017107064265127044,46.71791839148434,-1.8705612398206313,190.25347387397775,170.2875261260223
2023-09-19,179.07,177.52,179.63,177.13,51.83M,0.62%,179.07,51830000.0,177.631,184.27460000000002,0.006180816991627758,0.01741019473227648,41.85221039044851,-1.6876105387031828,190.2157041742135,170.64829582578648
2023-09-20,175.49,179.26,179.7,175.4,58.44M,-2.00%,175.49,58440000.0,176.88899999999998,184.02280000000002,-0.019992181828335176,0.014903187363042737,30.412371134020617,-1.8106251114607232,190.27839185194622,170.41160814805377
2023-09-21,173.93,174.55,176.3,173.86,63.15M,-0.89%,173.93,63150000.0,176.526,183.70600000000002,-0.008889395407145728,0.012225524230294518,28.47436689314391,-2.010814590271167,190.31338861084365,169.65761138915636
2023-09-22,174.79,174.67,177.08,174.05,56.73M,0.49%,174.79,56730000.0,176.18699999999998,183.391,0.004944517909503787,0.012306344411490262,26.824644549762994,-2.0761389444358542,190.37427065595912,169.4377293440409
2023-09-25,176.08,174.2,176.97,174.15,46.17M,0.74%,176.08,46170000.0,175.859,183.0988,0.007380284913324653,0.012366501843436713,29.174311926605554,-2.000753308018602,190.37409539477773,169.18490460522224
2023-09-26,171.96,174.82,175.2,171.66,64.59M,-2.34%,171.96,64590000.0,175.425,182.65820000000002,-0.023398455247614747,0.013359472931619818,31.768231768231814,-2.2475508486259343,190.52010926474125,168.21589073525874
2023-09-27,170.43,172.62,173.04,169.05,66.92M,-0.89%,170.43,66920000.0,175.047,182.19219999999999,-0.008897418004186974,0.013158351724903351,36.39832125143078,-2.5373489120803754,190.27924200435967,167.08775799564035
2023-09-28,170.69,169.34,172.03,167.62,56.29M,0.15%,170.69,56290000.0,174.542,181.70399999999998,0.0015255530129671957,0.012682187410867806,35.512572533849124,-2.714742279036642,189.14740983921877,166.52359016078128
2023-09-29,171.21,172.02,173.07,170.34,51.86M,0.30%,171.21,51860000.0,174.162,181.2656,0.0030464584920031346,0.012803044831483425,33.82294561333863,-2.781306970765513,187.6364572769738,166.3685427230262
2023-10-02,173.75,171.22,174.3,170.93,52.16M,1.48%,173.75,52160000.0,173.74,180.9018,0.014835582033759565,0.012472458744489929,44.83177948925819,-2.5991419062139016,185.16343969174181,167.2705603082582
2023-10-03,172.4,172.26,173.63,170.82,49.59M,-0.78%,172.4,49590000.0,173.073,180.4948,-0.007769784172661831,0.012192234074690635,46.21813623067279,-2.5344924464516225,181.80829713006247,168.89570286993754
2023-10-04,173.66,171.09,174.21,170.97,53.02M,0.73%,173.66,53020000.0,172.89000000000001,180.09560000000002,0.007308584686774866,0.011156705798557398,45.60439560439557,-2.3544452349973994,180.30797317784436,169.4710268221557
2023-10-05,174.91,173.79,175.45,172.68,48.53M,0.72%,174.91,48530000.0,172.988,179.7038,0.007197973050788953,0.011050671908000478,49.793217535153026,-2.0868362204962807,180.0281133349174,169.4858866650826
2023-10-06,177.49,173.8,177.99,173.18,57.27M,1.48%,177.49,57270000.0,173.258,179.3892,0.014750443085015164,0.011881174962944748,48.99159663865548,-1.6475774630324622,179.90761178380916,169.53738821619083
2023-10-09,178.99,176.81,179.05,175.8,42.39M,0.85%,178.99,42390000.0,173.549,179.05239999999998,0.008451180348188592,0.011943745985647614,49.834710743801686,-1.1649949326772457,179.82164501762148,169.58635498237854
2023-10-10,178.39,178.1,179.72,177.95,43.70M,-0.34%,178.39,43700000.0,174.19199999999998,178.69120000000004,-0.003352142577797812,0.008426696359508217,56.83317624882181,-0.8214901589496435,180.14407780623492,169.4729221937651
2023-10-11,179.8,178.2,179.85,177.6,47.55M,0.79%,179.8,47550000.0,175.12900000000002,178.3752,0.007904030494983116,0.0072227182948250744,63.929757949691485,-0.43052214353400586,180.85942361349333,169.3165763865067
2023-10-12,180.71,180.07,182.34,179.04,56.74M,0.51%,180.71,56740000.0,176.131,178.1378,0.0050611790878754,0.007098000843733477,64.0151515151515,-0.046709343495734856,181.63045792136103,169.04254207863897
2023-10-13,178.85,181.42,181.93,178.14,51.46M,-1.03%,178.85,51460000.0,176.895,177.8914,-0.010292734215040733,0.008727503924819323,56.385431074227704,0.10615492255701042,182.01195026729565,169.04504973270437
2023-10-16,178.72,176.75,179.07,176.51,52.52M,-0.07%,178.72,52520000.0,177.392,177.82600000000002,-0.0007268660889012679,0.00802068071189769,69.09604519774004,0.21434026009055174,182.11723098115885,169.0147690188411
2023-10-17,177.15,176.65,178.42,174.8,57.55M,-0.88%,177.15,57550000.0,177.867,177.792,-0.008784691136973999,0.008174972360416482,68.94024802705746,0.17141606288646472,181.85930356142782,169.08069643857218
2023-10-18,175.84,175.58,177.57,175.11,54.76M,-0.74%,175.84,54760000.0,178.085,177.71280000000002,-0.007394863110358418,0.0085767116063377,63.70409792442786,0.03133110994437516,181.87895111602174,169.09604888397828
2023-10-19,175.46,176.04,177.84,175.19,59.30M,-0.22%,175.46,59300000.0,178.14000000000001,177.6582,-0.002161055505004561,0.00836742652803994,61.39410187667559,-0.10909249831448165,181.91344639112413,169.21455360887592
2023-10-20,172.88,175.31,175.42,172.64,64.24M,-1.47%,172.88,64239999.99999999,177.679,177.55640000000002,-0.014704206086857519,0.007904675209579846,47.67255216693419,-0.4236797412715134,181.9235405437245,169.0134594562755
2023-10-23,173.0,170.91,174.01,169.93,55.98M,0.07%,173.0,55980000.0,177.07999999999998,177.4606,0.0006941230911614582,0.007032150104109978,51.71821305841923,-0.6557503191863248,181.8545160147937,168.77448398520633
2023-10-24,173.44,173.05,173.67,171.45,43.82M,0.25%,173.44,43820000.0,176.585,177.3402,0.0025433526011560126,0.007277205085553935,49.338942307692314,-0.794999343829744,181.8009493226741,168.9760506773259
2023-10-25,171.1,171.88,173.06,170.65,57.16M,-1.35%,171.1,57160000.0,175.71499999999997,177.2132,-0.013491697416974202,0.006921540499619129,39.255499153976345,-1.0817044275950423,181.7315536584211,169.1124463415789
2023-10-26,166.89,170.37,171.38,165.67,70.63M,-2.46%,166.89,70630000.0,174.33300000000003,177.0196,-0.02460549386323796,0.008371327838925482,22.623966942148797,-1.6298442575809702,182.3221105328827,168.1418894671173
2023-10-27,168.22,166.91,168.96,166.83,58.50M,0.80%,168.22,58500000.0,173.27,176.90400000000002,0.007969321109713157,0.009679273245025407,21.93850964043783,-1.9346279505035113,182.64035509812692,167.5246449018731
2023-10-30,170.29,169.02,171.17,168.87,51.13M,1.23%,170.29,51130000.0,172.427,176.82,0.0123053144691474,0.011230986195843212,30.396902226524745,-1.986243345807452,182.74893466007242,167.07006533992754
2023-10-31,170.77,169.35,170.9,167.9,44.85M,0.28%,170.77,44850000.0,171.78900000000002,176.7186,0.0028187210053438605,0.01136788748646823,27.116066903193158,-1.9657569079879522,182.80988106045365,166.84611893954636
2023-11-01,173.97,171.0,174.23,170.12,56.93M,1.87%,173.97,56930000.0,171.602,176.6534,0.018738654330385796,0.013247711053891569,34.69573115349682,-1.6720338366708063,182.81703061863982,166.8699693813602
2023-11-02,177.57,175.52,177.78,175.46,77.33M,2.07%,177.57,77330000.0,171.813,176.5824,0.0206932229694774,0.014892367419472302,47.30639730639731,-1.1356749194090128,183.04289885738285,166.91010114261712
2023-11-03,176.65,174.24,176.82,173.35,79.83M,-0.52%,176.65,79830000.0,172.19,176.58780000000002,-0.005181055358450148,0.01403534260457641,45.78411405295318,-0.7758988455496478,182.95440805827783,166.9145919417222
2023-11-06,179.23,176.38,179.43,176.21,63.84M,1.46%,179.23,63840000.0,172.81300000000002,176.6002,0.014605151429380125,0.014544331268756873,54.06885758998432,-0.27936888630887324,182.99263349445542,166.90036650554455
2023-11-07,181.82,179.18,182.44,178.97,70.53M,1.45%,181.82,70530000.0,173.651,176.63279999999997,0.01445070579702068,0.014927004254747515,61.140089418777926,0.3194436901482902,183.60719213812285,166.62880786187714
2023-11-08,182.89,182.35,183.45,181.59,49.34M,0.59%,182.89,49340000.0,174.82999999999998,176.60820000000004,0.005884941150588352,0.01347100166738862,63.4943697784235,0.8703145840659943,184.22054624367914,166.32445375632082
2023-11-09,182.41,182.96,184.12,181.81,53.76M,-0.26%,182.41,53760000.0,176.382,176.5034,-0.002624528405052118,0.008748462940359062,68.7377113645301,1.2536998760634503,184.55193510185256,166.1630648981474
2023-11-10,186.4,183.97,186.57,183.53,66.18M,2.19%,186.4,66180000.00000001,178.2,176.47400000000002,0.021873800778466235,0.009632720186858785,72.86689419795223,1.858076388300077,186.08104323045248,165.3889567695475
2023-11-13,184.8,185.82,186.03,184.21,43.63M,-0.86%,184.8,43630000.0,179.651,176.3808,-0.008583690987124415,0.011286182730205737,68.64740643466845,2.1827807624079583,187.08777778427975,164.99022221572028
2023-11-14,187.44,187.7,188.11,186.3,60.11M,1.43%,187.44,60110000.0,181.31799999999998,176.3356,0.014285714285714235,0.011253541104921175,76.56046814044217,2.622902072465024,188.72173176187104,164.385268238129
2023-11-15,188.01,187.85,189.5,187.78,53.79M,0.30%,188.01,53790000.0,182.72199999999998,176.43760000000003,0.0030409731113956173,0.010897570653005955,88.93805309734522,2.9833059242480147,190.35410066669002,163.96989933330994
2023-11-16,189.71,189.57,190.96,188.65,54.41M,0.90%,189.71,54410000.0,183.93599999999998,176.68059999999997,0.009042072230200704,0.00995313199311865,89.08694070571126,3.3672883616934257,192.1724725835549,163.57652741644506
2023-11-17,189.69,190.25,190.38,188.57,50.94M,-0.01%,189.69,50940000.0,185.23999999999998,176.91080000000002,-0.00010542406831481888,0.009394860746278032,88.12893081761013,3.6281602045729358,193.73487665518377,163.69512334481618
2023-11-20,191.45,189.89,191.9,189.88,46.54M,0.93%,191.45,46540000.0,186.46200000000002,177.1526,0.009278296167430922,0.009073020953615516,88.6976047904192,3.9315992814207164,195.42612465261462,163.84887534738536
2023-11-21,190.64,191.41,191.52,189.74,38.13M,-0.42%,190.64,38130000.0,187.344,177.43939999999998,-0.004230869678767291,0.009211585154467045,84.2581175503494,4.059916515060223,196.7322072980308,164.2627927019692
2023-11-22,191.31,191.49,192.93,190.82,39.63M,0.35%,191.31,39630000.0,188.186,177.7814,0.0035144775493076708,0.00921066716401161,82.10280373831782,4.167630398794188,197.79562604265493,165.22037395734503
2023-11-24,189.97,190.87,190.9,189.25,24.05M,-0.70%,189.97,24050000.0,188.942,178.06600000000003,-0.0070043385081804965,0.009681770228737088,80.5224564619615,4.097632667830283,197.82009542265183,167.50390457734812
2023-11-27,189.79,189.92,190.67,188.9,40.55M,-0.09%,189.79,40550000.0,189.281,178.3616,-0.0009475180291624863,0.007465661693722313,77.18846549948506,3.9817354977835464,197.5845266047021,169.8964733952979
2023-11-28,190.4,189.78,191.08,189.4,38.42M,0.32%,190.4,38420000.0,189.84099999999998,178.6102,0.0032140787185837016,0.006508125175996882,74.59862385321101,3.8942179372309056,197.34160056862459,172.15039943137543
2023-11-29,189.37,190.9,192.09,188.97,43.01M,-0.54%,189.37,43010000.0,190.034,178.81619999999998,-0.005409663865546199,0.005638262790549959,68.62068965517243,3.6991062537525465,196.55657931894802,174.79542068105195
2023-11-30,189.95,189.84,190.32,188.19,48.79M,0.31%,189.95,48790000.0,190.22799999999998,179.10539999999997,0.003062787136294043,0.0056391274641891765,71.54285714285709,3.550353723919045,195.99845470267059,176.9515452973294
2023-12-01,191.24,190.33,191.56,189.23,45.70M,0.68%,191.24,45700000.0,190.381,179.45159999999998,0.006791260858120651,0.005320205817995001,66.35135135135133,3.4962558304720517,195.92289753837446,178.39410246162555
2023-12-04,189.43,189.98,190.05,187.45,43.39M,-0.95%,189.43,43390000.0,190.355,179.74439999999998,-0.009464547165864867,0.00624347121833228,65.42305129913385,3.2696406053443923,195.0730448340121,180.52195516598792
2023-12-05,193.42,190.21,194.4,190.18,66.63M,2.11%,193.42,66629999.99999999,190.552,180.0912,0.02106318956870612,0.00880233701768617,68.27628361858183,3.373122800981207,194.98899157180776,182.02500842819225
2023-12-06,192.32,194.45,194.76,192.11,41.09M,-0.57%,192.32,41090000.0,190.72,180.4984,-0.005687105780167512,0.008910948692230252,62.75902901124923,3.3280091616541654,194.90589443126288,183.15810556873708
2023-12-07,194.27,193.63,195.0,193.59,47.48M,1.01%,194.27,47480000.0,191.016,180.9752,0.010139351081530856,0.009360736920159117,63.30221703617267,3.4102932429602504,195.16639647238966,184.03560352761033
2023-12-08,195.71,194.2,195.99,193.67,53.41M,0.74%,195.71,53410000.0,191.59,181.47560000000001,0.007412364235342528,0.008995521068096566,66.21767241379311,3.5507688822403907,195.3730576553326,185.15894234466745
2023-12-11,193.18,193.11,193.49,191.42,60.94M,-1.29%,193.18,60940000.0,191.929,181.915,-0.012927290378621392,0.010287188076759362,54.47490946714955,3.4185401793146752,195.52834289515914,185.68165710484084
2023-12-12,194.71,193.08,194.72,191.72,52.70M,0.79%,194.71,52700000.0,192.36,182.33419999999998,0.007920074541878153,0.010464194021921358,60.14962593516212,3.398035751902057,195.5343244155049,186.66667558449507
2023-12-13,197.96,195.09,198.0,194.85,70.40M,1.67%,197.96,70400000.0,193.219,182.8454,0.016691489908068347,0.010978586932712192,64.69288555015466,3.6025062346767527,196.68404787683494,186.56895212316505
2023-12-14,198.11,198.02,199.62,196.16,66.83M,0.08%,198.11,66830000.0,194.03500000000003,183.3344,0.0007577288341078514,0.011036166545965936,68.98320895522389,3.733615516227559,197.66333047654368,186.59966952345636
2023-12-15,197.57,197.53,198.4,197.0,128.54M,-0.27%,197.57,128539999.99999999,194.668,183.7876,-0.0027257584170411464,0.011203633488863532,67.84403669724767,3.7507112152633795,198.43577548798936,186.61322451201067
2023-12-18,195.89,196.09,196.63,194.39,55.75M,-0.85%,195.89,55750000.0,195.31400000000002,184.15560000000002,-0.008503315280660062,0.01108527708884606,62.00262352426754,3.5873450396901205,198.77012473989046,186.89887526010952
2023-12-19,196.94,196.16,196.95,195.89,40.71M,0.54%,196.94,40710000.0,195.666,184.5146,0.005360151105212152,0.009271148020534322,66.53560506771512,3.5022308560963893,199.27822037215157,186.93977962784845
2023-12-20,194.83,196.9,197.68,194.83,52.24M,-1.07%,194.83,52240000.0,195.917,184.84339999999997,-0.010713923022240168,0.009843454312548756,59.99180999181003,3.2273154033537423,199.41888230037242,187.21811769962758
2023-12-21,194.68,196.1,197.08,193.5,46.48M,-0.08%,194.68,46480000.0,195.95800000000003,185.141,-0.0007699019658163886,0.009352290178695943,57.38831615120273,2.963181468545656,199.5397752660432,187.4342247339568
2023-12-22,193.6,195.18,195.41,192.97,37.15M,-0.55%,193.6,37150000.0,195.747,185.39880000000002,-0.005547565235257901,0.009145177880446841,59.24611973392457,2.636316631091546,199.49052813280048,187.84647186719957
2023-12-26,193.05,193.61,193.89,192.83,28.92M,-0.28%,193.05,28920000.0,195.73399999999998,185.68280000000001,-0.0028409090909089496,0.008196125274534978,49.03192046049195,2.3063078082304287,199.3720577336739,188.2909422663261
2023-12-27,193.15,192.49,193.5,191.09,48.09M,0.05%,193.15,48090000.0,195.578,185.9714,0.0005180005180005498,0.007717939353694691,52.291551628934315,2.0294483850972824,199.2828464609641,188.6551535390359
2023-12-28,193.58,194.14,194.66,193.17,34.05M,0.22%,193.58,34050000.0,195.14,186.3,0.0022262490292519477,0.004933274286265148,47.92043399638337,1.8237101090232102,199.04051343128396,189.31848656871608
2023-12-29,192.53,193.9,194.4,191.73,42.67M,-0.54%,192.53,42670000.0,194.58200000000002,186.63379999999998,-0.00542411406137,0.004905373436236371,40.18518518518519,1.5579754470389844,198.8213880938424,189.79561190615763
2024-01-02,185.64,187.15,188.44,183.88,82.49M,-3.58%,185.64,82490000.0,193.389,186.8374,-0.0357866306549629,0.011511299100880766,31.663424124513625,0.78239443896544,199.84858238322647,188.20841761677354
2024-01-03,184.25,184.22,185.88,183.43,58.41M,-0.75%,184.25,58410000.0,192.225,187.0648,-0.007487610428786873,0.011492675644312077,24.38785504407447,0.05494613419023153,200.78871715534274,186.75028284465725
2024-01-04,181.91,182.15,183.09,180.88,71.98M,-1.27%,181.91,71980000.0,190.722,187.243,-0.012700135685210334,0.010905001884284067,8.867247565351178,-0.7022848297696953,201.99509179830983,184.3929082016902
2024-01-05,181.18,181.99,182.76,180.17,62.38M,-0.40%,181.18,62380000.0,189.357,187.39780000000002,-0.004012973448408452,0.010915522125589898,7.864609258337538,-1.345787324840643,202.95100294949899,182.32299705050102
2024-01-08,185.56,182.09,185.6,181.5,59.14M,2.42%,185.56,59140000.0,188.445,187.687,0.024174853736615542,0.014728199309733896,24.905975762641063,-1.4852176292428112,202.9515076377039,181.4514923622961
2024-01-09,185.14,183.92,185.15,182.73,42.84M,-0.23%,185.14,42840000.0,187.599,188.05200000000002,-0.0022634188402673727,0.014743512405576985,26.29025143361271,-1.6110366127003601,202.73161531258515,180.61438468741486
2024-01-10,186.19,184.35,186.4,183.92,46.79M,0.57%,186.19,46790000.0,186.913,188.4114,0.005671383817651643,0.015082771247593881,26.29025143361271,-1.6074926639825264,202.6208294934853,180.02617050651475
2024-01-11,185.59,186.54,187.05,183.62,49.13M,-0.32%,185.59,49130000.0,186.15699999999998,188.71740000000003,-0.0032225146355873147,0.01501806424962259,28.166351606805293,-1.6342603091297008,202.32439197314747,179.41060802685254
2024-01-12,185.92,186.06,186.74,185.19,40.48M,0.18%,185.92,40480000.0,185.39100000000002,189.0204,0.0017781130448837335,0.014998466347408434,29.47516401124645,-1.6102832754515077,201.41437669584272,179.1166233041573
2024-01-16,183.63,182.16,184.26,180.93,65.60M,-1.23%,183.63,65599999.99999999,184.501,189.2136,-0.012317125645438853,0.015231485048766678,27.89356984478934,-1.7558251063252897,200.42289943593488,178.6601005640651
2024-01-17,182.68,181.27,182.93,180.3,47.32M,-0.52%,182.68,47320000.0,184.20499999999998,189.31579999999997,-0.005173446604585297,0.010661489129350863,27.40740740740739,-1.9256276791600158,199.39949047208611,178.19450952791388
2024-01-18,188.63,186.09,189.14,185.83,78.01M,3.26%,188.63,78010000.0,184.643,189.55540000000002,0.03257061528355587,0.0148769948890002,42.15277777777776,-1.5620755333278282,198.49740614096658,178.37059385903342
2024-01-19,191.56,189.33,191.95,188.82,68.90M,1.55%,191.56,68900000.0,185.608,189.80200000000002,0.015533054127127244,0.014352014842563087,46.7731629392971,-1.025707606726229,197.5347755969388,178.79522440306118
2024-01-22,193.89,192.3,195.33,192.26,60.13M,1.22%,193.89,60130000.0,186.879,190.0434,0.012163290874921628,0.014098364725182168,52.08717004297113,-0.4079184037565824,197.3555038779361,178.8804961220639
2024-01-23,195.18,195.02,195.75,193.83,42.36M,0.67%,195.18,42360000.0,187.84099999999998,190.2892,0.006653257001392632,0.012734537973816004,67.67976278724987,0.1836591017467697,197.45766325634455,178.82833674365546
2024-01-24,194.5,195.42,196.38,194.34,53.63M,-0.35%,194.5,53630000.0,188.777,190.53099999999998,-0.003483963520852562,0.012818942676659843,69.5089455652836,0.5908077558961509,197.6216030957725,178.75439690422746
2024-01-25,194.17,195.22,196.27,193.11,54.82M,-0.17%,194.17,54820000.0,189.575,190.6864,-0.0016966580976864876,0.0129878050927559,75.26793075020609,0.8767412284531133,197.81147428586428,178.67652571413572
2024-01-26,192.42,194.27,194.76,191.94,44.59M,-0.90%,192.42,44590000.0,190.25799999999998,190.83880000000002,-0.009012720811659936,0.013479239734484004,72.23101265822781,0.9511706872546597,197.70145569491402,178.713544305086
2024-01-29,191.73,192.01,192.2,189.58,47.15M,-0.36%,191.73,47150000.0,190.839,190.9246,-0.003585905830994718,0.013669666760152448,64.28902269569241,0.943602078768663,197.42278169061498,178.80721830938504
2024-01-30,188.04,190.94,191.8,187.47,55.86M,-1.92%,188.04,55860000.0,191.28,190.92520000000002,-0.019245814426537278,0.014679866672747306,55.83266291230894,0.6325599829033592,196.96354504099565,178.81745495900435
2024-01-31,184.4,187.04,187.1,184.35,55.47M,-1.94%,184.4,55470000.0,191.452,190.81900000000002,-0.019357583492873753,0.01611572766245935,46.73952641165757,0.09128700200713524,196.98287950986696,178.67412049013302
2024-02-01,186.86,183.99,186.95,183.82,64.89M,1.33%,186.86,64890000.0,191.275,190.7624,0.013340563991323329,0.012728462810987882,52.166496076424444,-0.13758826225065945,196.97190746944506,178.94609253055495
2024-02-02,185.85,179.86,187.33,179.25,102.55M,-0.54%,185.85,102550000.0,190.704,190.65039999999996,-0.005405116129722942,0.011381377461295047,49.883294431477175,-0.3959083323984771,196.77587519754204,179.53612480245798
2024-02-05,187.68,188.15,189.25,185.84,69.67M,0.98%,187.68,69670000.0,190.08300000000003,190.5912,0.00984665052461664,0.011058266207074466,56.85743311886219,-0.44780116989440444,196.4597240768738,180.50227592312618
2024-02-06,189.3,186.86,189.31,186.77,43.49M,0.86%,189.3,43490000.0,189.495,190.55100000000002,0.008631713554987153,0.011269712359840357,60.960264900662246,-0.354124034942231,196.53296990325435,180.8030300967456
2024-02-07,189.41,190.64,191.05,188.61,53.44M,0.06%,189.41,53440000.0,188.98600000000002,190.53979999999999,0.0005810882197569978,0.011323377585816558,51.600985221674875,-0.2679197379291054,196.573142148951,181.18985785104903
2024-02-08,188.32,189.38,189.54,187.35,40.96M,-0.58%,188.32,40960000.0,188.401,190.5104,-0.005754712000422435,0.011360445080215812,42.8063943161634,-0.2842791093526671,196.58108161560273,181.39491838439727
2024-02-09,188.85,188.65,189.99,188.0,45.16M,0.28%,188.85,45160000.0,188.044,190.47940000000003,0.0028143585386575243,0.01127983999130568,37.83783783783789,-0.2515774304468721,196.57502898135115,181.72697101864887
2024-02-12,187.15,188.41,188.67,186.79,41.78M,-0.90%,187.15,41780000.0,187.586,190.435,-0.009001853322742837,0.011502227453672785,30.99858021769998,-0.35870201329336737,196.54363009168472,181.8813699083153
2024-02-13,185.04,185.77,186.21,183.51,56.53M,-1.13%,185.04,56530000.0,187.286,190.3368,-0.011274378840502308,0.010427600017828892,29.03368794326242,-0.6068628458563694,196.41243520315192,182.15356479684806
2024-02-14,184.15,185.32,185.53,182.44,54.63M,-0.48%,184.15,54630000.0,187.26100000000002,190.195,-0.00480977086035439,0.008506183425016698,28.330449826989664,-0.865372183666608,196.2248416369789,182.48815836302106
2024-02-15,183.86,183.55,184.49,181.35,65.43M,-0.16%,183.86,65430000.00000001,186.96099999999998,190.08360000000002,-0.0015748031496062298,0.007074068747860763,30.24007386888279,-1.0811801015103697,196.41072341015303,181.82527658984696
2024-02-16,182.31,183.42,184.85,181.66,49.75M,-0.84%,182.31,49750000.0,186.607,189.86140000000003,-0.008430327423039286,0.007315686992150726,29.085257548845505,-1.3615859619120556,196.45199712169327,180.85900287830677
2024-02-20,181.56,181.79,182.43,180.0,53.67M,-0.41%,181.56,53670000.0,185.99499999999998,189.6462,-0.004113871976304084,0.00604776707288136,33.45250255362619,-1.625589573771947,196.0399891493845,180.03801085061548
2024-02-21,182.32,181.94,182.89,180.66,41.53M,0.42%,182.32,41530000.0,185.297,189.40720000000002,0.004185944040537404,0.005174042361727532,43.77245508982033,-1.7532779924795818,195.03963209338943,179.7523679066106
2024-02-22,184.37,183.48,184.96,182.46,52.29M,1.12%,184.37,52290000.0,184.79299999999998,189.18040000000002,0.011243966652040527,0.0069551576788113795,42.35727440147328,-1.6698056368518905,193.8643162775378,179.9146837224622
2024-02-23,182.52,185.01,185.04,182.23,45.12M,-1.00%,182.52,45120000.0,184.213,188.96719999999996,-0.010034170418180777,0.007289558166114277,40.28021015761826,-1.7329562911395726,192.63786042211888,179.9761395778811
2024-02-26,181.16,182.24,182.76,180.65,40.87M,-0.75%,181.16,40870000.0,183.44400000000002,188.69619999999998,-0.007451238220469114,0.007084135411768851,30.43217286914762,-1.871174538332042,191.7818190555454,179.7061809444546
2024-02-27,182.63,181.1,183.92,179.56,54.32M,0.81%,182.63,54320000.0,182.99200000000002,188.3896,0.008114374034003058,0.007806142748096583,29.80012113870376,-1.8408763042140777,190.77365380571626,179.8043461942837
2024-02-28,181.42,182.51,183.12,180.13,48.95M,-0.66%,181.42,48950000.0,182.63,188.0558,-0.006625417510814247,0.007344651852303185,27.31402612152185,-1.8926839406833267,190.54174935345787,179.37425064654212
2024-02-29,180.75,181.27,182.57,179.53,136.68M,-0.37%,180.75,136680000.0,182.29000000000002,187.71940000000004,-0.0036930878624186203,0.007304713234503755,27.98138452588715,-1.9651522149463005,190.66619730481693,178.8848026951831
2024-03-01,179.66,179.55,180.53,177.38,73.56M,-0.60%,179.66,73560000.0,181.87,187.3948,-0.006030428769018048,0.0074218346383198444,24.11267605633803,-2.086486022816757,190.64036854649854,178.19063145350148
2024-03-04,175.1,176.15,176.9,173.79,81.51M,-2.54%,175.1,81510000.0,181.149,186.95800000000003,-0.025381275743070253,0.010342713344689131,20.766618146530803,-2.521531188267204,191.3190004986685,176.43699950133154
2024-03-05,170.12,170.76,172.04,169.62,95.13M,-2.84%,170.12,95130000.0,180.005,186.46379999999996,-0.02844089091947455,0.012918351854201968,18.228279386712103,-3.2309080992239387,192.43018669235983,173.56981330764017
2024-03-06,169.12,171.06,171.24,168.68,68.59M,-0.59%,169.12,68590000.0,178.685,185.95260000000002,-0.005878203620973466,0.01238193036401037,18.143281051292917,-3.829640344569242,192.80047712840906,171.18152287159097
2024-03-07,169.0,169.15,170.73,168.49,71.77M,-0.07%,169.0,71770000.0,177.148,185.4606,-0.0007095553453169146,0.010864130736678272,18.27497865072587,-4.264662584146691,192.64962122686032,169.29137877313966
2024-03-08,170.73,169.0,173.7,168.94,76.27M,1.02%,170.73,76270000.0,175.969,185.0142,0.010236686390532546,0.012357920491381848,25.466101694915224,-4.418886132714249,192.08478066903675,168.09721933096327
2024-03-11,172.75,172.94,174.38,172.05,60.14M,1.18%,172.75,60140000.0,175.128,184.6062,0.01183154688689747,0.013645247012003802,32.287897064736626,-4.328219270392964,190.96144323513914,167.61055676486086
2024-03-12,173.23,173.15,174.03,171.01,59.83M,0.28%,173.23,59830000.0,174.18800000000002,184.1992,0.002778581765557009,0.013186950769457612,31.516876779178517,-4.169568944980028,189.94684537370378,167.23315462629623
2024-03-13,171.13,172.77,173.18,170.76,52.49M,-1.21%,171.13,52490000.0,173.159,183.77120000000002,-0.01212261155688965,0.01336673548716164,23.13311688311684,-4.165275169286389,189.2918209686868,166.49717903131324
2024-03-14,173.0,172.91,174.31,172.05,72.91M,1.09%,173.0,72910000.0,172.384,183.5184,0.010927365160988689,0.014377022643078297,30.69748580697484,-3.9652697875402225,188.535013169642,166.13898683035802
2024-03-15,172.62,171.17,172.62,170.29,121.75M,-0.22%,172.62,121750000.0,171.68,183.2858,-0.0021965317919074856,0.014376243459868258,31.967905405405403,-3.793695545003601,187.71995606012194,165.83004393987807
2024-03-18,173.72,175.57,177.71,173.52,75.60M,0.64%,173.72,75600000.0,171.542,183.122,0.006372378635152387,0.012485760749908587,30.888030888030883,-3.5282889954948473,187.04739058556322,165.64360941443675
2024-03-19,176.08,174.34,176.6,173.03,55.22M,1.36%,176.08,55220000.0,172.13799999999998,183.02,0.01358507943817644,0.008580518339572876,39.084219133278864,-3.091878861315678,186.48806226755198,165.65493773244805
2024-03-20,178.67,175.72,178.67,175.09,53.42M,1.47%,178.67,53420000.0,173.09300000000002,182.8822,0.014709223080417777,0.008554797659660414,46.05761940864288,-2.5081173161745483,185.96701129087725,165.8109887091227
2024-03-21,171.37,177.05,177.49,170.84,106.18M,-4.09%,171.37,106180000.0,173.32999999999998,182.6068,-0.04085744668942737,0.01703342963894891,37.28137465480208,-2.604507931050591,184.67001244774778,165.80798755225223
2024-03-22,172.28,171.76,173.05,170.06,71.16M,0.53%,172.28,71160000.0,173.48499999999999,182.3286,0.005310147633774909,0.016823463685702082,45.12785072563925,-2.5777540489044384,183.58831533542184,165.86568466457817
2024-03-25,170.85,170.57,171.94,169.45,54.29M,-0.83%,170.85,54290000.0,173.29500000000002,182.0338,-0.008300441142326531,0.01659071467992866,51.43757384797162,-2.6414909896856216,182.68829997964048,165.73470002035953
2024-03-26,169.71,170.0,171.42,169.58,57.39M,-0.67%,169.71,57390000.0,172.943,181.7096,-0.00667251975417027,0.01662201583249261,51.15550332941638,-2.7522650488197655,181.2755439619259,165.85545603807407
2024-03-27,173.31,170.41,173.6,170.11,60.27M,2.12%,173.31,60270000.0,173.161,181.5032,0.02121265688527485,0.017659833931089334,57.42847294036541,-2.5205095105480098,179.92595502264928,166.39404497735072
2024-03-28,171.48,171.75,172.23,170.51,65.67M,-1.06%,171.48,65670000.0,173.00900000000001,181.27920000000003,-0.010559113726847924,0.01768017352574481,51.28821710752319,-2.456193809502622,178.4705591395879,166.92244086041208
2024-04-01,170.03,171.19,171.25,169.48,46.24M,-0.85%,170.03,46240000.0,172.75,180.9072,-0.008455796594354914,0.017847487569255274,45.23475823405745,-2.4934827182618733,177.0783300265823,167.3516699734177
2024-04-02,168.84,169.08,169.34,168.23,49.33M,-0.70%,168.84,49330000.0,172.262,180.4528,-0.0069987649238369976,0.01770365074450222,42.4957264957265,-2.589210692722702,176.78925345320627,167.0147465467937
2024-04-03,169.65,168.79,170.68,168.58,47.69M,0.48%,169.65,47690000.0,171.619,179.968,0.00479744136460547,0.017009838306321794,47.353361945636635,-2.570089183337643,176.8061845208403,166.95081547915964
2024-04-04,168.82,170.29,171.92,168.82,53.70M,-0.49%,168.82,53700000.0,170.634,179.44080000000002,-0.004892425582080806,0.01575069105602969,42.23625557206535,-2.592030004379694,176.8282272676545,166.89877273234546
2024-04-05,169.58,169.59,170.39,168.95,42.10M,0.45%,169.58,42100000.0,170.455,178.94240000000002,0.004501836275322857,0.009892061519943488,44.432234432234445,-2.519054522240225,176.7931632204312,166.99183677956876
2024-04-08,168.45,169.03,169.2,168.24,37.43M,-0.67%,168.45,37430000.0,170.072,178.428,-0.006663521641703141,0.009766496686636764,40.35858031467251,-2.523315275296312,176.89437529168634,166.66262470831367
2024-04-09,169.67,168.7,170.08,168.35,42.45M,0.72%,169.67,42450000.0,169.954,177.97299999999998,0.007242505194419602,0.00992383548477089,37.762504772814005,-2.400575805180182,176.80229662547913,166.44670337452084
2024-04-10,167.78,168.8,169.09,167.11,49.71M,-1.11%,167.78,49710000.0,169.761,177.49400000000003,-0.011139270348323183,0.010317797163117178,28.638681836014158,-2.4278246442039517,176.74327794635207,165.96072205364794
2024-04-11,175.04,168.34,175.46,168.16,91.07M,4.33%,175.04,91070000.0,169.934,177.23399999999998,0.04327095005364168,0.016262367016930408,57.21021611001962,-1.8423606332487452,177.1829250762085,165.91207492379147
2024-04-12,176.55,174.26,178.36,174.21,101.67M,0.86%,176.55,101670000.0,170.44099999999997,177.077,0.008626599634369292,0.015859411468749154,58.19577735124761,-1.2422123553408255,177.76235215576483,165.68764784423516
2024-04-15,172.69,175.36,176.63,172.5,73.53M,-2.19%,172.69,73530000.0,170.707,176.79359999999997,-0.02186349476069105,0.017427456936020266,53.230337078651694,-1.065774674867754,177.76811753756698,165.688882462433
2024-04-16,169.38,171.75,173.76,168.27,73.71M,-1.92%,169.38,73710000.0,170.76100000000002,176.4642,-0.01916729399502004,0.018493623241189677,49.461663947797696,-1.179440028629699,177.5616979958973,165.46130200410272
2024-04-17,168.0,169.61,170.65,168.0,50.90M,-0.81%,168.0,50900000.0,170.596,176.0706,-0.008147360963513983,0.018609844398282116,40.661273302849125,-1.3651386388006586,176.9487034628851,165.26629653711487
2024-04-18,167.04,168.03,168.64,166.55,43.12M,-0.57%,167.04,43120000.0,170.418,175.62539999999998,-0.005714285714285783,0.01863161423221406,41.944847605224986,-1.5716530639910218,175.43911199483244,165.61288800516758
2024-04-19,165.0,166.21,166.4,164.07,68.15M,-1.22%,165.0,68150000.0,169.95999999999998,175.13719999999998,-0.012212643678160884,0.01884118960128882,41.06571936056841,-1.8782765815733171,175.6838448240281,164.73115517597185
2024-04-22,165.84,165.51,167.26,164.77,48.12M,0.51%,165.84,48120000.0,169.699,174.68759999999997,0.005090909090909035,0.01892437934699023,44.604316546762604,-2.0300952739061984,175.60085871693434,164.17014128306567
2024-04-23,166.9,165.35,167.05,164.92,49.54M,0.64%,166.9,49540000.0,169.422,174.24859999999998,0.006391702846116676,0.018883067888929968,45.09803921568628,-2.041348149393116,175.534512590747,163.84148740925303
2024-04-24,169.02,166.54,169.3,166.21,48.25M,1.27%,169.02,48250000.0,169.546,173.886,0.012702216896345098,0.019033393064122092,50.34083162917521,-1.8577844689411052,175.50760436316398,163.79939563683604
2024-04-25,169.89,169.52,170.61,168.15,50.56M,0.51%,169.89,50560000.0,169.031,173.58300000000003,0.0051473198438052314,0.012191338352326381,50.526315789473635,-1.6233937282001705,175.0811121400589,163.88388785994113
2024-04-26,169.3,169.88,171.34,169.18,44.84M,-0.35%,169.3,44840000.0,168.306,173.28599999999997,-0.003472835364058957,0.011499422603294349,51.47007955724667,-1.4683195725974372,174.89268863221508,163.85431136778493
2024-04-29,173.5,173.37,176.03,173.1,68.17M,2.48%,173.5,68170000.0,168.387,173.0788,0.024808033077377445,0.012887263368491988,56.005017246785854,-0.9950470054146763,175.36325345137266,163.73074654862734
2024-04-30,170.33,173.33,174.99,170.0,65.93M,-1.83%,170.33,65930000.00000001,168.482,172.83919999999998,-0.0182708933717578,0.012737177931673413,53.843834790473345,-0.8657873359077826,175.43779390049372,163.80520609950628
2024-05-01,169.3,169.58,172.71,169.11,50.38M,-0.60%,169.3,50380000.0,168.612,172.59399999999997,-0.006047085070157943,0.012592821099050341,39.346696362286586,-0.8368142348877825,175.42203873628569,163.78596126371434
2024-05-02,173.03,172.51,173.41,170.89,94.21M,2.20%,173.03,94210000.0,169.21099999999998,172.4082,0.022031896042528087,0.013969174431533317,43.964334705075416,-0.5070283097594483,175.81488761906485,163.81411238093517
2024-05-03,183.38,186.65,187.0,182.66,163.22M,5.98%,183.38,163220000.0,171.049,172.38839999999996,0.05981621684101013,0.021461125226638223,64.99298737727914,0.5827701023469558,179.0326934287384,161.9763065712616
2024-05-06,181.71,182.35,184.2,180.42,78.57M,-0.91%,181.71,78570000.0,172.63600000000002,172.37220000000002,-0.009106772821463549,0.022334100200608213,68.12702146427529,1.2967401391556734,180.98712347869014,161.34787652130984
2024-05-07,182.4,183.45,184.9,181.32,77.31M,0.38%,182.4,77310000.0,174.18599999999998,172.39700000000002,0.0037972593693247347,0.022387933056081125,71.60864345738302,1.8963834427618735,182.7953140826403,160.81268591735977
2024-05-08,182.74,182.85,183.07,181.45,45.06M,0.19%,182.74,45060000.0,175.558,172.39919999999998,0.0018640350877192624,0.02245858208906504,74.00611620795117,2.3717007496583733,184.39355146307793,160.71044853692206
2024-05-09,184.57,182.56,184.66,182.11,48.98M,1.00%,184.57,48980000.0,177.026,172.46219999999997,0.010014227864725722,0.022441256053004267,80.11695906432757,2.863055326290578,186.00424461914022,160.0527553808598
2024-05-10,183.05,184.9,185.09,182.13,50.76M,-0.82%,183.05,50760000.0,178.401,172.5082,-0.008235357858806913,0.02277268948595667,75.94211637021417,3.094138765802512,187.00845287047275,159.69854712952724
2024-05-13,186.28,185.43,187.1,184.62,72.04M,1.76%,186.28,72040000.0,179.679,172.64059999999998,0.017645452062277966,0.022295278548678858,77.41935483870978,3.4975900216502964,188.85186436447574,159.21413563552423
2024-05-14,187.43,187.51,188.3,186.29,52.39M,0.62%,187.43,52390000.0,181.389,172.88719999999998,0.006173502254670504,0.020436547433525486,76.78207739307547,3.865563626412495,190.7277905575073,159.1432094424927
2024-05-15,189.72,187.91,190.65,187.37,70.40M,1.22%,189.72,70400000.0,183.431,173.27920000000003,0.012217894680680796,0.01966496525234522,77.70326906957261,4.292488090241449,192.76429392518347,159.27870607481654
2024-05-16,189.84,190.47,191.1,189.66,52.85M,0.06%,189.84,52850000.0,185.11200000000002,173.6936,0.0006325110689437974,0.01957038647857705,79.07701019252555,4.587628475403818,194.42610970949434,159.8968902905057
2024-05-17,189.87,189.51,190.81,189.18,41.28M,0.02%,189.87,41280000.0,185.76100000000002,174.111,0.00015802781289497858,0.008462210480363282,76.27608346709478,4.768976315911061,195.56367189070156,161.2463281092985
2024-05-20,191.04,189.32,191.92,189.01,44.36M,0.62%,191.04,44360000.0,186.69400000000002,174.5172,0.006162110917996566,0.00721751191097715,85.52315608919389,4.9500439822240025,196.63870784168452,162.69129215831552
2024-05-21,192.35,191.09,192.73,190.92,42.31M,0.69%,192.35,42310000.0,187.68900000000002,174.90919999999997,0.006857202680067065,0.0072236928543480015,89.16072035338098,5.139996780819899,197.6963843680983,164.1786156319017
2024-05-22,190.9,192.26,192.82,190.27,34.65M,-0.75%,190.9,34650000.0,188.50500000000002,175.26260000000002,-0.007538341564855666,0.008264603437082725,82.90976058931871,5.114575220964042,198.36598953659677,165.69701046340322
2024-05-23,186.88,190.98,191.0,186.63,51.01M,-2.11%,186.88,51010000.0,188.736,175.5776,-0.021058145625982294,0.011231520638286198,58.40537944284345,4.715688526251199,198.29823423896417,167.4637657610359
2024-05-24,189.98,188.82,190.58,188.04,36.33M,1.66%,189.98,36330000.0,189.429,175.91719999999998,0.016588184931506822,0.011625806859156793,68.58426966292136,4.596723867701201,198.23173220580654,169.5982677941935
2024-05-28,189.99,191.51,193.0,189.1,52.28M,0.01%,189.99,52280000.0,189.8,176.2646,5.263711969694107e-05,0.010579126909970963,67.5938803894298,4.45193134185493,198.41575137159657,171.06324862840341
2024-05-29,190.29,189.61,192.25,189.51,53.07M,0.16%,190.29,53070000.0,190.08599999999998,176.59599999999998,0.001579030475288068,0.010478205840791887,67.53367394333489,4.311687267851653,197.80479878639602,173.670201213604
2024-05-30,191.29,190.76,192.18,190.63,49.95M,0.53%,191.29,49950000.0,190.243,176.9002,0.0052551368963160705,0.009907470097669385,66.23188405797104,4.232445474625678,196.33109145899377,177.3429085410062
2024-05-31,192.25,191.44,192.57,189.91,75.16M,0.50%,192.25,75160000.0,190.48399999999998,177.1718,0.005018558210047708,0.00999256547116593,72.84011916583911,4.198709648313297,195.02880136784415,180.56719863215585
2024-06-03,194.03,192.9,194.99,192.52,50.08M,0.93%,194.03,50080000.0,190.89999999999998,177.625,0.009258777633289972,0.010286358474215088,70.73301230604602,4.266424204355616,195.7573261266813,180.9036738733187
2024-06-04,194.35,194.63,195.32,193.03,47.47M,0.16%,194.35,47470000.0,191.231,178.0664,0.0016492295005927637,0.010192639168835196,69.37290033594623,4.296383765877607,196.1650459680048,181.75995403199522
2024-06-05,195.87,195.4,196.9,194.87,54.16M,0.78%,195.87,54160000.0,191.583,178.5668,0.007820941600205966,0.010250515950318563,67.99297834991225,4.392148279709573,196.7735844358662,182.49841556413378
2024-06-06,194.48,195.68,196.5,194.17,41.18M,-0.71%,194.48,41180000.0,191.94099999999997,179.06220000000002,-0.0070965436258744186,0.010206352749799983,62.636165577342,4.306241294481566,196.88802923752158,183.55797076247845
2024-06-07,196.89,194.65,196.94,194.14,53.10M,1.24%,196.89,53100000.0,192.942,179.5338,0.012392019744960958,0.0067345524279893865,66.92381870781094,4.382111989308811,197.58102499645392,184.09697500354608
2024-06-10,193.12,196.9,197.3,192.15,97.26M,-1.91%,193.12,97260000.0,193.256,179.9666,-0.019147747473208354,0.009112300466336631,54.4558697514996,4.09087550247196,197.06181123937245,185.6231887606276
2024-06-11,207.15,193.65,207.16,193.63,172.37M,7.26%,207.15,172370000.0,194.972,180.709,0.07264913007456508,0.024162668584646028,70.52135330005548,4.935281383127148,201.0656225967053,183.70637740329468
2024-06-12,213.07,207.37,220.2,206.9,198.13M,2.86%,213.07,198130000.0,197.25,181.5936,0.028578324885348616,0.02475033252044381,77.35011102886749,6.012861131411114,206.04999643796043,181.28600356203958
2024-06-13,214.24,214.74,216.75,211.6,97.86M,0.55%,214.24,97860000.0,199.54500000000002,182.4854,0.005491153142159977,0.024743681473887832,86.30573248407644,6.881929468312677,210.1517826905411,179.6362173094589
2024-06-14,212.49,213.85,215.17,211.3,70.12M,-0.82%,212.49,70120000.0,201.56900000000002,183.35879999999997,-0.008168409260642218,0.025477554219014303,80.97990641343245,7.344795778212045,212.97363051321022,179.07936948678977
2024-06-17,216.67,213.37,218.95,212.72,93.73M,1.97%,216.67,93730000.0,203.83300000000003,184.30059999999997,0.019671513953597675,0.025640596181611578,82.93827160493827,7.957186240062356,216.37654972446217,178.35645027553784
2024-06-18,214.29,217.59,218.63,213.0,79.94M,-1.10%,214.29,79940000.0,205.827,185.21740000000003,-0.010984446393132341,0.02647132879727151,78.18224518553312,8.156441602024188,218.7171496245538,178.3408503754462
2024-06-20,209.68,213.93,214.24,208.85,86.17M,-2.15%,209.68,86170000.0,207.208,186.01760000000002,-0.02151290307527176,0.028315530694657122,69.90690625676557,7.851853163652123,219.95127723889212,178.83972276110788
2024-06-21,207.49,210.39,211.89,207.11,246.42M,-1.04%,207.49,246420000.0,208.50900000000001,186.8118,-0.010444486837085099,0.02852222085914605,66.06916912695067,7.349034835427261,220.67597295331115,179.77402704668884
2024-06-24,208.14,207.72,212.7,206.59,80.73M,0.31%,208.14,80730000.0,209.63400000000001,187.4738,0.0031326810930645266,0.028472656291662225,65.24087275869519,6.923191018892908,221.01567076176093,181.56032923823904
2024-06-25,209.07,209.15,211.38,208.61,56.71M,0.45%,209.07,56710000.0,211.22899999999998,188.12419999999997,0.004468146439896348,0.027108563976562694,65.69296375266526,6.584843971535321,221.50837916499614,182.97662083500387
2024-06-26,213.25,211.5,214.86,210.64,66.21M,2.00%,213.25,66209999.99999999,211.839,188.93540000000002,0.019993303678193852,0.016094412579094462,67.53430185633577,6.578163590026861,222.36288653429753,184.4481134657025
2024-06-27,214.1,214.69,215.74,212.35,49.77M,0.40%,214.1,49770000.0,211.942,189.8298,0.00398593200468933,0.013410691760263332,70.01223990208082,6.565771113460073,223.06974854390418,186.12225145609582
2024-06-28,210.62,215.77,216.07,210.3,82.54M,-1.63%,210.62,82540000.0,211.58,190.68220000000002,-0.01625408687529184,0.014259004402339185,63.70533040527056,6.203631468133295,223.10423114544847,188.02076885455153
2024-07-01,216.75,212.09,217.51,211.92,60.40M,2.91%,216.75,60400000.0,212.006,191.67640000000003,0.02910454847592825,0.016968635650199203,72.52621544327934,6.338210019878602,223.8296062140447,189.7453937859553
2024-07-02,220.27,216.15,220.38,215.1,58.05M,1.62%,220.27,58050000.0,212.36599999999999,192.7818,0.016239907727797043,0.016604961134880802,65.64139246542683,6.652216463327164,225.04620093651977,191.1527990634802
2024-07-03,221.55,220.0,221.55,219.03,37.37M,0.58%,221.55,37370000.0,213.092,193.89600000000002,0.0058110500749080085,0.016009968643748998,61.36729222520111,6.924532435107949,226.12355457075532,192.79544542924467
2024-07-05,226.34,221.65,226.45,221.65,60.41M,2.16%,226.34,60410000.0,214.75799999999998,195.08480000000003,0.02162040171518842,0.01425027404992735,64.78494623655916,7.441081616017584,227.98384592323396,193.98215407676605
2024-07-08,227.82,227.09,227.85,223.25,59.09M,0.65%,227.82,59090000.0,216.791,196.26080000000002,0.006538835380401231,0.012774464168438044,68.85608856088562,7.879049417402371,229.37341189062337,195.92658810937664
2024-07-09,228.68,227.93,229.4,226.37,48.17M,0.38%,228.68,48170000.0,218.84499999999997,197.4366,0.0037749100166799554,0.01274066639025517,66.08625770158054,8.20100083538307,230.69676520096914,197.78223479903085
2024-07-10,232.98,229.3,233.08,229.25,62.63M,1.88%,232.98,62630000.0,221.23600000000002,198.71020000000001,0.01880356830505492,0.012913371123425112,73.80891719745226,8.702803218867842,231.5345781182539,200.93042188174607
2024-07-11,227.57,231.39,232.39,225.77,64.71M,-2.32%,227.57,64709999.99999999,222.66800000000003,199.7916,-0.02322087732852607,0.016333130654497662,72.33458177278403,8.565209038192165,232.72794654227678,201.77905345772317
2024-07-12,230.54,228.92,232.64,228.68,53.05M,1.31%,230.54,53050000.0,224.31199999999998,200.99580000000003,0.01305092938436525,0.016420756979894202,78.22679402400198,8.59672118680021,234.55032885034672,201.70367114965336
2024-07-15,234.4,236.48,237.23,233.09,62.63M,1.67%,234.4,62630000.0,226.69,202.29780000000002,0.016743298343020685,0.014282756223147074,79.81380563124435,8.831362087426982,236.96801314683123,201.30198685316876
2024-07-16,234.82,235.0,236.27,232.33,43.23M,0.18%,234.82,43230000.0,228.497,203.5336,0.0017918088737201021,0.01295297150977369,79.57730300941881,8.948059521394669,239.099978676577,201.403021323423
2024-07-17,228.88,229.45,231.46,226.64,57.35M,-2.53%,228.88,57350000.0,229.358,204.4436,-0.025295971382335414,0.01628838384100731,67.2554647825127,8.463670792777975,240.01061061334164,201.71338938665835
2024-07-18,224.18,230.28,230.44,222.27,66.03M,-2.05%,224.18,66030000.0,229.621,205.293,-0.020534778049632996,0.017997083504704844,60.25641025641028,7.6127830903828055,240.30021972033043,202.4127802796696
2024-07-19,224.31,224.82,226.8,223.27,49.15M,0.06%,224.31,49150000.0,229.41800000000003,206.13119999999998,0.0005798911588901223,0.016531215541042896,64.94867875081897,6.869748188615887,240.24687267542893,203.929127324571
2024-07-22,223.96,227.01,227.78,223.09,48.20M,-0.16%,223.96,48200000.0,229.032,206.9556,-0.001560340600062382,0.016330152448620353,59.01024743814048,6.181390380238753,239.72707457898457,206.0959254210154
2024-07-23,225.01,224.37,226.94,222.68,39.96M,0.47%,225.01,39960000.0,228.66500000000002,207.76440000000002,0.004688337203071935,0.016365990510474895,56.31326584976024,5.655396195553095,239.07683512439985,208.4331648756002
2024-07-24,218.54,224.0,224.8,217.13,61.78M,-2.88%,218.54,61780000.0,227.221,208.4742,-0.028754277587662802,0.016718030703954015,46.47788439035803,4.662718173983961,238.16192407006034,210.29507592993966
2024-07-25,217.49,218.93,220.85,214.62,51.39M,-0.48%,217.49,51390000.0,226.21300000000002,209.0984,-0.004804612427930732,0.015619217747967746,38.65093613747113,3.7480819100881035,237.78727169720042,211.09372830279955
2024-07-26,217.96,218.7,219.49,216.01,41.60M,0.22%,217.96,41600000.0,224.955,209.709,0.002161018897420597,0.014613860313407586,37.019483938915215,3.0262662399692317,237.45185406957467,211.81514593042533
2024-07-29,218.24,216.96,219.3,215.75,36.31M,0.13%,218.24,36310000.0,223.339,210.27939999999998,0.0012846393833731984,0.012690760672055034,36.04278074866307,2.448589960075907,236.4583574192416,213.5706425807584
2024-07-30,218.8,219.19,220.32,216.12,41.64M,0.26%,218.8,41640000.0,221.737,210.85859999999997,0.002565982404692191,0.01275286299103289,28.936423054070104,2.012762789674298,236.28251853748304,213.95148146251688
2024-07-31,222.08,221.44,223.82,220.63,50.04M,1.50%,222.08,50040000.0,221.05699999999996,211.50279999999998,0.014990859232175469,0.01268250782513239,41.29400570884873,1.910017709847665,236.23610371943576,214.1788962805642
2024-08-01,218.36,224.37,224.48,217.02,62.50M,-1.68%,218.36,62500000.0,220.475,212.04919999999998,-0.016750720461095048,0.012144176770368055,31.13382899628253,1.5110007075920748,236.3872204317736,213.7087795682264
2024-08-02,219.86,219.15,225.6,217.71,105.57M,0.69%,219.86,105570000.0,220.03000000000003,212.59940000000003,0.006869389998168218,0.01248299726699019,25.70187165775397,1.3008192875047087,236.2760941824567,213.1719058175433
2024-08-05,209.27,199.09,213.5,196.0,119.55M,-4.82%,209.27,119550000.0,218.561,212.9668,-0.0481670153734195,0.01921470234501546,18.134198054377634,0.2765367585188585,237.14153617554706,210.45146382445296
2024-08-06,207.23,205.3,209.99,201.07,69.66M,-0.97%,207.23,69660000.0,216.783,213.37380000000002,-0.009748172217709294,0.018811130301692423,20.088422216081767,-0.6918502571654415,237.75745518293047,207.6905448170695
2024-08-07,209.82,206.9,213.64,206.39,63.52M,1.25%,209.82,63520000.0,215.911,213.7706,0.01249819041644562,0.018278397802430332,28.931924882629076,-1.2360640129617764,236.83916931920032,206.29283068079974
2024-08-08,213.31,213.11,214.2,208.83,47.16M,1.66%,213.31,47160000.0,215.493,214.237,0.016633304737394106,0.019385472602166876,35.309829059829056,-1.3699515536801528,236.27668117710414,205.42931882289582
2024-08-09,216.24,212.1,216.78,211.97,42.20M,1.37%,216.24,42200000.0,215.321,214.75599999999997,0.013735877361586546,0.019982391587995335,40.35482258870565,-1.225505022292225,234.98596296502814,205.29003703497182
2024-08-12,217.53,216.07,219.51,215.6,38.03M,0.60%,217.53,38030000.0,215.25,215.28079999999997,0.005965593784683643,0.020086230373721526,40.710382513661216,-0.9954628108368127,232.56386872334573,206.02513127665432
2024-08-13,221.27,219.01,221.89,219.01,44.16M,1.72%,221.27,44160000.0,215.49699999999999,215.8612,0.01719303084632018,0.020824254150738745,53.63709032773783,-0.5055384251000987,229.7623839394705,207.47161606052953
2024-08-14,221.72,220.57,223.03,219.7,41.96M,0.20%,221.72,41960000.0,215.461,216.415,0.002033714466488812,0.0202751270440737,55.72705117790413,-0.080035975590107,228.43409011987993,208.0839098801201
2024-08-15,224.72,224.6,225.35,222.76,46.41M,1.35%,224.72,46410000.0,216.09699999999998,217.0224,0.013530579108785856,0.019745399593517343,58.56563608717687,0.4935632196167319,228.5298775553367,208.0421224446633
2024-08-16,226.05,223.92,226.83,223.65,44.34M,0.59%,226.05,44340000.0,216.71599999999998,217.62599999999998,0.005918476326094657,0.019727267368875905,59.63959516168847,1.0434365125039449,228.85898683960218,207.8870131603978
2024-08-19,225.89,225.72,225.99,223.04,40.69M,-0.07%,225.89,40690000.0,218.37800000000001,218.25419999999997,-0.0007078080070781478,0.00867173006938364,58.83819496384937,1.4495943743101236,229.2045394797546,207.73446052024542
2024-08-20,226.51,225.77,227.17,225.45,30.30M,0.27%,226.51,30300000.0,220.30599999999998,218.8466,0.002744698747177754,0.006507835824308787,55.91455273698261,1.8007483187530227,229.4908196891537,207.59818031084635
2024-08-21,226.4,226.52,227.98,225.05,34.77M,-0.05%,226.4,34770000.0,221.964,219.51219999999998,-0.0004856297735198467,0.006998963430125641,61.87943262411344,2.046572653359277,230.4337142510296,207.4412857489704
2024-08-22,224.53,227.79,228.34,223.9,43.70M,-0.83%,224.53,43700000.0,223.086,219.8598,-0.008259717314487602,0.007828937441302102,56.825489622917246,2.0666735120580597,231.0276671213498,207.55133287865027
2024-08-23,226.84,225.66,228.22,224.33,38.68M,1.03%,226.84,38680000.0,224.14600000000002,220.1352,0.010288157484523275,0.007477681265038886,83.8796760509062,2.2431437174538758,231.92302488173445,207.54397511826554
2024-08-26,227.18,226.76,227.28,223.89,30.60M,0.15%,227.18,30600000.0,225.11100000000002,220.394,0.0014988538176687882,0.007534975852934819,91.16797358646302,2.382963465642007,232.78793385552243,207.57306614447756
2024-08-27,228.03,225.99,228.85,224.89,35.93M,0.37%,228.03,35930000.0,225.78699999999998,220.7048,0.003741526542829554,0.006046114869425635,90.48465984882165,2.5331588413946236,233.7041938997248,207.5798061002752
2024-08-28,226.49,227.92,229.86,225.68,38.05M,-0.68%,226.49,38050000.0,226.26399999999998,220.90120000000002,-0.006753497346840276,0.00679875219452651,82.08373904576435,2.499116371213404,234.1734228989345,207.5515771010656
2024-08-29,229.79,230.1,232.92,228.88,51.91M,1.46%,229.79,51910000.0,226.77100000000002,221.2112,0.014570179698882857,0.00699713621420567,82.40076518412239,2.7072128248182707,235.26389652510335,207.6041034748967
2024-08-30,229.0,230.19,230.4,227.48,52.99M,-0.34%,229.0,52990000.0,227.06599999999997,221.59759999999997,-0.003437921580573544,0.007078002871072538,78.09897109260167,2.7763799856218725,236.10073409878686,207.68126590121318
2024-09-03,222.77,228.55,229.0,221.17,50.19M,-2.72%,222.77,50190000.0,226.754,221.9032,-0.027205240174672407,0.011499965782392622,53.27510917030568,2.3019510661873994,235.4743741077487,209.65762589225125
2024-09-04,220.85,221.66,221.78,217.48,43.84M,-0.86%,220.85,43840000.0,226.18800000000002,222.15740000000002,-0.008618754769493253,0.011613479191182321,48.21501846532622,1.750852043084194,234.0070686752026,212.48693132479744
2024-09-05,222.38,221.63,225.48,221.52,36.62M,0.69%,222.38,36620000.0,225.786,222.4236,0.0069277790355444235,0.011984640519195395,44.89082969432314,1.4211778564012434,232.61125597274915,215.13874402725085
2024-09-06,220.82,223.95,225.24,219.77,48.42M,-0.70%,220.82,48420000.0,225.41500000000002,222.575,-0.007015019336271244,0.011915494032564613,38.69433635970597,1.022245911206312,231.61219452749395,216.88880547250608
2024-09-09,220.91,220.82,221.27,216.71,67.18M,0.04%,220.91,67180000.0,224.82200000000003,222.7112,0.0004075717779186139,0.01120883908052527,39.20208152645274,0.705222354017053,231.02656476349733,217.94143523650268
2024-09-10,220.11,218.92,221.48,216.73,51.59M,-0.36%,220.11,51590000.0,224.115,222.90099999999998,-0.003621384274138717,0.011117962722204531,36.23063683304649,0.38498768836714703,230.66132155928875,218.5646784407112
2024-09-11,222.66,221.46,223.09,217.89,44.59M,1.16%,222.66,44590000.0,223.57800000000003,223.01919999999998,0.011585116532642603,0.01190323623290186,42.71806853582551,0.33312306213579745,230.59960055244258,218.76539944755748
2024-09-12,222.77,222.5,223.55,219.82,37.50M,0.05%,222.77,37500000.0,223.206,223.06920000000002,0.0004940267672686183,0.011823409919174846,46.321070234113726,0.2974670380270936,230.55933190208205,218.91066809791792
2024-09-13,222.5,223.58,224.04,221.91,36.77M,-0.12%,222.5,36770000.0,222.477,223.0882,-0.0012120123894600043,0.010393255469539123,40.08226691042045,0.2446030073091663,230.53352985932395,218.71447014067599
2024-09-16,216.32,216.54,217.22,213.92,59.36M,-2.78%,216.32,59360000.0,221.209,222.8878,-0.027775280898876487,0.01298852249741469,30.411255411255368,-0.29259363222550405,231.06678757637707,217.2082124236229
2024-09-17,216.79,215.75,216.9,214.5,45.52M,0.22%,216.79,45520000.0,220.61100000000002,222.66719999999998,0.0021727071005916976,0.01067620771350806,29.44403803950253,-0.672646912405412,231.28921967479198,216.07578032520797
2024-09-18,220.69,217.55,222.71,217.54,59.89M,1.80%,220.69,59890000.0,220.59499999999997,222.5074,0.01798975967526184,0.012230341318609958,40.23569023569022,-0.6516328508664913,230.9880650825206,215.79493491747942
2024-09-19,228.87,224.99,229.82,224.63,66.78M,3.71%,228.87,66780000.0,221.244,222.42520000000002,0.03706556708505149,0.016936307012636535,48.66975130133027,0.024792785391809957,231.39261518817543,215.6373848118246
2024-09-20,228.2,229.97,233.09,227.62,318.68M,-0.29%,228.2,318680000.0,221.98199999999997,222.43779999999998,-0.0029274260497226257,0.01671537863325093,48.83923389437027,0.5010260584102184,231.84215048109485,215.5548495189052
2024-09-23,226.47,227.34,229.45,225.81,54.15M,-0.76%,226.47,54150000.0,222.538,222.3564,-0.007581069237510896,0.017062524851460592,56.174899866488616,0.7304278984285588,231.7952332392025,215.5647667607975
2024-09-24,227.37,228.65,229.35,225.73,43.56M,0.40%,227.37,43560000.0,223.26399999999998,222.21579999999997,0.003974036296198191,0.01692234705392883,61.264685556323435,0.9736295919080931,231.8224103355845,215.55658966441553
2024-09-25,226.37,224.93,227.29,224.02,42.31M,-0.44%,226.37,42310000.0,223.635,222.0468,-0.004398117605664775,0.01681558363092384,57.02217529039072,1.0733046555526755,231.58532005524785,215.62767994475217
2024-09-26,227.52,227.3,228.5,225.41,36.64M,0.51%,227.52,36640000.0,224.10999999999999,222.01960000000003,0.005080178468878316,0.016839130481145523,61.96428571428574,1.2309041537864118,231.7279614556129,215.58803854438708
2024-09-27,227.79,228.46,229.52,227.3,34.03M,0.12%,227.79,34030000.0,224.63900000000004,222.0918,0.0011867088607593335,0.0168015544162434,62.20723917672107,1.3618906079150008,231.35290143756757,215.76309856243242
2024-09-30,233.0,230.04,233.0,229.65,54.79M,2.29%,233.0,54790000.0,226.30699999999996,222.2656,0.022871943456692634,0.014081888750311166,69.7760049094814,1.8646077374127117,232.30937194288757,215.2066280571124
2024-10-01,226.21,229.52,229.65,223.74,63.29M,-2.91%,226.21,63290000.0,227.24899999999997,222.31060000000002,-0.02914163090128752,0.018268328679154896,54.81944067336411,1.6955729216355735,232.53590739583026,215.32409260416975
2024-10-02,226.78,225.89,227.37,223.02,32.88M,0.25%,226.78,32880000.000000004,227.858,222.34599999999998,0.0025197825029839027,0.017634811689456225,55.37677661571465,1.5892855540422772,232.7941337702657,215.6588662297343
2024-10-03,225.67,225.14,226.8,223.32,34.04M,-0.49%,225.67,34040000.0,227.538,222.48860000000002,-0.004894611517770597,0.012967249967216009,54.15683189089953,1.3993534506111587,232.93566383190966,215.84633616809032
2024-10-04,226.8,227.9,228.0,224.13,37.35M,0.50%,226.8,37350000.0,227.398,222.67480000000003,0.005007311561129102,0.013100789132745,65.84038694074971,1.3247416493404671,233.1263474261723,216.2536525738277
2024-10-07,221.69,224.5,225.69,221.33,39.51M,-2.25%,221.69,39510000.0,226.92,222.74939999999998,-0.02253086419753092,0.014743816962624565,56.495227995758206,0.8435530113154073,233.0987196079759,216.35928039202406
2024-10-08,225.77,224.3,225.98,223.25,31.86M,1.84%,225.77,31860000.0,226.76,222.9,0.018404077766250193,0.01604568003378855,56.70184696569921,0.7824103118790902,233.10221136932464,216.92178863067542
2024-10-09,229.54,225.23,229.75,224.83,33.59M,1.67%,229.54,33590000.0,227.077,223.11480000000003,0.01669840988616733,0.0168557127727161,51.00029859659598,1.0263308714445998,233.60857701380436,217.10342298619562
2024-10-10,229.04,227.78,229.5,227.17,28.18M,-0.22%,229.04,28180000.0,227.22899999999998,223.254,-0.002178269582643555,0.01684165204944856,51.260504201680675,1.1658546047629557,233.98458071931805,217.354419280682
2024-10-11,227.55,229.3,229.41,227.34,31.76M,-0.65%,227.55,31760000.0,227.205,223.43780000000004,-0.006505413901501833,0.016996685749327556,51.6324062877872,1.1430215798156098,234.1379423971958,217.70605760280426
2024-10-14,231.3,228.7,231.73,228.6,39.88M,1.65%,231.3,39880000.0,227.035,223.6666,0.016479894528675043,0.016140638076204163,55.46896743668245,1.4112518699016903,233.86950247586924,219.47249752413074
2024-10-15,233.85,233.61,237.49,232.37,64.75M,1.10%,233.85,64750000.0,227.79899999999998,224.1582,0.011024643320363126,0.012931407361377744,59.97865528281749,1.8087399676055895,233.77302990368958,221.27497009631048
2024-10-16,231.78,231.6,232.12,229.84,34.08M,-0.89%,231.78,34080000.0,228.29900000000004,224.64919999999998,-0.008851828094932568,0.013504935686598666,55.54687499999999,1.9344216399650236,233.71204343014364,222.44495656985634
2024-10-17,232.15,233.43,233.85,230.52,32.99M,0.16%,232.15,32990000.000000004,228.94700000000003,225.09580000000003,0.0015963413581845387,0.013276625503430523,55.66233766233768,2.040361165147317,234.15702404993087,222.32797595006915
2024-10-18,235.0,236.18,236.18,234.01,46.43M,1.23%,235.0,46430000.0,229.767,225.52960000000002,0.012276545337066569,0.013599035641330404,52.767017155506366,2.327460665900986,235.2238786615948,221.94112133840528
2024-10-21,236.48,234.45,236.85,234.45,36.25M,0.63%,236.48,36250000.0,231.246,225.9344,0.006297872340425448,0.010018684950768181,66.65585468699317,2.6439350819797767,236.51565086949077,221.65034913050923
2024-10-22,235.86,233.88,236.22,232.6,38.85M,-0.26%,235.86,38850000.0,232.25500000000002,226.301,-0.0026217861975641465,0.009437963842099684,64.70207253886014,2.8122961192839,237.47849709805607,221.53650290194392
2024-10-23,230.76,234.08,235.14,227.76,52.29M,-2.16%,230.76,52290000.0,232.377,226.49079999999998,-0.021622996692953533,0.011462147964821836,57.2985374247204,2.5053163494305863,237.57504394002657,221.87895605997343
2024-10-24,230.57,229.98,230.82,228.41,31.11M,-0.08%,230.57,31110000.0,232.53000000000003,226.66780000000003,-0.0008233662679840714,0.011433768647602913,55.555555555555536,2.2210978249081563,237.6652588617302,222.09374113826982
2024-10-25,231.41,229.74,233.22,229.57,38.80M,0.36%,231.41,38800000.0,232.916,226.8016,0.0036431452487313276,0.011167995651994108,66.38570465273098,2.040116384613839,237.80995695892778,222.3110430410722
2024-10-28,233.4,233.32,234.73,232.55,36.09M,0.86%,233.4,36090000.0,233.12600000000003,226.9486,0.00859945551186203,0.010252870761974276,63.837504533913695,2.0338190580628464,237.86388980409464,222.2971101959053
2024-10-29,233.67,233.1,234.32,232.32,35.42M,0.12%,233.67,35420000.0,233.10800000000003,227.10420000000002,0.0011568123393315144,0.009631745713894534,58.57914416285834,2.027246291584845,238.17062593080874,222.73637406919124
2024-10-30,230.1,232.61,233.47,229.55,47.07M,-1.53%,230.1,47070000.0,232.94,227.17600000000002,-0.015277956091924505,0.010463782620719567,51.95283714075167,1.7142078415911612,238.14434859091347,223.09465140908657
2024-10-31,225.91,229.34,229.83,225.37,64.37M,-1.82%,225.91,64370000.00000001,232.31599999999997,227.16620000000003,-0.018209474141677506,0.011777500934709957,47.25201072386056,1.1151696503814037,238.1238098118119,223.13919018818814
2024-11-01,222.91,220.96,225.35,220.27,65.28M,-1.33%,222.91,65280000.0,231.10699999999997,227.1338,-0.01327962462927712,0.010918095579920533,35.57923685115155,0.3938130088309606,238.52629663199352,222.34770336800645
2024-11-04,222.01,220.99,222.79,219.71,44.94M,-0.40%,222.01,44940000.0,229.66,227.0372,-0.004037503925351071,0.010170909170855103,28.425655976676353,-0.24763522040464636,238.47039713638333,222.43560286361674
2024-11-05,223.45,221.79,223.95,221.14,28.11M,0.65%,223.45,28110000.0,228.41899999999995,226.96259999999998,0.006486194315571403,0.01091242448668349,34.46475195822451,-0.6325005256986174,238.69939728914105,221.97460271085893
2024-11-06,222.72,222.61,226.07,221.19,54.56M,-0.33%,222.72,54560000.0,227.615,226.85640000000004,-0.0032669501006936663,0.009291984868627605,32.64630106735366,-0.9850588073311997,239.02488790729427,220.96711209270575
2024-11-07,227.48,224.63,227.88,224.57,42.14M,2.14%,227.48,42140000.0,227.30599999999998,226.87619999999998,0.021372126436781658,0.012198835560630701,37.070151306739994,-0.8703388421449745,239.00840581575517,220.8275941842448
2024-11-08,226.96,227.17,228.66,226.4,38.33M,-0.23%,226.96,38330000.0,226.86100000000002,226.81959999999998,-0.0022859152452961995,0.012076363954339748,33.07254623044098,-0.8120216176583597,239.01501954184872,220.7619804581512
2024-11-11,224.23,225.0,225.7,221.5,42.01M,-1.20%,224.23,42010000.0,225.94399999999996,226.7242,-0.012028551286570432,0.011848138972358601,30.764141581210666,-0.9748554546827393,238.9736718512811,220.09632814871895
2024-11-12,224.23,224.55,225.59,223.35,40.40M,0.00%,224.23,40400000.0,225.0,226.7534,0.0,0.011798420809886169,37.00756068444088,-1.0913223588507606,238.54712305111082,219.5608769488892
2024-11-13,225.12,224.01,226.65,222.76,48.57M,0.40%,225.12,48570000.0,224.502,226.83879999999996,0.0039691388306650754,0.011324141273096685,39.45025164537362,-1.0991374848074713,238.27852203077725,219.16347796922275
2024-11-14,228.22,225.02,228.87,225.0,44.92M,1.38%,228.22,44920000.0,224.733,226.9556,0.01377043354655294,0.010780662159479596,44.32182271270915,-0.8454412161432572,237.9458117312406,219.10318826875937
2024-11-15,225.0,226.4,226.92,224.27,47.92M,-1.41%,225.0,47920000.0,224.942,227.03920000000002,-0.014109192884059207,0.010905815637374605,35.67530695770802,-0.8939077724189417,237.0520052799383,218.99699472006168
2024-11-18,228.02,225.25,229.74,225.17,44.69M,1.34%,228.02,44690000.0,225.54299999999998,227.1814,0.013422222222222224,0.011398523345259476,41.19114437168697,-0.6807814814962683,235.7064855352542,219.4965144647458
2024-11-19,228.28,226.98,230.16,226.66,36.21M,0.11%,228.28,36210000.0,226.026,227.3448,0.0011402508551880963,0.011328081885474227,46.83588317107094,-0.4853032594742501,234.35162447568675,220.0933755243133
2024-11-20,229.0,228.06,229.93,225.89,35.17M,0.32%,229.0,35170000.0,226.654,227.4716,0.0031540213772560666,0.011164675383912786,56.109134045077106,-0.269184387411741,234.12180721420097,220.1471927857991
2024-11-21,228.52,228.88,230.15,225.71,42.11M,-0.21%,228.52,42110000.0,226.75799999999998,227.5866,-0.002096069868995576,0.009114826260431436,62.318840579710184,-0.13508345474267003,233.86556299146025,220.1984370085397
2024-11-22,229.87,228.06,230.72,228.06,38.17M,0.59%,229.87,38170000.0,227.04900000000004,227.73399999999998,0.005907579205321145,0.009205023371256508,66.92506459948325,0.0792130988270685,233.61331178226385,220.29668821773612
2024-11-25,232.87,231.46,233.24,229.74,90.15M,1.31%,232.87,90150000.0,227.913,228.065,0.013050854830991332,0.008560085177723057,69.00726392251822,0.4855227849705557,233.48220453699696,220.374795463003
2024-11-26,235.06,233.33,235.57,233.33,45.99M,0.94%,235.06,45990000.0,228.996,228.43040000000002,0.00940438871473348,0.008610116098656986,73.51371951219514,0.973024416165913,233.87426459185525,220.12173540814473
2024-11-27,234.93,234.46,235.69,233.81,33.50M,-0.06%,234.93,33500000.0,229.977,228.7152,-0.0005530502850336072,0.008773553949948033,67.23739009717728,1.3335111709068315,234.87214588188505,219.60685411811494
2024-11-29,237.33,234.8,237.81,233.97,28.48M,1.02%,237.33,28480000.0,230.888,228.8844,0.010215808964372464,0.008412202737785146,72.0732226479353,1.7922000964627216,236.639303280671,218.981696719329
2024-12-02,239.59,237.27,240.79,237.16,48.14M,0.95%,239.59,48140000.0,232.34699999999998,229.1122,0.009522605654573857,0.005635065788350014,83.36229365768902,2.311432729345995,238.60317772877679,218.68582227122326
2024-12-03,242.65,239.81,242.76,238.9,38.86M,1.28%,242.65,38860000.0,233.81,229.43579999999997,0.012771818523310774,0.005547008344854238,85.31441717791417,2.9360003735782243,240.93349272734665,218.4195072726533
2024-12-04,243.01,242.87,244.11,241.25,44.38M,0.15%,243.01,44380000.0,235.283,229.7486,0.0014836183803832448,0.005512808631731944,85.00978473581218,3.4205932529786764,242.98164330677014,218.3273566932299
2024-12-05,243.04,243.99,244.54,242.13,40.03M,0.01%,243.04,40030000.0,236.68700000000004,230.082,0.00012345170980609943,0.005780904985921181,82.96263345195734,3.763672081534793,244.57991635112552,218.7610836488745
2024-12-06,242.84,242.9,244.63,242.08,36.87M,-0.08%,242.84,36870000.0,238.119,230.3884,-0.0008229098090848375,0.005594207825136094,95.8376156217884,3.973620769645322,246.10369093018065,218.77330906981942
2024-12-09,246.75,241.83,247.24,241.75,44.65M,1.61%,246.75,44650000.0,239.80699999999996,230.76760000000002,0.016101136550815243,0.00642079029346777,96.01965601965614,4.404735886886954,248.24069526632593,218.61530473367412
2024-12-10,247.77,246.89,248.21,245.34,36.91M,0.41%,247.77,36910000.0,241.29699999999997,231.063,0.004133738601823644,0.006119226855216523,96.16295594504986,4.773675242140257,250.0670683576016,219.1429316423983
2024-12-11,246.49,247.96,250.8,246.26,45.21M,-0.52%,246.49,45210000.0,242.44,231.46859999999998,-0.005166081446502768,0.0069586349291593345,90.35532994923868,4.9062211729838054,251.24011407198046,220.19588592801952
2024-12-12,247.96,246.89,248.74,245.68,32.78M,0.60%,247.96,32780000.0,243.74300000000002,231.8922,0.005963730780153442,0.006704087794842963,92.8949691085614,5.0714213048642875,252.4596747604558,221.26032523954416
2024-12-13,248.13,247.82,249.29,246.24,33.16M,0.07%,248.13,33159999.999999996,244.82300000000004,232.3414,0.000685594450717808,0.006625517697544458,92.50465549348236,5.156618886196725,253.67324283586257,222.0377571641374
2024-12-16,251.04,247.99,251.38,247.65,51.69M,1.17%,251.04,51690000.0,245.96800000000002,232.8262,0.011727723370813736,0.006845064601450721,92.47311827956995,5.396740992526134,254.805723541362,223.50927645863794
2024-12-17,253.48,250.08,253.83,249.78,51.36M,0.97%,253.48,51360000.0,247.05100000000002,233.46200000000002,0.009719566602931717,0.0065047458461788285,92.56007393715348,5.718013400704166,256.4028266933921,224.45817330660796
2024-12-18,248.05,252.16,254.28,247.74,56.77M,-2.14%,248.05,56770000.0,247.55499999999998,233.90760000000003,-0.021421808426700273,0.010468837831212241,74.35040831477363,5.4713976133712094,256.655222629,226.18277737100004
2024-12-19,249.79,247.5,252.0,247.09,60.88M,0.70%,249.79,60880000.0,248.22999999999996,234.31259999999997,0.007014714775246844,0.010550444845722401,73.70624048706244,5.354631425422355,256.9455734032078,227.9714265967922
2024-12-20,254.49,248.04,255.0,245.69,147.50M,1.88%,254.49,147500000.0,249.39500000000004,234.8216,0.01881580527643223,0.011580027436747168,75.94011142061288,5.57705527901885,257.62601749642903,229.887982503571
2024-12-23,255.27,254.77,255.65,253.45,40.86M,0.31%,255.27,40860000.0,250.247,235.37599999999998,0.0030649534362843234,0.010873328441674265,73.86535552193652,5.749985018685436,258.1747692324571,231.87923076754288
2024-12-24,258.2,255.49,258.21,255.29,23.23M,1.15%,258.2,23230000.0,251.29000000000002,235.91400000000002,0.011478042856583048,0.011168386986613286,76.18062736987251,6.0536765808893165,259.39037029711403,233.19662970288607
2024-12-26,259.02,258.19,260.1,257.63,27.26M,0.32%,259.02,27260000.0,252.54299999999998,236.4174,0.003175832687838831,0.010693502496524745,76.8120805369128,6.288036903631507,260.6450566933319,234.33794330666808
2024-12-27,255.59,257.83,258.7,253.06,42.36M,-1.32%,255.59,42360000.0,253.30599999999998,236.8936,-0.013242220677939898,0.012133438493207062,69.30063578564946,6.12637576727704,260.73561568679463,236.31338431320535
2024-12-30,252.2,252.23,253.5,250.75,35.56M,-1.33%,252.2,35560000.0,253.71300000000002,237.2946,-0.013263429711647623,0.013197258569992293,58.38203629652415,5.65947458332667,260.3695932474612,238.16640675253876
2024-12-31,250.42,252.44,253.28,249.43,39.48M,-0.71%,250.42,39480000.0,253.65099999999998,237.60299999999998,-0.007057890563045177,0.0129470035330457,53.982566877066404,5.087179073584025,259.93725753225164,239.68174246774834
2025-01-02,243.85,248.93,249.1,241.82,55.74M,-2.62%,243.85,55740000.0,252.68799999999996,237.7504,-0.026235923648270876,0.01476051432339734,46.57676348547715,4.056723285910067,259.8315299664844,239.90747003351564
2025-01-03,243.36,243.36,244.18,241.89,40.24M,-0.20%,243.36,40240000.0,252.219,237.90039999999996,-0.002009432027885949,0.0133939259306972,43.87972325705161,3.164067346440021,259.7993996776221,239.9746003223779
2025-01-06,245.0,244.31,247.33,243.2,45.05M,0.67%,245.0,45050000.0,251.74,238.1852,0.006738987508218219,0.013373973323865172,45.99231754161331,2.5594614981778534,259.64799179999744,240.32200820000253
2025-01-07,242.21,242.98,245.55,241.35,40.86M,-1.14%,242.21,40860000.0,250.512,238.418,-0.01138775510204082,0.011461157279277856,38.65913177498073,1.8340357025516312,259.71813495426096,240.188865045739
2025-01-08,242.7,241.92,243.71,240.05,37.63M,0.20%,242.7,37630000.0,249.25499999999997,238.64379999999997,0.0020230378597083654,0.011385453531721485,35.42455381287178,1.2838697862911772,259.95351960626834,239.54848039373164
2025-01-10,236.85,240.01,240.16,233.0,61.71M,-2.41%,236.85,61710000.0,247.11999999999998,238.7128,-0.02410383189122367,0.011230121914732806,35.02673796791437,0.37153045262510886,260.911797845268,237.49820215473204
2025-01-13,234.4,233.53,234.67,229.72,49.63M,-1.03%,234.4,49630000.0,244.658,238.7274,-0.010344099641123039,0.010450183341658429,29.808449225924917,-0.542940882328395,262.0207650770145,235.1802349229855
2025-01-14,233.28,234.75,236.12,232.47,39.44M,-0.48%,233.28,39440000.0,242.427,238.791,-0.004778156996587013,0.010491038390874084,19.28757602085132,-1.3425643968095642,262.93842618572216,232.79457381427784
2025-01-15,237.87,234.63,238.96,234.43,39.83M,1.97%,237.87,39830000.0,240.994,239.0302,0.01967592592592604,0.013698928362138783,27.308294209702595,-1.5875963309836152,263.07222001620534,231.63477998379472
2025-01-16,228.26,237.35,238.01,228.03,71.76M,-4.04%,228.26,71760000.0,238.77800000000002,239.13719999999998,-0.040400218606802096,0.017565246134727232,16.74811195024428,-2.5280903383167015,263.97694586644457,228.45205413355544
2025-01-17,229.98,232.12,232.29,228.48,68.49M,0.75%,229.98,68490000.0,237.391,239.2966,0.00753526680101646,0.017142143911140995,18.37979094076651,-3.098926494052705,263.8560956706321,226.2229043293679
2025-01-21,222.64,224.0,224.42,219.38,98.07M,-3.19%,222.64,98070000.0,235.31900000000002,239.28040000000001,-0.031915818766849346,0.01894021831973306,16.937587798514897,-4.0963744622897025,265.0054948044495,222.53250519555044
2025-01-22,223.83,219.79,224.12,219.79,64.13M,0.53%,223.83,64129999.99999999,233.202,239.30259999999998,0.005344951491196737,0.018818734477922015,20.218349779550707,-4.736239685697171,265.2736387208155,219.66836127918444
2025-01-23,223.66,224.74,227.03,222.3,60.23M,-0.08%,223.66,60230000.0,231.34699999999998,239.22619999999998,-0.0007595049814592691,0.018958157092072873,20.925684485006514,-5.197145605054089,264.4675296765273,217.39147032347276
2025-01-24,222.78,224.78,225.63,221.41,54.70M,-0.39%,222.78,54700000.0,229.35500000000002,239.14260000000002,-0.003934543503532173,0.01870809864225825,23.878006446813785,-5.56922693098835,263.1583188687249,215.45168113127508
2025-01-27,229.86,224.02,232.15,223.98,94.86M,3.18%,229.86,94860000.0,228.65600000000003,239.2552,0.0317802316186373,0.021607350014473756,35.613810741687985,-5.232490340982565,260.3411705415705,215.43482945842948
2025-01-28,238.26,230.85,240.19,230.81,75.71M,3.65%,238.26,75710000.0,229.042,239.5358,0.03654398329417896,0.02465578853674236,43.72205663189269,-4.2389503876619585,256.99012073345926,216.70987926654072
2025-01-29,239.36,234.12,239.85,234.01,45.49M,0.46%,239.36,45490000.0,229.65,239.8206,0.004616805170821969,0.024551430842178246,47.25908828620889,-3.3244794796454187,254.2111112887787,217.86588871122123
2025-01-30,237.59,238.66,240.79,237.21,55.66M,-0.74%,237.59,55660000.0,229.622,240.00799999999998,-0.007394719251336945,0.02397555550242969,45.203679369251006,-2.7113244436821162,251.84630335600204,218.76969664399795
2025-01-31,236.0,247.19,247.19,233.44,101.08M,-0.67%,236.0,101080000.0,230.39600000000002,240.22799999999998,-0.006692200850204166,0.019615416742817183,49.13283003468681,-2.326871644067751,249.5318672407122,219.6421327592878
2025-02-03,228.01,229.99,231.83,225.7,73.06M,-3.39%,228.01,73060000.0,230.199,240.22780000000003,-0.033855932203389894,0.022783450520263468,44.142988084326305,-2.6365240472864855,248.34666114591954,219.24333885408043
2025-02-04,232.8,227.25,233.13,226.65,45.07M,2.10%,232.8,45070000.0,231.215,240.3182,0.021007850532871464,0.02076514504130595,49.58777052559259,-2.466975086306462,247.10623955928742,219.42776044071258
2025-02-05,232.47,228.53,232.67,228.27,39.66M,-0.14%,232.47,39660000.0,232.079,240.38760000000002,-0.0014175257731959823,0.020850505653887522,44.99629355077836,-2.3323486913926956,245.33001904859304,219.95098095140702
2025-02-06,233.22,231.29,233.8,230.43,29.93M,0.32%,233.22,29930000.0,233.03500000000003,240.4816,0.003226222738417883,0.020787639646605023,55.49889135254988,-2.140463639065473,244.06386140301183,220.31813859698812
2025-02-07,227.63,232.6,234.0,227.26,39.71M,-2.40%,227.63,39710000.0,233.51999999999998,240.4368,-0.023968784838350077,0.022568020098206545,47.600571778639996,-2.4116595252584716,242.37840706334754,220.49659293665246
2025-02-10,227.65,229.57,230.59,227.2,33.12M,0.01%,227.65,33119999.999999996,233.29899999999998,240.3324,8.786188112286375e-05,0.020068135486757125,56.01440576230493,-2.595056193640346,241.7322725024443,220.22272749755575
2025-02-11,232.62,228.2,235.23,228.13,53.72M,2.18%,232.62,53720000.0,232.73499999999999,240.2836,0.021831759279595797,0.01738773797628692,59.674224081003715,-2.312702515664455,241.55310209736493,220.22389790263512
2025-02-12,236.87,231.2,236.96,230.68,45.24M,1.83%,236.87,45240000.0,232.48600000000002,240.32240000000002,0.018270140142722102,0.01848856361225587,63.34073924459704,-1.7260983233395848,242.0190866560243,220.11691334397577
2025-02-13,241.53,236.91,242.34,235.57,53.61M,1.97%,241.53,53610000.0,232.88000000000002,240.4064,0.01967323848524516,0.019389973572628665,67.59241884030772,-0.8750996162663682,242.78736246603555,219.7146375339644
2025-02-14,244.6,241.25,245.55,240.99,40.90M,1.27%,244.6,40900000.0,233.74,240.5066,0.012710636359872352,0.01941473118624537,64.95535714285711,0.04651019259461009,244.94855507141523,219.18744492858485
2025-02-18,244.47,244.15,245.18,241.84,48.82M,-0.05%,244.47,48820000.0,235.38600000000002,240.543,-0.0005314799672935244,0.014472283002340942,57.57132406730066,0.7576687585957416,246.76252938626206,218.82247061373786
2025-02-19,244.87,244.66,246.01,243.16,32.20M,0.16%,244.87,32200000.000000004,236.593,240.5802,0.001636192579866691,0.013676805420864092,56.8345323741007,1.3381187033704407,248.0096336636478,219.7983663363522
2025-02-20,245.83,244.94,246.78,244.29,32.32M,0.39%,245.83,32320000.0,237.929,240.636,0.0039204475844325515,0.01349487792484914,60.430379746835435,1.8542191592096628,249.23255749615763,220.77544250384247
2025-02-21,245.55,245.95,248.69,245.22,53.20M,-0.11%,245.55,53200000.0,239.16199999999998,240.69019999999998,-0.0011389984948948495,0.013652947865758942,62.50327310814349,2.2151044831952618,250.01720725244854,222.1797927475514
2025-02-24,247.1,244.93,248.86,244.42,51.33M,0.63%,247.1,51330000.0,241.109,240.69719999999998,0.006312360008144946,0.009026982663825109,80.06299212598424,2.5962527628626617,250.56747897000415,224.06152102999587
2025-02-25,247.04,248.0,250.0,244.91,48.01M,-0.02%,247.04,48010000.0,243.048,240.6826,-0.00024281667341163882,0.009060857483436786,76.3508512213175,2.860499959036673,251.6177713685796,224.72922863142043
2025-02-26,240.36,244.33,244.98,239.13,44.43M,-2.70%,240.36,44430000.0,243.82200000000003,240.56,-0.027040155440414382,0.013167319487470066,61.82199580461496,2.5020554550814325,251.75837080214552,224.79862919785444
2025-02-27,237.3,239.41,242.46,237.06,41.15M,-1.27%,237.3,41150000.0,243.86499999999995,240.3468,-0.01273090364453322,0.012913018606846778,55.717488789237684,1.9486068499303997,251.6520566037904,224.6989433962096
2025-02-28,241.84,236.95,242.09,230.2,56.83M,1.91%,241.84,56830000.0,243.89600000000002,240.22100000000003,0.01913190054782965,0.012823401069119679,70.516892867456,1.8549521666932094,251.9593794823173,224.8166205176827
2025-03-03,238.03,241.79,244.03,236.11,47.18M,-1.58%,238.03,47180000.0,243.23900000000003,239.96079999999998,-0.015754217664571635,0.012897491288092795,63.50858927641854,1.456505310405447,252.01597069542223,224.96302930457776
2025-03-04,235.93,237.71,240.07,234.68,53.80M,-0.88%,235.93,53800000.0,242.385,239.6098,-0.008822417342351785,0.013012590190081828,54.65541490857947,0.9602121288648391,251.55689750529817,226.21410249470185
2025-03-05,235.74,235.42,236.55,229.23,47.23M,-0.08%,235.74,47230000.0,241.47200000000004,239.36359999999996,-0.0008053236129360597,0.012928713775097479,48.205779612575434,0.5452791561037884,251.47275025135042,226.59224974864952
2025-03-06,235.33,234.43,237.86,233.16,45.17M,-0.17%,235.33,45170000.0,240.42200000000003,239.0744,-0.0017392042080257575,0.012678689568043912,38.61967694566814,0.18126865999633424,251.36127509792783,226.9897249020721
2025-03-07,239.07,235.1,241.37,234.76,46.27M,1.59%,239.07,46270000.0,239.77399999999997,238.76600000000002,0.01589257638210162,0.014200561193318266,40.09315657470438,0.1923570899976994,251.3283658415403,227.60763415845975
2025-03-10,227.48,235.54,236.16,224.22,72.07M,-4.85%,227.48,72070000.0,237.81199999999998,238.21020000000001,-0.048479524825364995,0.01983935594603947,28.422656845313654,-0.7257059017676113,251.35253267120763,227.56846732879237
2025-03-11,220.84,223.8,225.84,217.45,76.14M,-2.92%,220.84,76140000.0,235.192,237.463,-0.029189379286091,0.020666692894563066,23.65709274281953,-1.966402480480923,252.7053125024752,225.53468749752474
2025-03-12,216.98,220.14,221.75,214.91,62.55M,-1.75%,216.98,62550000.0,232.85399999999998,236.62220000000002,-0.017478717623618967,0.0200517906731289,20.263863121005926,-3.223969287387632,254.95987854354073,221.7161214564592
2025-03-13,209.68,215.95,216.84,208.42,61.37M,-3.36%,209.68,61370000.0,230.092,235.704,-0.03364365379297618,0.021412879511981807,17.702142985773392,-4.7548382182987154,257.97736540795654,215.97963459204342
2025-03-14,213.49,211.25,213.95,209.58,60.11M,1.82%,213.49,60110000.0,227.257,234.9298,0.018170545593285015,0.02125873969576397,20.920574493857046,-5.596119138889463,258.91025713651095,212.242742863489
2025-03-17,214.0,213.31,215.22,209.97,48.07M,0.24%,214.0,48070000.0,224.85399999999998,234.2014,0.0023888706730994524,0.021690102368215287,21.63461538461536,-6.150785169108531,258.85527966409177,209.23772033590816
2025-03-18,212.69,214.16,215.15,211.49,42.43M,-0.61%,212.69,42430000.0,222.53000000000003,233.5782,-0.006121495327102822,0.021728305944307046,23.832040854927143,-6.619759578321663,258.49577617789214,206.41922382210794
2025-03-19,215.24,214.22,218.76,213.75,54.39M,1.20%,215.24,54390000.0,220.48000000000002,233.0158,0.011989280173021921,0.02269180515665162,28.93430099312451,-6.70833201199784,257.4093779429355,204.54262205706456
2025-03-20,214.1,213.99,217.49,212.22,48.86M,-0.53%,214.1,48860000.0,218.35700000000003,232.39780000000002,-0.005296413306076997,0.022596133390643796,21.67075163398691,-6.792218311749821,255.87784856071735,202.90115143928264
2025-03-21,218.27,211.56,218.84,211.28,94.13M,1.95%,218.27,94130000.0,216.277,231.91899999999998,0.019476879962634364,0.023061613498314308,29.967558799675587,-6.447887426236434,253.810140450436,202.24085954956405
2025-03-24,220.73,221.0,221.48,218.58,44.30M,1.13%,220.73,44300000.0,215.602,231.47960000000003,0.011270444861868123,0.01903239473676362,34.70209339774554,-5.908393001105026,251.04084223453202,202.37315776546802
2025-03-25,223.75,220.77,224.1,220.08,34.49M,1.37%,223.75,34490000.0,215.89299999999997,231.21760000000003,0.013681873782449117,0.017176421036335522,38.583127023424105,-5.177468388809984,247.93064148042927,203.15435851957076
2025-03-26,221.53,223.51,225.02,220.47,34.53M,-0.99%,221.53,34530000.0,216.348,230.96020000000001,-0.009921787709497254,0.01640010071188386,37.29749631811486,-4.7228981838630375,245.92383470836705,203.278165291633
2025-03-27,223.85,221.39,224.99,220.56,37.09M,1.05%,223.85,37090000.0,217.76500000000001,230.7716,0.01047262221820966,0.010592251057098144,35.614366729678636,-4.127860009800742,244.39621452544412,203.46078547455596
2025-03-28,217.9,221.67,223.81,217.68,39.82M,-2.66%,217.9,39820000.0,218.206,230.37219999999996,-0.026580299307571997,0.014053646553145128,39.86457892509524,-4.089264745110313,241.51990434669924,203.9430956533008
2025-03-31,222.13,217.01,225.62,216.23,65.30M,1.94%,222.13,65300000.0,219.019,230.24960000000002,0.01941257457549339,0.0150811889843619,51.438127090301,-3.6749890847960387,239.29007906358555,204.5829209364145
2025-04-01,223.19,219.8,223.68,218.9,36.41M,0.48%,223.19,36410000.0,220.06900000000002,230.11379999999997,0.004771980371854223,0.014669644864636905,57.38406658739597,-3.223975515207428,237.37880801732803,205.22019198267196
2025-04-02,223.89,221.32,225.19,221.02,35.91M,0.31%,223.89,35910000.0,220.93400000000003,230.1388,0.003136341233926254,0.014461797177917651,70.04231311706627,-2.7780363878635512,235.3554863238242,206.05851367617583
2025-04-03,203.19,205.54,207.49,201.25,103.42M,-9.25%,203.19,103420000.0,219.843,229.726,-0.09245611684309252,0.03390733270848013,40.160489109667544,-4.048277397632745,234.04277082740367,204.15722917259632
2025-04-04,188.38,193.89,199.88,187.34,125.91M,-7.29%,188.38,125910000.0,216.85399999999998,229.0204,-0.07288744524828983,0.03882173006317045,30.777310924369743,-6.178770754031575,234.19952270732333,198.93147729267665
2025-04-07,181.46,177.2,194.15,174.62,160.47M,-3.67%,181.46,160470000.0,212.927,228.194,-0.03673426053721196,0.038326940368099895,28.387543252595165,-8.329570155722621,237.1345304696886,191.3944695303114
2025-04-08,172.42,186.7,190.34,169.21,120.86M,-4.98%,172.42,120860000.0,207.794,227.0452,-0.049818141739226385,0.03761765195611104,22.809245618491218,-10.640885126782877,241.1330959793207,182.5539040206793
2025-04-09,198.85,171.95,200.61,171.89,184.40M,15.33%,198.85,184400000.0,205.52599999999998,226.257,0.15328848161466202,0.06802874705739428,42.670383543208686,-10.22210471804911,240.67602139755886,181.1979786024411
2025-04-10,190.42,189.07,194.78,183.0,121.88M,-4.24%,190.42,121880000.0,202.183,225.2782,-0.042393764143827006,0.06842288440730697,37.141010250253935,-10.449987819832586,241.09943207901716,178.84856792098287
2025-04-11,198.15,186.1,199.54,186.06,87.44M,4.06%,198.15,87440000.0,200.208,224.4894,0.040594475370234306,0.07032446199331245,40.05811905600565,-9.89280235462212,240.72121874580003,177.6927812541999
2025-04-14,202.52,211.44,212.94,201.16,101.35M,2.21%,202.52,101350000.0,198.247,223.8198,0.022053999495331933,0.07044084428468651,40.76233574101472,-8.994918558749305,240.19779391247596,177.068206087524
2025-04-15,202.14,201.85,203.51,199.8,51.34M,-0.19%,202.14,51340000.0,196.142,223.30239999999998,-0.001876357890578828,0.07034824017930441,41.425665516936405,-8.219255544219322,239.7373683242777,176.47363167572226
2025-04-16,194.27,198.36,200.7,192.37,59.73M,-3.89%,194.27,59730000.0,193.18,222.5318,-0.03893341248639548,0.07088347769706535,37.531613555892775,-8.145681894154876,239.08088786022768,175.03311213977236
2025-04-17,196.98,197.2,198.83,194.42,52.16M,1.39%,196.98,52160000.0,192.55900000000003,221.82199999999997,0.013949657692901463,0.06520937538301527,40.93430403882821,-7.779028101151056,238.34721850561507,174.05478149438497
2025-04-21,193.16,193.26,193.8,189.81,46.74M,-1.94%,193.16,46740000.0,193.03699999999998,221.02079999999998,-0.019392831759569518,0.060721753648670634,37.401061146386006,-7.707843185251761,237.06839983305403,172.82260016694593
2025-04-22,199.74,196.12,201.59,195.97,52.98M,3.41%,199.74,52980000.0,194.86499999999998,220.46300000000002,0.03406502381445442,0.059551197689409835,40.268901983567105,-7.039332573817774,235.2088562129157,172.58314378708434
2025-04-23,204.6,206.0,208.0,202.8,52.93M,2.43%,204.6,52930000.0,198.08300000000003,220.00199999999998,0.024331631120456443,0.0556011369695872,42.26233453670277,-6.047658076838843,232.8342108523718,173.0427891476282
2025-04-24,208.37,204.89,208.83,202.94,47.31M,1.84%,208.37,47310000.0,199.035,219.517,0.01842619745845564,0.029543174526087665,52.40438173041218,-4.9010452022617415,231.00982591218624,173.5511740878138
2025-04-25,209.28,206.37,209.75,206.2,38.22M,0.44%,209.28,38220000.0,200.921,218.9652,0.004367231367279345,0.02445643041550018,61.138350031976124,-3.8742568224390936,228.6722496495298,174.4317503504702
2025-04-28,210.14,210.0,211.5,207.46,38.74M,0.41%,210.14,38740000.0,202.12,218.3374,0.004109327217125314,0.021936769113481785,66.34001823154054,-2.957037928590097,227.51047077134714,174.81752922865283
2025-04-29,211.21,208.69,212.24,208.37,36.83M,0.51%,211.21,36830000.0,202.989,217.6696,0.005091843532882834,0.021210721037594013,74.30755733801229,-2.119364573824214,225.54963334105517,175.68636665894482
2025-04-30,212.5,209.3,213.58,206.67,52.29M,0.61%,212.5,52290000.0,204.025,217.0302,0.006107665356754,0.021097604703778992,62.488563586459286,-1.3360095001606567,223.38250858519112,176.78449141480885
2025-05-01,213.32,209.08,214.56,208.9,57.37M,0.39%,213.32,57370000.0,205.92999999999998,216.39919999999998,0.0038588235294116924,0.01443705281261429,74.34098639455783,-0.641631485180227,220.9848232917578,178.1251767082422
2025-05-02,205.35,206.09,206.99,202.16,101.01M,-3.74%,205.35,101010000.0,206.767,215.5896,-0.03736171010688172,0.020515345222357324,57.61421319796954,-0.7260745619314264,221.1915016468418,178.13449835315816
2025-05-05,198.89,203.1,204.1,198.21,69.02M,-3.15%,198.89,69020000.0,207.34,214.65640000000002,-0.0314584855125396,0.02234112083085263,46.32367834717437,-1.2992869489936822,221.06044669760223,179.31655330239778
2025-05-06,198.51,198.21,200.65,197.02,51.22M,-0.19%,198.51,51220000.0,207.217,213.6846,-0.0019106038513750923,0.019530169584738827,46.3236783471744,-1.7638916744813002,219.99694215959946,182.08505784040054
2025-05-07,196.25,199.17,199.44,193.25,68.62M,-1.14%,196.25,68620000.0,206.38199999999998,212.66879999999998,-0.011384816885799176,0.01767347209452701,52.26234003656306,-2.2880817964504274,215.86068576952246,188.60431423047757
2025-05-08,197.49,197.72,200.05,194.68,50.48M,0.63%,197.49,50480000.0,205.294,211.81140000000002,0.006318471337579679,0.0163287992404553,50.60297942776072,-2.573779677805703,215.87705970577352,188.4519402942265
2025-05-09,198.53,199.0,200.54,197.54,36.45M,0.53%,198.53,36450000.0,204.219,211.03599999999997,0.005266089422249154,0.016389836365266374,56.79574791192104,-2.6853232637358246,215.26190044249878,189.8780995575012
2025-05-12,210.79,210.97,211.27,206.75,63.78M,6.18%,210.79,63780000.0,204.284,210.415,0.06175389109958185,0.026820745821715612,62.22615622925425,-1.7641072895929142,216.2217754043281,190.1822245956719
2025-05-13,212.93,210.43,213.4,209.0,51.91M,1.02%,212.93,51910000.0,204.456,209.91300000000004,0.010152284263959421,0.026961692498541488,59.806922533553106,-0.8515408450126642,217.44105888550033,190.00394111449967
2025-05-14,212.33,212.43,213.94,210.58,49.33M,-0.28%,212.33,49330000.0,204.439,209.44100000000003,-0.002817827455032118,0.02692646732623513,55.038167938931316,-0.1747262135607457,218.45087196651716,190.0131280334829
2025-05-15,211.45,210.95,212.96,209.54,45.03M,-0.41%,211.45,45030000.0,204.252,208.9552,-0.004144492064239724,0.02692594816435344,52.762923351158626,0.28733341180540606,218.84399377935395,191.338006220646
2025-05-16,211.26,212.36,212.57,209.77,54.74M,-0.09%,211.26,54740000.0,204.843,208.4738,-0.000898557578623782,0.023659058445346277,51.45077720207255,0.6309147888095481,219.26457143292876,192.34542856707125
2025-05-19,208.78,207.91,209.48,204.26,46.14M,-1.17%,208.78,46140000.0,205.83199999999997,207.868,-0.011739089273880454,0.021148345973443766,46.9632591852037,0.6950778073876336,218.7018068132941,194.4701931867058
2025-05-20,206.86,207.67,208.47,205.03,42.50M,-0.92%,206.86,42500000.0,206.667,207.45559999999998,-0.009196283168885877,0.021537074595066888,43.06102362204725,0.5842644708617684,218.62138642945965,195.26261357054037
2025-05-21,202.09,205.17,207.04,200.71,59.21M,-2.31%,202.09,59210000.0,207.25099999999998,207.08059999999998,-0.0230590737696994,0.022765006970141034,37.40749046871497,0.11027380012657773,218.6547098131082,194.97829018689177
2025-05-22,201.36,200.71,202.75,199.7,46.74M,-0.36%,201.36,46740000.0,207.638,206.7682,-0.003612251966945368,0.022828602296006244,44.65863453815263,-0.32057671170443314,218.52360978322122,194.40839021677874
2025-05-23,195.27,193.66,197.7,193.46,78.43M,-3.02%,195.27,78430000.0,207.31199999999998,206.48,-0.030244338498212175,0.024956280821224325,45.10546241211469,-1.140296323974269,218.72861443248462,192.80238556751544
2025-05-27,200.21,198.3,200.74,197.43,56.29M,2.53%,200.21,56290000.0,206.254,206.21439999999998,0.025298304911148595,0.015628480069482562,52.046220510351496,-1.3754578854509418,218.28719115902226,192.25080884097775
2025-05-28,200.42,200.59,202.73,199.9,45.34M,0.10%,200.42,45340000.0,205.003,205.94279999999998,0.0010488986564105574,0.014893992112430912,55.27981767536083,-1.527274403582794,217.60456194160673,191.85443805839327
2025-05-29,199.95,203.57,203.81,198.51,51.48M,-0.23%,199.95,51480000.0,203.76500000000001,205.688,-0.002345075341782299,0.014905736573485493,53.176652892561954,-1.6663070100555046,216.60027036455318,191.60372963544683
2025-05-30,200.85,199.37,201.96,196.78,70.82M,0.45%,200.85,70820000.0,202.70499999999998,205.4002,0.004501125281320295,0.015264588491981552,53.00673924313116,-1.6844515648696756,215.2644064363551,191.6925935636449
2025-06-02,201.7,200.28,202.13,200.12,35.42M,0.42%,201.7,35420000.0,201.749,205.15219999999997,0.004232013940751678,0.015503038072466014,33.271991166728,-1.611665087132991,215.0729219461842,191.51907805381578
2025-06-03,203.27,201.35,203.77,200.96,46.38M,0.78%,203.27,46380000.0,201.198,204.8522,0.007783837382250969,0.015719497860653,31.84210526315789,-1.4110299255201255,215.10841101434647,191.92158898565356
2025-06-04,202.82,202.91,206.24,202.1,43.60M,-0.22%,202.82,43600000.0,200.79399999999998,204.49399999999997,-0.002213804299699973,0.015546052080667418,32.022684310018874,-1.2736544578687585,215.0900616576008,192.3709383423992
2025-06-05,200.63,203.5,204.75,200.15,55.22M,-1.08%,200.63,55220000.0,200.648,204.0316,-0.010797751701015712,0.014105127937053015,30.511527377521617,-1.3262103797046905,214.86191972299136,193.03708027700864
2025-06-06,203.92,203.0,205.7,202.05,46.61M,1.64%,203.92,46610000.0,200.904,203.67940000000002,0.016398345212580434,0.015025224315226026,38.10758263123784,-1.089823020690602,214.7524902516266,193.78950974837343
2025-06-09,201.45,204.39,206.0,200.02,72.86M,-1.21%,201.45,72860000.0,201.522,203.2314,-0.012112593173793651,0.011457135601319607,38.11993517017826,-1.0892366508568614,214.63994035363072,194.19405964636928
2025-06-10,202.67,200.6,204.35,200.57,54.67M,0.61%,202.67,54670000.0,201.768,202.92680000000001,0.006056093323405287,0.008585479048592932,43.05140961857376,-0.9790423536839228,213.80418323605463,194.21781676394536
2025-06-11,198.78,203.5,204.5,198.41,60.99M,-1.92%,198.78,60990000.0,201.60399999999998,202.4598,-0.01919376326047262,0.010752422824660093,44.34574649812094,-1.1918640028654295,212.4036359735469,194.20336402645313
2025-06-12,199.2,199.08,199.68,197.36,43.90M,0.21%,199.2,43900000.0,201.529,201.98,0.0021128886205854513,0.010772220940008816,46.27071823204415,-1.3115178419350855,210.85611457499886,194.43788542500113
2025-06-13,196.45,199.73,200.37,195.7,51.45M,-1.38%,196.45,51450000.0,201.089,201.4312,-0.013805220883534086,0.011398534738814517,52.30288836846209,-1.6096908743465406,209.4330246395969,194.36097536040307
2025-06-16,198.42,197.3,198.68,196.56,43.02M,1.00%,198.42,43020000.0,200.761,201.3358,0.01002799694578771,0.01189584348050167,46.04856512141275,-1.6678071718273486,207.5116326911339,194.99836730886614
2025-06-17,195.64,197.2,198.39,195.21,38.86M,-1.40%,195.64,38860000.0,199.998,201.481,-0.014010684406813856,0.011986957712122215,40.52339413164155,-1.9160999157587355,206.25877026562483,194.9372297343752
2025-06-18,196.58,195.94,197.57,195.07,45.39M,0.48%,196.58,45390000.0,199.374,201.7834,0.004804743406256584,0.012288821329081913,43.44102763721297,-2.0138096163800867,205.19041041913002,194.97758958087
2025-06-20,201.0,198.24,201.7,196.85,96.81M,2.25%,201.0,96810000.0,199.411,202.355,0.02248448468816755,0.014300273741867181,50.25676138308799,-1.7148208106973186,205.06858711450266,194.99041288549736
2025-06-23,201.5,201.63,202.3,198.96,55.81M,0.25%,201.5,55810000.0,199.169,202.408,0.0024875621890547706,0.013191313800346792,49.65349965349967,-1.42114216452768,205.08375157102662,194.98924842897335
2025-06-24,200.3,202.59,203.44,200.2,54.06M,-0.60%,200.3,54060000.0,199.054,202.6056,-0.005955334987593042,0.012757505790716864,44.78764478764479,-1.270583200553972,204.80905995957528,195.76694004042474
2025-06-25,201.56,201.45,203.67,200.62,39.53M,0.63%,201.56,39530000.0,198.94299999999998,202.6738,0.006290564153769385,0.012771100531837332,47.84982935153585,-1.037631497149448,204.91183035632514,195.79916964367487
2025-06-26,201.0,201.43,202.64,199.46,50.80M,-0.28%,201.0,50800000.0,199.165,202.6434,-0.0027783290335383626,0.011034782699214771,50.66859414528371,-0.8879669831185595,204.94993293619757,195.81906706380244
2025-06-27,201.08,201.89,203.22,200.0,73.19M,0.04%,201.08,73190000.0,199.353,202.62220000000002,0.0003980099502487455,0.011031754855975209,44.1946034341783,-0.7542074124890519,205.01175785495164,195.87024214504837
2025-06-30,205.17,202.01,207.39,199.26,91.91M,2.03%,205.17,91910000.0,200.225,202.8402,0.02034016311915643,0.011224660374060873,57.13190184049081,-0.31454726555722345,205.69369106083423,195.62030893916574
2025-07-01,207.82,206.66,210.19,206.14,78.79M,1.29%,207.82,78790000.0,201.16500000000002,203.05700000000002,0.012916118340888127,0.011420747649369388,59.36023264267541,0.24489640814218205,206.92511230673148,195.0008876932685
2025-07-02,212.44,208.91,213.34,208.14,67.94M,2.22%,212.44,67940000.0,202.845,203.44260000000003,0.022230776633625382,0.01054071426709015,74.18555240793202,1.0489631449933654,209.24914406313513,193.59385593686483
2025-07-03,213.55,212.15,214.65,211.81,34.96M,0.52%,213.55,34960000.0,204.542,203.7188,0.005225004707211545,0.010525960730178795,74.80124438299347,1.7555229742073095,211.47728922601956,192.43871077398043
2025-07-07,209.95,212.68,216.23,208.8,50.23M,-1.69%,209.95,50230000.0,205.43699999999998,203.82580000000002,-0.016857878716928232,0.01192163231277184,72.66621893888514,2.0019100429737477,212.56194830277153,192.2860516972285
2025-07-08,210.01,210.1,211.43,208.45,42.85M,0.03%,210.01,42850000.0,206.288,203.8586,0.0002857823291260164,0.011981666887437827,70.79296734840328,2.176920879836615,213.40706145447683,192.04993854552316
2025-07-09,211.14,209.53,211.33,207.22,48.75M,0.54%,211.14,48750000.0,207.37199999999999,203.89579999999998,0.005380696157325726,0.011436980091522378,79.55758962623948,2.37937186735212,214.50877862464742,191.91722137535257
2025-07-10,212.41,210.51,213.48,210.03,44.44M,0.60%,212.41,44440000.0,208.45700000000002,203.94119999999998,0.006014966373022679,0.011434775118621291,79.81167608286248,2.6121825058061177,215.7142108837034,191.68578911629658
2025-07-11,211.16,210.57,212.13,209.86,39.77M,-0.59%,211.16,39770000.0,209.473,203.9402,-0.005884845346264322,0.011717790622853939,71.72797262617618,2.6651004418506545,216.53980176541953,192.0981982345805
2025-07-14,208.62,209.93,210.91,207.54,38.84M,-1.20%,208.62,38840000.0,210.227,203.86260000000001,-0.012028793332070409,0.012863556486096816,64.00472069236821,2.4735677656250914,216.9057626777421,192.67423732225794
2025-07-15,209.11,209.22,211.89,208.92,42.30M,0.23%,209.11,42300000.0,210.621,203.7784,0.0023487680951010947,0.011469958990959506,67.82679077296639,2.3344060647005165,217.01568026772446,193.83031973227554
2025-07-16,210.16,210.29,212.4,208.64,47.49M,0.50%,210.16,47490000.0,210.85499999999996,203.8746,0.005021280665678196,0.010889291407431632,67.55102040816323,2.2825340076832674,217.29445040987153,194.72554959012845
2025-07-17,210.02,210.57,211.8,209.59,48.07M,-0.07%,210.02,48070000.0,210.613,204.0972,-0.0006661591168632963,0.007991258801937755,68.72923588039869,2.2047136324397343,217.02016514298663,196.43783485701334
2025-07-18,211.18,210.87,211.79,209.7,48.97M,0.55%,211.18,48970000.0,210.37599999999998,204.35060000000001,0.00552328349680975,0.008018068990806027,70.07154213036566,2.211153923830807,216.74072601917152,198.1772739808285
2025-07-21,212.48,212.1,215.78,211.63,51.38M,0.62%,212.48,51380000.0,210.629,204.67520000000002,0.006155885974050479,0.0060493125040559734,66.33884666964684,2.2947051045636613,217.0489720263086,199.01702797369137
2025-07-22,214.4,213.14,214.95,212.23,46.40M,0.90%,214.4,46400000.0,211.06800000000004,205.0134,0.009036144578313365,0.006514906793064175,65.20332717190391,2.4871773389889427,217.5709886042897,199.78501139571034
2025-07-23,214.15,215.0,215.15,212.41,46.99M,-0.12%,214.15,46990000.0,211.369,205.32580000000002,-0.0011660447761193682,0.006476323259759097,54.95078170237408,2.5896877524105832,217.6525756996648,201.0884243003352
2025-07-24,213.76,213.9,215.69,213.53,46.02M,-0.18%,213.76,46020000.0,211.504,205.3852,-0.0018211533971516092,0.006333139153793809,50.63444108761322,2.6093789566308203,217.61197905925349,202.34902094074647
2025-07-25,213.88,214.7,215.24,213.4,40.27M,0.06%,213.88,40270000.0,211.776,205.40419999999997,0.0005613772455090871,0.0059076452936935395,65.03442999234892,2.6046426755312666,217.16022361396537,204.0887763860346
2025-07-28,214.05,214.03,214.85,213.06,37.86M,0.08%,214.05,37860000.0,212.31900000000002,205.43859999999998,0.000794838227043293,0.0036567620581382954,65.32625189681343,2.5848106299343954,216.19609316548488,206.3499068345151
2025-07-29,211.27,214.18,214.81,210.82,51.41M,-1.30%,211.27,51410000.0,212.535,205.435,-0.012987619715019827,0.006138113042966723,50.43830074173981,2.318049789310777,215.57847155118435,207.5775284488156
2025-07-30,209.05,211.9,212.39,207.72,45.51M,-1.05%,209.05,45510000.0,212.42399999999998,205.3908,-0.010507880910682998,0.00693330402708967,39.353612167300426,1.9055385917930323,215.4289728143613,207.8500271856387
2025-07-31,207.57,208.49,209.84,207.16,80.70M,-0.71%,207.57,80700000.0,212.179,205.3666,-0.0070796460176991705,0.007239459810291023,38.78825733916303,1.4425678405549718,215.57476032992946,207.21723967007057
2025-08-01,202.38,210.87,213.58,201.5,104.43M,-2.50%,202.38,104430000.0,211.29899999999998,205.27700000000002,-0.02500361323890732,0.01001674759092757,33.27974276527331,0.6493848549347945,216.5195080772316,205.15549192276842
2025-08-04,203.35,204.51,207.88,201.68,75.11M,0.48%,203.35,75110000.0,210.38599999999997,205.3022,0.004792963731593991,0.009868330542956317,34.95297805642629,0.09792371400806132,217.10018773560498,203.914812264395
2025-08-05,202.92,203.4,205.34,202.16,44.16M,-0.21%,202.92,44160000.0,209.238,205.3334,-0.002114580772067942,0.008756560062172269,30.453563714902828,-0.36955066949875004,217.56935489983093,202.736645100169
2025-08-06,213.25,205.63,215.38,205.59,108.48M,5.09%,213.25,108480000.0,209.148,205.69299999999998,0.050906761285235635,0.01993600107820271,55.62521769418318,0.09245145931495813,217.79306114045104,202.72393885954895
2025-08-07,220.03,218.88,220.85,216.58,90.22M,3.18%,220.03,90220000.0,209.775,206.0894,0.03179366940211015,0.022330973015945187,62.8896009321293,0.9942200621255495,219.31621651455401,201.96278348544598
2025-08-08,229.35,220.83,231.0,219.25,113.85M,4.24%,229.35,113850000.0,211.32200000000003,206.668,0.04235786029177846,0.02548809153602994,69.9173553719008,2.432879565044118,223.60914558698207,199.4888544130179
2025-08-11,227.18,227.92,229.56,224.76,61.81M,-0.95%,227.18,61810000.0,212.635,207.21259999999998,-0.009461521691737418,0.025980335643362332,64.99999999999999,3.359203909894319,226.31363497273392,198.64036502726609
2025-08-12,229.65,228.01,230.8,227.07,55.67M,1.09%,229.65,55670000.0,214.473,207.78859999999997,0.01087243595386922,0.025095847489444337,67.29138777331548,4.243712112726911,229.21105426502626,197.79694573497372
2025-08-13,233.33,231.07,235.0,230.43,69.88M,1.60%,233.33,69880000.0,216.90099999999998,208.4212,0.016024384933594593,0.02423238317979709,70.33880690085222,5.18190273189515,232.5917491110054,196.73325088899458
2025-08-14,232.78,234.05,235.12,230.85,51.92M,-0.24%,232.78,51920000.0,219.42200000000003,209.01139999999998,-0.0023571765310933523,0.023877624748558555,69.46847960444993,5.814024695837276,235.3087465423774,196.2922534576226
2025-08-15,231.59,234.0,234.28,229.34,56.04M,-0.51%,231.59,56040000.0,222.343,209.5868,-0.005112123034624938,0.021144914443464436,67.69572235673928,6.148091480169825,237.416586548177,196.225413451823
2025-08-18,230.89,231.7,233.12,230.11,37.48M,-0.30%,230.89,37480000.0,225.09699999999998,210.19199999999998,-0.0030225830130835574,0.021651959694392164,70.66133108677333,6.283920539345843,239.1497741259759,196.3332258740241
2025-08-19,230.56,231.27,232.87,229.35,39.40M,-0.14%,230.56,39400000.0,227.86100000000002,210.7248,-0.0014292520247736196,0.021599864950824194,73.59069971484972,6.29240290149977,240.6358544203033,196.4631455796967
2025-08-20,226.01,229.98,230.47,225.77,42.26M,-1.97%,226.01,42260000.0,229.137,211.216,-0.019734559333795976,0.01927198456688592,68.94780106863952,5.864377368697234,241.36791918378694,196.9170808162131
2025-08-21,224.9,226.27,226.52,223.78,30.62M,-0.49%,224.9,30620000.0,229.62400000000002,211.66060000000002,-0.0049112871111897105,0.017195594999666837,75.25796321220278,5.373652209165982,241.91531463733236,197.48368536266764
2025-08-22,227.76,226.17,229.09,225.41,42.48M,1.27%,227.76,42480000.0,229.46499999999997,212.24020000000002,0.012716763005780285,0.010947118025036954,76.26425650957606,5.156090876665218,242.7108232454616,198.07617675453838
2025-08-25,227.16,226.48,229.3,226.23,30.98M,-0.26%,227.16,30980000.0,229.46300000000002,212.79940000000002,-0.0026343519494204104,0.010541305412826477,75.98627787307035,4.879014722977587,243.35194188761713,198.74605811238294
2025-08-26,229.31,226.87,229.49,224.69,54.58M,0.95%,229.31,54580000.0,229.429,213.4566,0.009464694488466208,0.010388885895673524,70.87883515340616,4.777840930510308,244.04693427713053,199.8550657228694
2025-08-27,230.49,228.61,230.9,228.26,31.26M,0.51%,230.49,31260000.0,229.14499999999998,214.09799999999998,0.005145872399808127,0.008988013912436258,65.91600730371275,4.73825643862844,244.55676306127847,201.48923693872152
2025-08-28,232.56,230.82,233.41,229.34,38.07M,0.90%,232.56,38070000.0,229.123,214.8364,0.008980866848887104,0.00952324468899748,56.26708317063649,4.818373928594156,244.91238563310637,203.6326143668936
2025-08-29,232.14,232.51,233.38,231.37,39.42M,-0.18%,232.14,39420000.0,229.17800000000003,215.54760000000002,-0.001805985552115641,0.00938449562578347,60.39396479463532,4.792729524110399,243.89366992638907,207.62733007361095
2025-09-02,229.72,229.25,230.85,226.97,44.08M,-1.04%,229.72,44080000.0,229.061,216.122,-0.010424743689153027,0.009948645682108879,50.14699706005878,4.524971320892519,241.8796726732034,212.27832732679667
2025-09-03,238.47,237.21,238.85,234.36,66.43M,3.81%,238.47,66430000.00000001,229.852,216.8614,0.038089848511231095,0.01570565427351854,58.89889196675899,4.961628326110514,239.3540391101341,218.35896088986593
2025-09-04,239.78,238.45,239.9,236.74,47.55M,0.55%,239.78,47550000.0,231.22899999999998,217.65099999999998,0.005493353461651473,0.01342080348230097,61.80836707152497,5.351697166938152,238.937066964642,221.42893303535809
2025-09-05,239.69,239.99,241.32,238.49,54.87M,-0.04%,239.69,54870000.0,232.708,218.4136,-0.00037534406539330156,0.013083019904150138,64.1906096706377,5.589139168533137,239.5261042552282,222.8058957447718
2025-09-08,237.88,239.3,240.15,236.34,49.00M,-0.76%,237.88,49000000.0,233.72000000000003,219.1512,-0.007551420584922197,0.013567887795534795,61.787521079258035,5.5670878687168965,240.41979946188906,222.765200538111
2025-09-09,234.35,237.0,238.78,233.36,66.31M,-1.48%,234.35,66310000.0,234.439,219.8166,-0.014839414831007258,0.014770463122474188,55.76864535768644,5.204773170926757,240.60443229745923,223.2975677025407
2025-09-10,226.79,232.18,232.42,225.95,83.44M,-3.23%,226.79,83440000.0,234.18699999999998,220.24900000000002,-0.03225944100704081,0.01828483749469219,51.087562744004465,4.258517801764384,240.71242019155446,222.90357980844553
2025-09-11,230.03,226.88,230.45,226.65,50.21M,1.43%,230.03,50210000.0,234.14100000000002,220.6932,0.014286344195070466,0.01884360805463226,56.75177678336404,3.7270810561042254,240.55096946561864,222.73503053438142
2025-09-12,234.07,229.22,234.51,229.02,55.82M,1.76%,234.07,55820000.0,234.292,221.12579999999997,0.017562926574794524,0.019484655161526806,58.05463364820015,3.5905185795202783,240.66865564682976,222.7463443531702
2025-09-15,236.7,237.0,238.19,235.03,42.70M,1.12%,236.7,42700000.0,234.748,221.58880000000002,0.011235955056179803,0.019724534804966172,61.577669902912604,3.652408165336084,241.19727961458796,222.72872038541198
2025-09-16,238.15,237.18,241.22,236.32,63.42M,0.61%,238.15,63420000.0,235.59099999999998,222.15279999999998,0.006125897760878907,0.019243295848309132,60.913580246913575,3.774943787666558,241.94543077429486,222.70656922570518
2025-09-17,238.99,238.97,240.1,237.73,46.51M,0.35%,238.99,46510000.0,235.64299999999997,222.73239999999998,0.0035271887465881946,0.015040552783953144,60.58266932270916,3.8949367249606155,242.7713743954191,222.72362560458092
2025-09-18,237.88,239.97,241.2,236.65,44.25M,-0.46%,237.88,44250000.0,235.45300000000003,223.2672,-0.004644545796895327,0.014994746259780593,56.78571428571426,3.856014533667235,243.08697979197927,223.59502020802069
2025-09-19,245.5,241.23,246.3,240.21,163.74M,3.20%,245.5,163740000.0,236.03400000000002,223.929,0.03203295779384563,0.01822529182980565,64.39655172413794,4.389440001643436,244.69773974130382,224.0442602586962
2025-09-22,256.08,248.3,256.64,248.12,105.52M,4.31%,256.08,105520000.0,237.85399999999998,224.8274,0.04309572301425657,0.021794733235389763,74.15689149560114,5.601332433799826,249.50615004273806,222.0678499572619
2025-09-23,254.43,255.88,257.34,253.58,60.28M,-0.64%,254.43,60280000.0,239.862,225.74360000000001,-0.006443298969072031,0.020980211484249,66.8141592920354,6.3553640266995615,252.5741680394097,221.72683196059035
2025-09-24,252.31,255.22,255.74,251.04,42.30M,-0.83%,252.31,42300000.0,242.414,226.60760000000002,-0.008332350744802097,0.01676162051927929,62.97907603066086,6.704586909721286,254.66388849866792,221.93711150133208
2025-09-25,256.87,253.21,257.17,251.71,55.20M,1.81%,256.87,55200000.0,245.09799999999996,227.5418,0.01807300542982837,0.01689028997659882,66.28744785741372,7.265549716536384,257.51327718945095,221.725722810549
2025-09-26,255.46,254.1,257.6,253.78,46.08M,-0.55%,255.46,46080000.0,247.237,228.4506,-0.00548915793981386,0.017491314353254885,66.79403897592664,7.509773571259984,259.658965327192,221.87003467280798
2025-09-29,254.43,254.56,255.0,253.01,40.13M,-0.40%,254.43,40130000.0,249.01,229.31560000000002,-0.0040319423784546116,0.017927434344802384,70.14446227929375,7.533370339818305,261.2549241817057,222.50307581829432
2025-09-30,254.63,254.85,255.92,253.11,37.70M,0.08%,254.63,37700000.0,250.65800000000004,230.1586,0.0007860708249813886,0.01804843195242603,82.76836158192091,7.481961878263462,262.4117845760171,223.83721542398283
2025-10-01,255.45,255.04,258.79,254.93,48.71M,0.32%,255.45,48710000.0,252.304,230.9796,0.0032203589522050713,0.018054982039843414,81.72740888666999,7.421833176153399,263.8829500439645,224.0640499560355
2025-10-02,257.13,256.58,258.18,254.15,42.63M,0.66%,257.13,42630000.0,254.22899999999998,231.83919999999998,0.0065766294773927925,0.01760594397531122,80.58355437665784,7.424161592720736,265.47970344766094,224.202296552339
2025-10-03,258.02,254.66,259.24,253.95,49.16M,0.35%,258.02,49160000.0,255.481,232.72439999999997,0.0034612841753198786,0.01544948913832407,79.6440489432703,7.412377171595722,267.0506675476202,224.46433245237978
2025-10-06,256.69,257.99,259.07,255.05,44.66M,-0.52%,256.69,44660000.0,255.542,233.5806,-0.005154639175257714,0.008000318351483376,75.86495535714289,7.212575962206074,268.1868902508025,225.20910974919752
2025-10-07,256.48,256.8,257.4,255.43,31.96M,-0.08%,256.48,31960000.0,255.747,234.4292,-0.000818107444777616,0.007666923597256486,74.83669412098843,6.95708981852809,268.8915201783115,226.71747982168853
2025-10-08,258.06,256.52,258.52,256.11,36.50M,0.62%,258.06,36500000.0,256.322,235.365,0.006160324391765393,0.007090847225115022,78.27914798206288,6.803679423127676,268.43476314539606,230.30123685460393
2025-10-09,254.04,257.8,258.0,253.14,38.32M,-1.56%,254.04,38320000.0,256.03900000000004,236.2648,-0.01557777261102078,0.006738411564762992,63.31047381546138,6.285267524473426,267.40122036057693,233.73577963942307
2025-10-10,245.27,254.94,256.38,244.0,62.00M,-3.45%,245.27,62000000.0,255.02000000000004,237.01879999999997,-0.03452212250039355,0.012573828784836377,32.14403700033034,5.107876236075128,266.314843276306,235.94215672369393
2025-10-13,247.66,249.38,249.69,245.56,38.14M,0.97%,247.66,38140000.0,254.343,237.92440000000002,0.009744363354670327,0.013302308152996125,39.084166397936094,4.317864528799248,265.3902016002061,237.96279839979397
2025-10-14,247.77,246.6,248.85,244.7,35.48M,0.04%,247.77,35480000.0,253.65699999999998,238.81279999999998,0.0004441573124445153,0.013293038673505023,42.17241379310343,3.658477982884534,264.47760744145404,239.8373925585459
2025-10-15,249.34,249.49,251.82,247.47,33.89M,0.63%,249.34,33890000.0,253.046,239.7412,0.006336521774226167,0.013481047685759714,35.52479815455588,3.225414700667784,263.43729382713593,241.9127061728641
2025-10-16,247.45,248.25,249.04,245.13,39.78M,-0.76%,247.45,39780000.0,252.07799999999997,240.42520000000002,-0.007580011229646355,0.013181222267220091,34.88108720271792,2.6985940128834898,261.7864534496438,244.5205465503562
2025-10-17,252.29,248.02,253.38,247.27,49.15M,1.96%,252.29,49150000.0,251.50499999999997,241.07039999999998,0.0195595069711052,0.015015311172028126,46.468646864686434,2.641186419743292,261.3586056079306,245.62739439206942
2025-10-20,262.24,255.88,264.38,255.63,90.48M,3.94%,262.24,90480000.0,252.06,241.7282,0.03943874113123802,0.01986077153615277,59.500624219725374,3.3598421639241565,262.5283554202944,245.07364457970553
2025-10-21,262.77,261.88,265.29,261.83,46.70M,0.20%,262.77,46700000.0,252.689,242.44,0.0020210494203782847,0.019831221070053154,59.20523138832999,3.9268819388359475,263.82459334988425,244.6114066501157
2025-10-22,258.45,262.65,262.85,255.43,45.02M,-1.64%,258.45,45020000.0,252.72799999999998,243.01600000000002,-0.016440232903299434,0.020651564136034372,51.5566037735849,3.981777694805743,264.2663486584138,244.78365134158622
2025-10-23,259.58,259.94,260.62,258.01,32.75M,0.44%,259.58,32750000.0,253.28199999999998,243.54100000000003,0.0043722189978718795,0.019892406254042486,51.82926829268293,4.06955325637972,264.61230697691803,244.708693023082
2025-10-24,262.82,261.19,264.13,259.18,38.25M,1.25%,262.82,38250000.0,255.03699999999998,244.1418,0.012481701209646312,0.015219560275752981,56.87991021324355,4.350408146429061,265.62802784452634,244.42897215547362
2025-10-27,268.81,264.88,269.12,264.65,44.89M,2.28%,268.81,44890000.0,257.152,244.8862,0.02279126398295417,0.016015752917756268,62.249155573216754,4.99870860847426,267.9983412171122,243.49665878288778
2025-10-28,269.0,268.98,269.89,268.15,41.53M,0.07%,269.0,41530000.0,259.275,245.6484,0.0007068189427477112,0.016001569322226086,61.17695136902329,5.46482767579198,270.0535320558594,242.87846794414062
2025-10-29,269.7,269.27,271.41,267.11,51.09M,0.26%,269.7,51090000.0,261.311,246.4312,0.0026022304832713505,0.01609755104933529,67.1635247698378,5.823583894621606,271.9817944768728,242.3752055231272
2025-10-30,271.4,271.99,274.14,268.48,69.89M,0.63%,271.4,69890000.0,263.706,247.33899999999997,0.006303299962921782,0.015177386184028646,83.89105058365756,6.17390761142974,274.0032600049768,241.7807399950232
2025-10-31,270.37,276.99,277.32,269.16,86.17M,-0.38%,270.37,86170000.0,265.514,248.2484,-0.0037951363301399477,0.015234341063525236,80.53240118311378,6.2958545962632115,275.5606817463767,241.45831825362328
2025-11-03,269.05,270.42,270.85,266.25,50.19M,-0.49%,269.05,50190000.0,266.195,249.0742,-0.004882198468765031,0.010464323586508607,77.70833333333337,6.214350329722265,276.7861425836004,241.46885741639963
2025-11-04,270.04,268.33,271.49,267.61,49.27M,0.37%,270.04,49270000.0,266.92199999999997,249.9318,0.0036796134547483206,0.010466987788304022,77.36647276573247,6.158649262435517,278.0671140118119,241.5438859881882
2025-11-05,270.14,268.61,271.7,266.93,43.68M,0.04%,270.14,43680000.0,268.091,250.7484,0.00037031550881327924,0.008124615854723318,81.48764918123793,6.0528019959010635,279.2189035552933,241.60009644470665
2025-11-06,269.77,267.89,273.4,267.89,51.20M,-0.14%,269.77,51200000.0,269.11,251.53400000000002,-0.0013696601762049898,0.008331995610465631,77.69328263624848,5.871379755785483,280.19847452031877,242.1935254796813
2025-11-07,268.47,269.8,272.29,266.77,48.23M,-0.48%,268.47,48230000.0,269.675,252.25220000000002,-0.004818919820587686,0.008143542105594773,63.5966826713227,5.558625809760031,280.05261448444764,244.65938551555243
2025-11-10,269.43,268.96,273.73,267.45,41.31M,0.36%,269.43,41310000.0,269.73699999999997,252.998,0.003575818527209673,0.003890731264096353,64.26735218509012,5.326825700369625,279.97473192121225,246.91426807878764
2025-11-11,275.25,269.81,275.91,269.8,46.21M,2.16%,275.25,46210000.0,270.36199999999997,253.9086,0.021601158000222664,0.0078086858051982485,83.81642512077316,5.548784865942707,280.40427661306086,249.23272338693909
2025-11-12,273.47,275.0,275.73,271.7,48.40M,-0.65%,273.47,48400000.0,270.73900000000003,254.6086,-0.006466848319709229,0.008285228176620595,77.24597881522192,5.51745617952912,280.2414078666957,251.8085921333043
2025-11-13,272.95,274.11,276.7,272.09,49.60M,-0.19%,272.95,49600000.0,270.894,255.27200000000002,-0.0019014882802502742,0.008153081675662841,72.24418093983323,5.388552437415626,278.8203910752628,255.7796089247372
2025-11-14,272.41,271.05,275.96,269.6,47.43M,-0.20%,272.41,47430000.0,271.098,255.9264,-0.0019783843194722817,0.008064036210093101,60.392609699769224,5.183074549008552,277.6078218928876,259.00417810711235
2025-11-17,267.46,268.82,270.49,265.73,45.02M,-1.82%,267.46,45020000.0,270.939,256.518,-0.01817113909181034,0.009970560591089297,46.51268115942022,4.568149427903165,277.4349840467449,259.6990159532551
2025-11-18,267.44,269.99,270.71,265.32,45.68M,-0.01%,267.44,45680000.0,270.679,257.1798,-7.477753682783028e-05,0.009863798765808972,44.71962616822429,4.032716362331712,277.2624258104609,260.3385741895391
2025-11-19,268.56,265.52,272.21,265.5,40.42M,0.42%,268.56,40420000.0,270.521,258.0152,0.004187855219862424,0.009992466868801671,43.1796349663785,3.6566053695069627,276.2332046462641,262.3787953537359
2025-11-20,266.25,270.83,275.43,265.92,45.82M,-0.86%,266.25,45820000.0,270.16900000000004,258.7396,-0.008601429848078657,0.010315518586538126,40.678733031674156,3.135987293994617,275.07726066532274,264.20173933467726
2025-11-21,271.49,265.95,273.33,265.67,59.03M,1.97%,271.49,59030000.0,270.471,259.48800000000006,0.019680751173708932,0.012127796509403245,54.688700999231365,3.1103635904564726,274.512398252332,265.63360174766797
2025-11-24,275.92,270.9,277.0,270.9,65.59M,1.63%,275.92,65590000.0,271.12,260.2724,0.01631735975542381,0.013041748275729539,59.97963340122202,3.4082326137191217,275.5312104253442,265.32578957465574
2025-11-25,276.97,275.27,280.38,275.25,46.91M,0.38%,276.97,46910000.0,271.29200000000003,261.0488,0.003805450855320469,0.011227533913086315,61.229858599145096,3.686526206147505,276.6534988133323,265.0005011866677
2025-11-26,277.55,276.96,279.53,276.63,33.43M,0.21%,277.55,33430000.0,271.7,261.82,0.002094089612593386,0.010944889424308015,62.70411495754416,3.9088186081224876,277.7423488287572,264.6966511712429
2025-11-28,278.85,277.26,279.0,275.99,20.14M,0.47%,278.85,20140000.0,272.29,262.63939999999997,0.004683840749414525,0.01091316033195588,66.94970607446112,4.142138084221131,278.9550331279182,264.22896687208174
2025-12-01,283.1,278.01,283.42,276.14,46.59M,1.52%,283.1,46590000.0,273.35900000000004,263.3914,0.01524116908732287,0.011523067150841056,70.15629607785314,4.616765729777342,281.17695890881924,263.28004109118075
2025-12-02,286.19,283.0,287.4,282.63,53.67M,1.09%,286.19,53670000.0,275.23199999999997,263.9936,0.010914871070293097,0.008638120506423848,67.54329698524694,5.182508007865238,283.8508195127342,262.3201804872659
2025-12-03,284.15,286.2,288.62,283.3,43.54M,-0.71%,284.15,43540000.0,276.903,264.58799999999997,-0.007128131660784853,0.00950824758385666,66.98473282442737,5.403958419383002,285.5220292993321,262.0599707006679
2025-12-04,280.7,284.1,284.73,278.59,43.99M,-1.21%,280.7,43990000.0,278.117,265.1558,-0.012141474573288735,0.01113917454730565,61.27436718068083,5.240662207103355,286.30592076700367,262.33207923299636
2025-12-05,278.78,280.54,281.14,278.05,47.27M,-0.68%,278.78,47270000.0,279.37,265.594,-0.006840042750267283,0.010921013250647937,58.90909090909082,4.899838539851714,286.71373794139845,262.82526205860154
2025-12-08,277.89,278.13,279.67,276.15,38.21M,-0.32%,277.89,38210000.0,280.01,266.0426,-0.003192481526651747,0.009759692350610305,66.45629536131273,4.505975683288739,286.8777803388488,263.6032196611512
2025-12-09,277.18,278.16,280.03,276.92,32.19M,-0.26%,277.18,32189999.999999996,280.136,266.4976,-0.0025549677930115644,0.008508692410251288,65.04014823965413,4.089405346285957,286.96282310129243,264.29317689870766
2025-12-10,278.78,277.75,279.75,276.44,33.04M,0.58%,278.78,33040000.0,280.317,266.98060000000004,0.005772422252687592,0.008615957067022789,65.55082166768105,3.8440649928360813,287.224157060051,264.384842939949
2025-12-11,278.03,279.1,279.59,273.81,33.25M,-0.27%,278.03,33250000.0,280.365,267.43219999999997,-0.0026902934213358654,0.008661728147832002,68.8178913738019,3.548210698904313,287.43798321506694,264.627016784933
2025-12-12,278.28,277.9,279.22,276.82,39.53M,0.09%,278.28,39530000.0,280.308,267.8552,0.0008991835413445504,0.008525977368595509,62.90383884454575,3.2959235945542673,287.6501694737507,264.9478305262494
2025-12-15,274.11,280.15,280.15,272.84,50.41M,-1.50%,274.11,50410000.0,279.409,268.177,-0.014984907287623805,0.007779795908176437,46.52591170825334,2.7280528023193256,287.637592455685,265.130407544315
2025-12-16,274.61,272.82,275.5,271.79,37.65M,0.18%,274.61,37650000.0,278.25100000000003,268.5354,0.001824085221261429,0.006347117731248941,45.372549019607796,2.291936907521915,287.2296793613834,266.2533206386166
2025-12-17,271.84,275.01,276.16,271.64,50.14M,-1.01%,271.84,50140000.0,277.02,268.8426,-0.010087032518845018,0.0065688738689853405,39.689418562657906,1.703163065073511,286.79214869095483,267.13085130904517
2025-12-18,272.19,273.61,273.63,266.95,51.63M,0.13%,272.19,51630000.0,276.169,269.1252,0.0012875220718069347,0.006170922463965765,37.54674644726993,1.2503839797926162,286.4400965473792,267.84590345262086
2025-12-19,273.67,272.14,274.6,269.9,144.63M,0.54%,273.67,144630000.0,275.658,269.51779999999997,0.0054373783019214805,0.006544578212462175,30.329578639966584,0.9994558191902456,285.4773698236447,269.5506301763553
2025-12-22,270.97,272.86,273.88,270.51,36.57M,-0.99%,270.97,36570000.0,274.966,270.0318,-0.00986589688310735,0.007021901698819445,17.726887192536083,0.5760852566762651,285.53711659099946,269.43888340900054
2025-12-23,272.36,270.84,272.5,269.56,29.64M,0.51%,272.36,29640000.0,274.484,270.5258,0.005129719157102253,0.007423764077292446,24.291321412996098,0.3487027902431237,285.6570562097776,268.96294379022254
2025-12-24,273.81,272.34,275.43,272.2,17.91M,0.53%,273.81,17910000.0,273.98699999999997,271.0466,0.005323836099280221,0.0073746004693970935,33.54037267080744,0.28224982890384354,285.6445170777898,268.65948292221015
2025-12-26,273.4,274.16,275.37,272.86,21.52M,-0.15%,273.4,21520000.0,273.524,271.5278,-0.0014973887001936692,0.007367752283674536,36.14830072090626,0.194262467980991,285.5973546552552,268.29164534474484
2025-12-29,273.76,272.69,274.36,272.35,23.72M,0.13%,273.76,23720000.0,273.072,272.054,0.0013167520117045584,0.007384989322516078,39.068290100582324,0.1518306328650283,285.4060613993103,267.97393860068956
2025-12-30,273.08,272.81,274.08,272.28,22.14M,-0.25%,273.08,22140000.0,272.969,272.4698,-0.002483927527761609,0.005745825489068167,39.130434782608646,0.06261103973582749,284.4960063010066,267.8819936989933
2025-12-31,271.86,273.06,273.68,271.75,27.29M,-0.45%,271.86,27290000.0,272.69399999999996,272.6622,-0.004467555295151526,0.005823850269756846,31.277056277056403,-0.10532580433675776,282.52468107364547,268.42031892635447
2026-01-02,271.01,272.26,277.84,269.0,37.84M,-0.31%,271.01,37840000.0,272.611,272.827,-0.003126609284190507,0.004969111428650574,31.108719052744974,-0.3035062285607637,280.8367762242868,268.7942237757132
2026-01-05,267.26,270.64,271.51,266.14,45.65M,-1.38%,267.26,45650000.0,272.11800000000005,273.0032,-0.01383712778126267,0.006499996121934015,25.04528985507254,-0.7544623304050901,280.39509272343304,267.891907276567
2026-01-06,262.36,267.0,267.55,262.12,52.35M,-1.83%,262.36,52350000.0,270.98699999999997,273.0588,-0.018334206390780428,0.007777491443732171,24.243752740026366,-1.490060845178789,281.1295733785182,265.5154266214819
2026-01-07,260.33,263.2,263.68,259.81,48.31M,-0.77%,260.33,48310000.0,269.92299999999994,273.009,-0.007737459978655381,0.0076324998328451904,20.665571076417464,-2.2113410394296125,281.87055230761956,263.01844769238045
2026-01-08,259.04,257.02,259.29,255.7,50.42M,-0.50%,259.04,50420000.0,268.591,272.8136,-0.004955249106902593,0.006930307666085788,22.003499562554794,-2.8541521199460362,282.42295504697233,260.6520449530277
2026-01-09,259.37,259.08,260.21,256.22,40.00M,0.13%,259.37,40000000.0,267.14700000000005,272.62100000000004,0.0012739345274861424,0.00635580075744444,21.935201401050776,-3.298928298470912,282.1709849779771,258.9630150220229
2026-01-12,260.25,259.16,261.3,256.8,45.26M,0.34%,260.25,45260000.0,265.832,272.432,0.0033928364884141526,0.006856547187600996,19.82913669064739,-3.539605608728607,281.5947014157554,257.76129858424457
2026-01-13,261.05,258.72,261.81,258.39,45.73M,0.31%,261.05,45730000.0,264.561,272.225,0.00307396733909715,0.007053155145782807,25.614552605702983,-3.624015403275507,280.60535517412393,257.0276448258761
2026-01-14,259.96,259.49,261.82,256.71,40.02M,-0.42%,259.96,40020000.0,263.24899999999997,272.0168,-0.0041754453169892125,0.007013739701784931,19.061876247504927,-3.735800679307715,280.2532780982234,255.96472190177667
2026-01-15,258.21,260.65,261.04,257.05,39.39M,-0.67%,258.21,39390000.0,261.884,271.8,-0.006731804893060467,0.007035127836503867,11.651917404129804,-3.9204096485145783,279.7943738343764,254.78362616562364
2026-01-16,255.53,257.9,258.9,254.93,72.14M,-1.04%,255.53,72140000.0,260.336,271.5098,-0.010379148754889322,0.007179635186235414,10.482087571870878,-4.234158446058245,279.8276829047414,253.11931709525862
2026-01-20,246.7,252.73,254.79,243.42,80.27M,-3.46%,246.7,80270000.0,258.28000000000003,271.041,-0.03455562947599111,0.011458097257945105,6.467181467181433,-5.13610797751204,280.91297889244544,249.4850211075545
2026-01-21,247.65,248.7,251.56,245.18,54.64M,0.39%,247.65,54640000.0,256.809,270.5986,0.0038508309687881326,0.011363452923872414,9.441786283891588,-5.708448972497081,280.9136022520694,246.88239774793055
2026-01-22,248.35,249.2,251.0,248.15,39.71M,0.28%,248.35,39710000.0,255.61100000000002,270.1962,0.0028265697557035008,0.011640082869262535,11.871553681479057,-6.035970276573664,280.7811162191908,244.7528837808092
2026-01-23,248.04,247.32,249.41,244.68,41.69M,-0.12%,248.04,41690000.0,254.51099999999997,269.7684,-0.0012482383732635993,0.01168778454494076,12.083195774182883,-6.248518645561603,280.1135575597356,242.98844244026435
2026-01-26,255.41,251.48,256.56,249.8,55.97M,2.97%,255.41,55970000.0,254.11499999999995,269.3716,0.029712949524270282,0.01589027699601858,32.52727808905928,-5.755916727867714,278.44407255037163,242.81792744962829
2026-01-27,258.27,259.17,261.95,258.21,49.65M,1.12%,258.27,49650000.0,253.917,269.0676,0.011197682158098576,0.016338471169602665,43.58330718544081,-5.076232413687421,276.65972216589586,243.08927783410417
2026-01-28,256.44,257.65,258.86,254.51,41.29M,-0.71%,256.44,41290000.0,253.456,268.7374,-0.0070856080845626,0.01639743861455225,43.85854120618884,-4.631850316666515,274.51586364986,243.50113635014003
2026-01-29,258.28,258.0,259.65,254.41,67.25M,0.72%,258.28,67250000.0,253.288,268.4548,0.007175167680548933,0.01659553293405202,48.820608317814944,-4.084122459266496,272.28986456309076,244.24713543690928
2026-01-30,259.48,255.16,261.9,252.18,92.44M,0.46%,259.48,92440000.0,253.41500000000002,268.2952,0.004646120489391503,0.016512442115128447,50.16621335750985,-3.512721745243482,270.155660965933,245.14333903406694
2026-02-02,270.01,260.03,270.49,259.2,73.91M,4.06%,270.01,73910000.0,254.86299999999997,268.3466,0.040581162324649256,0.020195623902001525,61.41787552643891,-2.1850121061058303,269.88683447178903,245.3121655282109
2026-02-03,269.48,269.2,271.88,267.61,64.39M,-0.20%,269.48,64390000.0,257.14099999999996,268.365,-0.0019628902633235246,0.014914892341809356,59.92465269602073,-1.1621625357717562,270.3988526781366,245.02214732186346
2026-02-04,276.49,272.29,278.95,272.29,90.55M,2.60%,276.49,90550000.0,260.025,268.5698,0.026013062193854797,0.015695921161299857,67.07997520148797,0.21166162942756728,273.53611874348235,243.29788125651763
2026-02-05,275.91,278.13,279.5,273.23,52.98M,-0.21%,275.91,52980000.0,262.781,268.6582,-0.0020977250533472658,0.01606032349741407,68.74205844980949,1.239339689006215,276.21611491087907,242.17588508912098
2026-02-06,278.12,277.12,280.9,276.92,50.45M,0.80%,278.12,50450000.0,265.78900000000004,268.7022,0.00800985828712264,0.015554340738318465,74.16042780748668,2.206673328972272,279.15632360144104,241.1436763985589
2026-02-09,274.62,277.9,278.2,271.7,44.62M,-1.26%,274.62,44620000.0,267.71000000000004,268.6552,-0.01258449590104993,0.015835777321384963,83.703524867214,2.660206256820686,280.9809931120917,240.84400688790834
2026-02-10,273.68,274.89,275.37,272.94,34.38M,-0.34%,273.68,34380000.0,269.251,268.5778,-0.0034229116597480624,0.016117515015075582,81.42960637527176,2.9102368269945487,282.4423588192404,240.72564118075962
2026-02-11,275.5,274.7,280.18,274.45,51.93M,0.67%,275.5,51930000.0,271.15700000000004,268.5108,0.006650102309266215,0.01545707952173519,81.91864566188582,3.218149816994128,284.0684545126613,240.54454548733878
2026-02-12,261.73,275.59,275.72,260.18,81.08M,-5.00%,261.73,81080000.0,271.502,268.0834,-0.04998185117967324,0.023816146123654885,62.22539739239155,2.324256577626329,284.13115615078107,240.6588438492189
2026-02-13,255.78,262.01,262.23,255.45,56.29M,-2.27%,255.78,56290000.0,271.132,267.4752,-0.022733351163412796,0.02497093845656476,50.33901411031703,1.1227817424791056,284.1349587802509,240.412041219749
2026-02-17,263.88,258.05,266.29,255.54,58.47M,3.17%,263.88,58470000.0,270.51900000000006,267.0698,0.03166783954961283,0.023427083304243247,54.68985119545228,0.8148139173071058,284.3279857809452,241.05401421905475
2026-02-18,264.35,263.6,266.82,262.45,34.20M,0.18%,264.35,34200000.0,270.00600000000003,266.74280000000005,0.0017811126269517974,0.023458424240622555,56.766467065868284,0.6017358330007028,283.86205033602613,243.28494966397392
2026-02-19,260.58,262.6,264.48,260.05,30.85M,-1.43%,260.58,30850000.0,268.415,266.3788,-0.01426139587667874,0.021557881624396768,51.904604173567414,0.1271961848062233,283.1506991001834,245.2893008998167
2026-02-20,264.58,258.97,264.75,258.16,42.07M,1.54%,264.58,42070000.0,267.28200000000004,266.11260000000004,0.015350372246526911,0.022564189089862352,54.03608736942068,0.07304465206345867,282.42699884310986,247.63600115689013
2026-02-23,266.18,263.49,269.43,263.38,37.31M,0.60%,266.18,37310000.0,266.08799999999997,265.8926,0.0060473202812005855,0.022456864843703548,46.47004608294933,0.1574211474693925,281.3863481213272,250.49065187867282
2026-02-24,272.14,267.86,274.89,267.71,47.01M,2.24%,272.14,47010000.0,265.84000000000003,265.7598,0.022390863325569166,0.02368697957222191,52.22855227882035,0.6971757105656025,281.6225459606389,251.92745403936107
2026-02-25,274.23,271.78,274.94,271.05,33.71M,0.77%,274.23,33710000.0,265.89500000000004,265.6838,0.007679870654810239,0.023802553465812313,47.936449963476996,1.278838964153067,282.20995122125134,252.9360487787486
2026-02-26,272.95,274.95,276.11,270.8,32.35M,-0.47%,272.95,32350000.0,265.64,265.5772,-0.00466761477591815,0.023744471452174544,47.331410025243386,1.6178761119591627,282.2319533877932,254.56504661220683
2026-02-27,264.18,272.81,272.81,262.89,72.37M,-3.21%,264.18,72370000.0,265.885,265.3786,-0.03213042681809852,0.020001465448144427,38.761689777491156,1.1654650327535592,281.8536652125543,255.53333478744577
2026-03-02,264.72,262.41,266.53,260.2,41.83M,0.20%,264.72,41830000.0,266.779,265.18080000000003,0.002044060867590458,0.018170124396944803,41.618692854724046,0.8408071783018158,281.53936180373137,256.3716381962686
2026-03-03,263.75,263.48,265.56,260.13,38.57M,-0.37%,263.75,38570000.0,266.76599999999996,265.019,-0.0036642490178302456,0.015314547694317796,41.59756303943139,0.4994848458590013,281.4257569361414,255.8592430638586
2026-03-04,262.52,264.65,266.15,261.42,39.80M,-0.47%,262.52,39800000.0,266.58299999999997,264.8256,-0.004663507109004761,0.015369434092530448,38.905982905982924,0.1282552709153606,281.3576413567308,255.23135864326923
2026-03-05,260.29,260.79,261.55,257.25,49.66M,-0.85%,260.29,49660000.0,266.554,264.558,-0.00849459088831317,0.014900396169162248,48.46678023850087,-0.3419474475836637,280.4163105949561,254.55268940504396
2026-03-06,257.46,258.63,258.77,254.37,41.12M,-1.09%,257.46,41120000.0,265.842,264.2878,-0.010872488378347422,0.014187019073300656,51.91605839416055,-0.9321980395976084,279.5950116889713,253.52898831102874
2026-03-09,259.88,255.69,261.15,253.68,38.22M,0.94%,259.88,38220000.0,265.21200000000005,264.0382,0.009399518371785875,0.014452042982972165,44.758909853249506,-1.190973312091785,277.80045158357717,253.49954841642278
2026-03-10,260.83,257.64,262.48,256.95,30.59M,0.37%,260.83,30590000.0,264.081,263.7786,0.003655533323072113,0.011881650777481,45.44513457556933,-1.3043616502328632,276.5183389439059,253.4026610560941
2026-03-11,260.81,261.09,262.13,259.55,26.22M,-0.01%,260.81,26220000.0,262.739,263.5268,-7.66782962081658e-05,0.011258875590752405,50.32960733734596,-1.3799295886598202,275.246799150685,253.38720084931495
2026-03-12,255.76,258.66,258.95,254.18,40.79M,-1.94%,255.76,40790000.0,261.02,263.1668,-0.01936275449560987,0.012142672337112564,37.729549248747965,-1.82625854795549,273.5498650727827,253.11013492721725
2026-03-13,250.12,255.48,256.33,249.52,36.93M,-2.21%,250.12,36930000.0,259.61400000000003,262.7076,-0.02205192367844855,0.010000580072339104,29.91495747873941,-2.605048945717556,274.548887093832,250.95011290616802
2026-03-16,252.82,252.1,253.88,249.88,32.07M,1.08%,252.82,32070000.0,258.424,262.3268,0.010794818487126046,0.01105268869129574,23.692810457516416,-2.970140579910435,274.83522607527345,250.36777392472663
2026-03-17,254.23,252.96,255.13,252.18,32.36M,0.56%,254.23,32360000.0,257.472,261.9912,0.005577090420061603,0.011510323841828369,22.25305216426193,-3.1098546456751137,274.8898185452773,249.34818145472275
2026-03-18,249.94,252.63,254.94,249.0,35.76M,-1.69%,249.94,35760000.0,256.214,261.6448,-0.016874483735200396,0.012257995600833634,20.53777208706788,-3.5260995160528523,275.22192675927437,247.57507324072566
2026-03-19,248.96,249.4,251.83,247.3,34.86M,-0.39%,248.96,34860000.0,255.081,261.3768,-0.00392094102584617,0.012191239526082805,25.655790147152928,-3.8902104598980998,275.7204066398601,245.91459336013995
2026-03-20,247.99,247.98,249.2,246.0,88.33M,-0.39%,247.99,88330000.0,254.13400000000001,261.13,-0.003896208226221054,0.01197570338939493,23.60366046071313,-4.208528601544373,275.82656665499746,244.14943334500254
2026-03-23,251.49,253.97,254.6,250.28,40.55M,1.41%,251.49,40550000.0,253.295,260.97900000000004,0.014113472317432096,0.012622851894436996,32.0864991233197,-4.130760437859294,275.2447558672265,243.26224413277347
2026-03-24,251.64,250.35,254.82,249.55,45.15M,0.06%,251.64,45150000.0,252.37599999999998,260.82439999999997,0.0005964451866873333,0.012474331976136125,33.584791792395876,-4.010790959896838,273.34602036895717,243.11097963104294
2026-03-25,252.62,254.1,255.0,251.6,28.48M,0.39%,252.62,28480000.0,251.55699999999996,260.6718,0.003894452392306569,0.012657640544540072,37.97428661022261,-3.792914121494391,270.42734621094104,243.86865378905904
2026-03-26,252.89,252.12,257.0,250.77,41.80M,0.11%,252.89,41800000.0,251.27000000000004,260.5086,0.0010687989866200454,0.011321714600437854,42.20934197067847,-3.557450340734704,267.25144289071704,245.0385571092829
2026-03-27,248.8,253.9,255.49,248.07,47.90M,-1.62%,248.8,47900000.0,251.13799999999998,260.2854,-0.016173039661512845,0.010209112285826476,32.129032258064484,-3.6586972322678832,266.26769340661497,244.484306593385
2026-03-30,246.63,250.07,250.87,245.51,39.45M,-0.87%,246.63,39450000.0,250.519,260.0538,-0.008721864951768521,0.009664792866501532,27.963997517070098,-3.8694325776882295,265.0972626847259,243.84573731527416
2026-03-31,253.79,247.91,255.48,247.1,49.60M,2.90%,253.79,49600000.0,250.475,260.019,0.02903134249685757,0.013790240297235076,41.0823170731707,-3.4192744286279435,263.6604011394119,244.28659886058813
2026-04-01,255.63,254.08,256.18,253.33,40.06M,0.73%,255.63,40060000.0,251.044,260.1976,0.0072500886559754285,0.012584860097513122,49.82019363762103,-2.8808397029696096,262.49108933429056,244.76691066570942
2026-04-02,255.92,254.2,256.13,250.65,31.29M,0.11%,255.92,31290000.0,251.74,260.36300000000006,0.0011344521378555683,0.012406386323105525,59.415584415584405,-2.403025149214841,261.78306038311723,245.03793961688277
2026-04-06,258.86,256.51,262.16,256.46,29.33M,1.15%,258.86,29330000.0,252.82699999999994,260.5732,0.01148796498905913,0.012433482290477665,59.72938144329901,-1.7667542008404098,262.0174105098481,244.94358949015185
2026-04-07,253.5,256.15,256.2,245.7,62.15M,-2.07%,253.5,62150000.0,253.02799999999996,260.6824,-0.020706173221046176,0.014157201579017046,48.95684481280367,-1.67569571763147,261.15078301904595,245.17221698095406
2026-04-08,258.9,258.45,259.75,256.53,41.03M,2.13%,258.9,41030000.0,253.754,260.7522,0.02130177514792897,0.015555191905331804,62.40997229916896,-1.154488122893639,260.7031907475041,245.42680925249593
2026-04-09,260.49,259.0,261.12,256.07,28.12M,0.61%,260.49,28120000.0,254.54100000000003,260.7966,0.006141367323291069,0.015586438059699254,65.70416780168891,-0.606140427610228,260.6199247158555,245.47807528414455
2026-04-10,260.48,259.98,262.19,259.02,31.29M,0.00%,260.48,31290000.0,255.3,260.8774,-3.838918960419324e-05,0.015607031865867201,67.46853146853148,-0.17041342500800738,261.480263073424,245.08973692657597
2026-04-13,259.2,259.73,260.18,256.66,36.23M,-0.49%,259.2,36230000.0,256.34000000000003,260.8958,-0.004914004914005066,0.014425945852628266,61.49716671637335,0.07080190096246497,262.1978014579957,245.28019854200437
2026-04-14,258.83,259.24,261.93,257.19,48.37M,-0.14%,258.83,48370000.0,257.56,260.88280000000003,-0.001427469135802495,0.01387400849246935,60.65185185185183,0.22946573867767484,262.7830569662227,245.2959430337773
2026-04-15,266.43,258.16,266.56,257.81,49.91M,2.94%,266.43,49910000.0,258.824,260.8112,0.029362902291079074,0.013938263103431646,67.10428536041613,0.9574278253356852,265.0030673486311,244.29593265136887
2026-04-16,263.4,266.8,267.16,261.27,43.32M,-1.14%,263.4,43320000.0,259.601,260.68960000000004,-0.011372593176444235,0.01481469761739092,62.18409459772776,1.2751482314029658,266.12713813663834,244.51786186336167
2026-04-17,270.23,266.96,272.3,266.72,61.44M,2.59%,270.23,61440000.0,261.032,260.56440000000003,0.025930144267274358,0.016436059508619132,73.35949422280349,2.054386176539367,268.6433069936831,244.12869300631684
2026-04-20,273.05,270.33,274.27,270.29,36.59M,1.04%,273.05,36590000.0,262.451,260.50719999999995,0.010435554897679777,0.01639732640602831,78.39638865004292,2.8664456927968445,271.3229774150391,243.95502258496091
2026-04-21,266.17,271.5,272.8,265.4,50.21M,-2.52%,266.17,50210000.0,263.718,260.2682,-0.025196850393700787,0.0172340414046215,63.38667820069202,2.9211767019124864,272.2418292679565,244.50417073204346
2026-04-22,273.17,267.82,273.74,266.87,43.25M,2.63%,273.17,43250000.0,265.14500000000004,260.2392,0.026298981853702497,0.0178209891324164,67.06225680933849,3.489171917579654,274.4166703545337,244.4823296454663
2026-04-23,273.43,275.05,275.77,271.65,33.40M,0.10%,273.43,33400000.0,266.43899999999996,260.2342,0.0009517882637184449,0.017876423205470657,67.04302121861005,3.9151605119903365,276.32624357374266,244.65375642625736
2026-04-24,271.06,272.76,273.06,269.65,38.16M,-0.87%,271.06,38160000.0,267.49699999999996,260.1454,-0.008667666313133204,0.0183488532535398,62.00787401574799,4.015235216876306,277.48179538766584,245.31520461233418
2026-04-27,267.61,266.09,268.36,265.07,41.47M,-1.27%,267.61,41470000.0,268.338,260.263,-0.01272780934110529,0.018934294005544416,64.43035385559418,3.772669983190042,277.49338849069545,247.18461150930463
2026-04-28,270.71,272.33,273.23,268.66,40.02M,1.16%,270.71,40020000.0,269.526,260.5616,0.011584021523859178,0.019015742190018784,62.674393646705276,3.7869260538553817,277.1940822397496,249.89191776025044
2026-04-29,270.17,267.55,271.04,267.04,30.05M,-0.20%,270.17,30050000.0,269.9,260.68739999999997,-0.001994754534372478,0.016964337103770988,60.6280193236715,3.711862564446676,277.5053643053741,251.21863569462585
2026-04-30,271.35,270.5,276.0,268.14,91.85M,0.44%,271.35,91850000.0,270.69500000000005,260.82739999999995,0.004367620387163651,0.016354016350996183,61.635624063369725,3.704882764317972,277.96888362176094,252.32711637823908
2026-05-01,280.14,278.86,287.22,278.37,79.92M,3.24%,280.14,79920000.0,271.68600000000004,261.2186,0.032393587617468134,0.017447796285668178,69.31021763187016,4.358389954937138,280.0553704758294,252.66262952417065
2026-05-04,276.83,279.65,280.63,274.86,46.67M,-1.18%,276.83,46670000.0,272.06399999999996,261.4636,-0.011815520811023106,0.017912320437268172,65.74527641707488,4.556683167474205,281.23730479498613,253.27769520501394
2026-05-05,284.18,276.92,284.57,276.5,49.31M,2.66%,284.18,49310000.0,273.865,261.82359999999994,0.02655059061517906,0.01677527924000733,65.59479880513092,5.246437870544867,283.143137023832,254.43986297616794
2026-05-06,287.51,281.92,288.03,281.07,58.34M,1.17%,287.51,58340000.0,275.299,262.131,0.011717925258638795,0.015464353922141535,71.07149099807731,5.992696536819096,286.0498164202224,254.39418357977758
2026-05-07,287.44,289.27,292.13,285.78,45.22M,-0.02%,287.44,45220000.0,276.7,262.3952,-0.0002434697923550111,0.015505709998188543,67.05649157581766,6.503495246443379,288.4617373639075,254.6772626360925
2026-05-08,293.32,290.01,294.76,290.0,52.69M,2.05%,293.32,52690000.0,278.92600000000004,262.8026,0.020456443083773923,0.015363504338530946,68.94038497477109,7.29863958878218,291.8582745482522,254.5647254517478
2026-05-11,292.68,291.98,293.88,290.23,42.25M,-0.22%,292.68,42250000.0,281.433,263.3726,-0.002181917359879937,0.01408953270537432,78.04104082927867,7.787386414389118,294.2340497620744,255.5369502379256
2026-05-12,294.8,292.56,295.27,292.56,45.75M,0.72%,294.8,45750000.0,283.842,263.9742,0.007243405767391131,0.014070786203971937,75.51309271054501,8.250679381296152,296.4316526519966,256.9363473480033
2026-05-13,298.87,293.5,300.92,293.5,52.68M,1.38%,298.87,52680000.0,286.712,264.6766,0.013805970149253666,0.01362273183225058,77.5324675324676,8.844305729940686,299.76250621485565,256.84949378514443
2026-05-14,298.21,299.82,300.45,295.38,35.32M,-0.22%,298.21,35320000.0,289.398,265.3904,-0.0022083179977917533,0.01408790777934026,80.5124747134188,9.155958216999124,302.05227175486243,258.04072824513753
2026-05-15,300.23,297.9,303.2,296.52,54.86M,0.68%,300.23,54860000.0,291.40700000000004,266.1892,0.006773750041916937,0.01158343340563274,87.87738039944269,9.456928590426628,304.7899097281418,258.30309027185825
2026-05-18,297.84,300.24,300.66,294.91,34.48M,-0.80%,297.84,34480000.0,293.508,266.9968,-0.0079605635679314,0.010933209933760017,82.0306965761511,9.394305052907725,306.7542987122305,258.8177012877695
2026-05-19,298.97,296.97,300.51,296.35,42.24M,0.38%,298.97,42240000.0,294.98699999999997,267.7786,0.0037939833467635076,0.008628617988539953,83.53516534699574,9.328325870487959,308.0939453670058,260.7580546329943
2026-05-20,302.25,298.18,302.8,298.08,38.23M,1.10%,302.25,38230000.0,296.461,268.607,0.010971000434826239,0.008568176373366099,84.30284191829476,9.43197949257518,310.200363570707,261.559636429293
2026-05-21,304.99,301.05,305.54,300.4,42.97M,0.91%,304.99,42970000.0,298.216,269.49060000000003,0.009065343258891634,0.008434401351874172,81.86714542190298,9.62427814814123,312.46291875823886,262.4530812417611
2026-05-22,308.82,306.12,311.4,305.84,43.67M,1.26%,308.82,43670000.0,299.76599999999996,270.5518,0.012557788779959944,0.007208394388121663,90.48342191850155,9.97078817004467,314.8351848272709,263.8568151727291
2026-05-26,308.33,309.56,311.82,307.67,48.00M,-0.16%,308.33,48000000.0,301.331,271.716,-0.0015866848002072942,0.007142953926563745,86.98315467075025,10.08955484623624,316.0528893872676,266.7111106127323
2026-05-27,310.85,308.33,313.26,308.3,50.43M,0.82%,310.85,50430000.0,302.936,272.8766,0.008173061330392972,0.007177809581806533,86.65201005025114,10.26865061993351,317.50368729133385,269.2743127086662
2026-05-28,312.51,310.68,312.8,309.57,48.22M,0.53%,312.51,48220000.0,304.3,274.04220000000004,0.005340196236126582,0.006538978286498448,87.49626084355356,10.424367814483446,318.4432970463047,272.5687029536954
