Date,Price,Open,High,Low,Vol.,Change %,Close,Volume,MA10,MA50,Returns,Volatility,RSI,MACD,UpperBand,LowerBand
2021-08-10,136.81,137.34,137.77,136.36,19.41M,-0.08%,136.81,19410000.0,135.79199999999997,126.28200000000001,-0.0007304068366079663,0.011260818087349132,75.05411255411259,3.146699186062051,140.72731823253926,123.8566817674607
2021-08-11,136.28,137.18,137.68,136.27,15.35M,-0.39%,136.28,15350000.0,135.811,126.62639999999999,-0.00387398581975007,0.005628662622830684,71.66482910694603,3.0403840341108435,141.08243414281952,124.30556585718051
2021-08-12,137.19,135.98,137.3,135.43,16.52M,0.67%,137.19,16520000.0,135.952,126.99959999999999,0.0066774288230113665,0.005904443325672377,64.45366528354084,2.995033028632122,141.37067763528594,125.0363223647141
2021-08-13,137.73,137.25,137.86,137.03,15.95M,0.39%,137.73,15950000.0,136.252,127.4066,0.003936146949486075,0.005070047943718627,63.20687186828921,2.9684471066344713,141.5911671736349,125.89183282636513
2021-08-16,138.31,137.52,138.36,135.3,22.40M,0.42%,138.31,22400000.0,136.598,127.7792,0.0042111377332463285,0.00508230653366987,75.825946817083,2.9600570297800743,141.23657848986338,127.61942151013663
2021-08-17,136.66,137.75,138.27,136.08,21.72M,-1.19%,136.66,21720000.0,136.701,128.1102,-0.011929723085821742,0.006668591672052064,52.88753799392093,2.7881268324750295,140.61071563658396,129.290284363416
2021-08-18,135.45,136.5,137.1,135.32,19.26M,-0.89%,135.45,19260000.0,136.733,128.42079999999999,-0.008854090443436324,0.007229525689377669,48.4679665738161,2.52512594475769,139.80684968957036,130.88415031042962
2021-08-19,135.68,134.44,136.35,134.25,21.78M,0.17%,135.68,21780000.0,136.676,128.72639999999998,0.0016980435585087772,0.006697153750958397,54.77386934673375,2.30864233250324,138.75398863938605,132.66301136061398
2021-08-20,137.43,136.0,137.55,135.25,31.19M,1.29%,137.43,31190000.0,136.845,129.03979999999999,0.012897995283018826,0.0077574212725816365,61.139896373057034,2.252324490053155,138.7861117213079,133.0728882786921
2021-08-23,140.04,137.97,140.87,137.61,28.45M,1.90%,140.04,28450000.0,137.158,129.41039999999998,0.018991486574983618,0.009374771395705235,66.44295302013423,2.390738436964881,139.483229681781,132.97577031821893
2021-08-24,141.26,140.61,142.08,140.34,19.27M,0.87%,141.26,19270000.0,137.603,129.7866,0.008711796629534474,0.00950990076996545,71.69143665958951,2.5692594673149074,140.0210356886427,133.37396431135733
2021-08-25,142.08,141.63,142.19,141.38,15.85M,0.58%,142.08,15850000.0,138.18300000000002,130.19979999999998,0.005804898768228872,0.00919188969895483,71.0773680404917,2.7452601666796,141.08230666245672,132.9116933375433
2021-08-26,141.44,141.75,142.42,141.36,20.61M,-0.45%,141.44,20610000.0,138.608,130.6132,-0.0045045045045045695,0.009532804496654128,70.41547277936954,2.8008133053079973,141.7740568942124,132.7859431057876
2021-08-27,144.0,141.65,144.51,141.5,28.78M,1.81%,144.0,28780000.0,139.23499999999999,131.0584,0.018099547511312153,0.01065729079894301,73.09446254071655,3.016636267990549,142.98087288502916,132.5061271149708
2021-08-30,144.59,144.4,145.97,144.16,24.43M,0.41%,144.59,24430000.0,139.863,131.548,0.0040972222222221966,0.010657709778381009,74.55808080808072,3.198416238548191,144.10733579380644,132.3536642061935
2021-08-31,144.7,145.15,145.17,144.28,22.45M,0.07%,144.7,22450000.0,140.667,132.0058,0.0007607718376096972,0.00912986549627232,77.30220492866395,3.3131621842723007,145.09173019998386,132.27626980001614
2021-09-01,145.22,145.0,146.25,144.88,21.94M,0.36%,145.22,21940000.0,141.644,132.46359999999999,0.0035936420179683015,0.007641698609620107,76.71324018629397,3.406787501471854,145.99450748565064,132.38249251434937
2021-09-02,143.29,145.22,145.52,143.18,32.36M,-1.33%,143.29,32360000.0,142.40500000000003,132.8868,-0.013290180415920672,0.009928233346658053,66.93057247259432,3.2873567670672514,146.43424537266594,132.64675462733408
2021-09-03,143.74,143.08,144.15,142.4,19.85M,0.32%,143.74,19850000.0,143.036,133.3116,0.003140484332472715,0.009596074989730724,66.6666666666666,3.1922203595757423,146.83412321661305,133.04687678338692
2021-09-07,144.28,143.83,144.57,143.62,20.13M,0.38%,144.28,20130000.0,143.46,133.747,0.003756783080562043,0.008146819281888096,75.09881422924892,3.124381631659844,147.30766423345386,133.31033576654613
2021-09-08,143.69,144.1,144.4,143.0,18.35M,-0.41%,143.69,18350000.0,143.70300000000003,134.17,-0.004089270862212335,0.008158286892712528,78.29670329670321,2.988560615410563,147.60369280908816,133.70230719091182
2021-09-09,143.54,143.84,144.31,143.18,15.32M,-0.10%,143.54,15320000.0,143.849,134.59539999999998,-0.0010439139814879539,0.008065792195694615,77.14088397790042,2.836124655495439,147.76033688363756,134.27166311636242
2021-09-10,140.88,144.21,144.72,140.74,36.84M,-1.86%,140.88,36840000.0,143.793,134.97119999999998,-0.018531419813292427,0.01010211649033969,61.20857699805062,2.4721805312827883,147.70164637664158,134.69935362335838
2021-09-13,142.33,141.95,142.95,141.25,22.09M,1.03%,142.33,22090000.0,143.62599999999998,135.369,0.010292447473026822,0.008725732900500582,58.046380885453296,2.274535641585885,147.73724985108845,135.12375014891154
2021-09-14,142.54,143.0,143.36,141.75,19.67M,0.15%,142.54,19670000.0,143.421,135.7146,0.0014754443897981862,0.008589501369667126,54.841149773071095,2.110517159440633,147.7898369323984,135.4941630676016
2021-09-15,144.43,142.77,144.45,141.35,27.41M,1.32%,144.43,27410000.0,143.39399999999998,136.0794,0.01325943594780421,0.009766509202933555,58.22253324002794,2.108730403806163,147.8245894566422,136.23641054335783
2021-09-16,143.61,143.95,144.3,142.4,26.20M,-0.57%,143.61,26200000.0,143.233,136.4222,-0.00567749082600566,0.009812253573113886,57.4982722874914,2.017886302909517,147.3659110849403,137.5110889150597
2021-09-17,140.8,143.03,143.45,140.47,53.38M,-1.96%,140.8,53380000.0,142.98399999999998,136.7374,-0.019566882529071794,0.010828847249312889,39.13043478260876,1.6995567503220457,146.56132774921483,138.82767225078518
2021-09-20,138.72,138.16,139.0,136.32,46.52M,-1.48%,138.72,46520000.0,142.482,137.00140000000002,-0.014772727272727382,0.011405695168042067,31.89389265885258,1.264859160684324,146.2840137737682,139.23398622623182
2021-09-21,139.03,139.75,140.01,138.28,25.33M,0.23%,139.03,25330000.0,141.957,137.2424,0.0022347174163783734,0.011307984046617087,32.72394881170028,0.9345991213876914,146.42145470367893,138.9955452963211
2021-09-22,140.28,139.3,140.89,138.55,25.06M,0.90%,140.28,25060000.0,141.616,137.50119999999998,0.00899086528087456,0.011986630873682258,35.58926487747962,0.7649127758260761,146.47732784756943,138.8416721524306
2021-09-23,141.22,140.99,141.7,140.4,20.95M,0.66%,141.22,20950000.0,141.384,137.7608,0.006700883946392899,0.012324680551981807,43.59133126934988,0.69823643356753,146.48089768575605,138.75210231424396
2021-09-24,142.21,140.54,142.33,140.24,22.98M,0.71%,142.21,22980000.0,141.517,138.065,0.007010338478969036,0.010991088735681769,45.416417016177355,0.7170143826975277,146.48523704089789,138.82476295910212
2021-09-27,141.07,140.8,141.94,140.07,21.88M,-0.80%,141.07,21880000.0,141.39100000000002,138.34699999999998,-0.008016313901976102,0.010793339467858775,40.71717755928283,0.6326151760877394,146.34625852892134,138.67074147107866
2021-09-28,135.83,138.65,139.1,135.36,45.77M,-3.72%,135.83,45770000.0,140.72,138.572,-0.037144679946125914,0.015678287535209987,32.087511394712905,0.14127545380273432,146.80320135390522,137.3377986460948
2021-09-29,134.35,136.98,137.15,133.87,30.85M,-1.09%,134.35,30850000.0,139.71200000000002,138.7348,-0.010895972907310703,0.014413983684917116,30.253545337344264,-0.36334997481148434,147.2419258999156,135.8640741000844
2021-09-30,133.68,134.26,135.54,133.56,38.03M,-0.50%,133.68,38030000.0,138.719,138.85739999999998,-0.00498697432080375,0.014423279605705563,33.08270676691734,-0.8080183308504445,147.39319860178344,134.55880139821656
2021-10-01,136.54,134.45,136.91,134.07,35.36M,2.14%,136.54,35360000.0,138.293,139.0198,0.02139437462597238,0.016181162985059873,37.241075363596245,-0.9190488852302394,147.25033078396478,134.0266692160352
2021-10-04,133.66,135.96,135.96,131.05,51.20M,-2.11%,133.66,51200000.0,137.78699999999998,139.0328,-0.021092720082027228,0.01680567312688211,32.492113564668784,-1.2253087339866795,147.26711294116097,133.00188705883903
2021-10-05,136.02,134.04,137.22,134.04,32.40M,1.77%,136.02,32400000.0,137.48600000000002,139.0724,0.017656740984587804,0.018059460734026322,33.72048006194349,-1.2630301683800838,146.7997819057197,132.64321809428034
2021-10-06,137.57,134.75,137.75,134.55,24.36M,1.13%,137.57,24360000.0,137.215,139.1858,0.011395383031906903,0.01823775236108854,38.62951807228912,-1.1545437689062226,146.29785111296295,132.53314888703707
2021-10-07,139.23,138.89,140.04,138.65,25.11M,1.21%,139.23,25110000.0,137.01600000000002,139.24859999999998,0.012066584284364357,0.018591084955072088,46.910665092483235,-0.9239684557126395,145.80280960931324,132.59719039068673
2021-10-08,139.79,139.58,140.33,139.22,26.53M,0.40%,139.79,26530000.0,136.774,139.3288,0.004022121669180478,0.018466959722137046,52.23943072415236,-0.6881163618348864,145.70779252303583,132.58320747696416
2021-10-11,138.91,139.29,140.71,138.86,17.95M,-0.62%,138.91,17950000.0,136.558,139.4124,-0.006295157021246167,0.01840802783365003,49.75470155355682,-0.5656896060977772,145.3633405174877,132.5856594825123
2021-10-12,136.45,139.48,139.51,135.76,36.33M,-1.77%,136.45,36330000.0,136.61999999999998,139.4444,-0.017709308185155925,0.014906270626673383,42.53992987923644,-0.6595639187699192,144.92237639032663,132.4176236096734
2021-10-13,137.58,137.4,138.0,136.52,19.66M,0.83%,137.58,19660000.0,136.943,139.4834,0.008281421766214825,0.014497311046634107,42.96210363495749,-0.6354533213618083,143.97229033222095,132.68270966777902
2021-10-14,141.15,139.47,141.34,138.82,31.93M,2.59%,141.15,31930000.0,137.69,139.60379999999998,0.025948539031835915,0.01595577952941178,48.136427566807306,-0.3245352940892019,143.45830052914064,132.95069947085935
2021-10-15,141.37,141.61,141.72,140.76,30.27M,0.15%,141.37,30270000.0,138.173,139.7062,0.0015586255756288026,0.014972158139669593,50.5450581395349,-0.059690283615367434,143.55186454048217,132.91413545951784
2021-10-18,142.78,141.08,142.8,141.07,20.40M,1.00%,142.78,20400000.0,139.085,139.84699999999998,0.009973827544740743,0.012260661070594023,64.66863655550864,0.2609682320962179,144.12981714530846,132.7421828546915
2021-10-19,143.24,143.39,143.66,142.6,20.16M,0.32%,143.24,20160000.0,139.807,139.9736,0.003221739739459384,0.01166110943056132,69.60741067490079,0.5459175736697262,144.73068579943967,132.56231420056034
2021-10-20,141.77,143.34,143.55,141.38,23.29M,-1.02%,141.77,23290000.0,140.227,140.0728,-0.010262496509354957,0.012381176565450397,67.23476778866639,0.6456822421541517,144.9247201063469,132.5172798936531
2021-10-21,141.89,141.77,142.16,140.5,26.29M,0.08%,141.89,26290000.0,140.493,140.185,0.0008464414191999836,0.011978202237548618,62.90400385914133,0.7260598913410661,145.0219479822751,132.48705201772492
2021-10-22,137.57,139.15,140.58,136.06,50.59M,-3.04%,137.57,50590000.0,140.27100000000002,140.1926,-0.030446120233984075,0.01569959685481357,58.81822282363554,0.4361442616004183,144.59175600226672,132.45324399773324
2021-10-25,137.45,137.55,138.0,135.42,34.41M,-0.09%,137.45,34410000.0,140.125,140.18699999999998,-0.0008722832012794113,0.015608503246396609,53.58755644756644,0.19445943189933246,144.30587944008104,132.37712055991895
2021-10-26,139.31,139.26,140.08,138.3,49.24M,1.35%,139.31,49240000.0,140.411,140.207,0.01353219352491819,0.014994933915220212,54.298418972332044,0.15126522706916035,144.37347692759272,132.6575230724073
2021-10-27,146.22,139.4,148.65,139.4,85.78M,4.96%,146.22,85780000.0,141.275,140.3982,0.049601607924772084,0.021251477943610597,63.71125931737937,0.6669248645717971,145.56473722807021,132.65326277192975
2021-10-28,145.85,147.13,147.16,144.63,36.21M,-0.25%,145.85,36210000.0,141.745,140.6062,-0.0025304335932156974,0.02021005116670754,61.97628458498024,1.0338157501984142,146.31135958377362,133.12364041622644
2021-10-29,148.05,145.08,148.24,144.65,43.32M,1.51%,148.05,43320000.0,142.41299999999998,140.8536,0.015083990401097092,0.02051872153022258,67.16754320060106,1.4849830736927743,147.68054599237593,132.9054540076241
2021-11-01,143.5,148.05,148.05,143.23,46.92M,-3.07%,143.5,46920000.0,142.48499999999999,140.975,-0.030732860520094607,0.023239053239404516,62.27795193312435,1.458575898952546,147.60111248980525,133.96888751019475
2021-11-02,145.43,144.58,146.61,144.34,33.48M,1.35%,145.43,33479999.999999996,142.704,141.08280000000002,0.013449477351916483,0.023582733841854317,63.300576075906456,1.5752246834272796,147.985253182304,134.52574681769596
2021-11-03,146.6,145.9,146.67,144.59,27.49M,0.80%,146.6,27490000.0,143.18699999999998,141.18959999999998,0.008045107611909463,0.023253431768868436,60.05164146071558,1.7419982361248287,148.60519533989597,134.80880466010407
2021-11-04,148.27,147.12,149.73,146.31,38.41M,1.14%,148.27,38410000.0,143.825,141.3134,0.011391541609822697,0.023353689159423423,62.079831932773104,1.98602881745623,149.54149109290591,134.77650890709413
2021-11-05,148.85,149.17,150.33,148.2,38.35M,0.39%,148.85,38350000.0,144.953,141.4616,0.003911782558845278,0.019886235453857076,60.94482509917056,2.2008558675881886,150.47843395433327,134.74556604566678
2021-11-08,149.03,149.82,150.61,148.43,23.05M,0.12%,149.03,23050000.0,146.111,141.56220000000002,0.0012092710782667382,0.019792698269146435,60.54644808743167,2.358445654813039,151.27822342315335,134.95777657684664
2021-11-09,148.92,149.23,149.83,147.24,19.53M,-0.08%,148.92,19530000.0,147.072,141.64880000000002,-0.0007381064215259414,0.01988745037587242,63.702568033729335,2.446261634492771,151.65850175837392,135.8244982416261
2021-11-10,145.89,147.5,148.07,144.54,29.97M,-2.03%,145.89,29970000.0,147.039,141.6726,-0.020346494762288447,0.014850922485186583,56.89655172413792,2.245476300800334,151.56857018664525,136.74542981335478
2021-11-11,145.77,146.49,147.54,145.6,16.52M,-0.09%,145.77,16520000.0,147.031,141.6836,-0.0008225375282745473,0.014830000156952877,66.53225806451613,2.0530037310891487,151.69216636692914,137.08383363307087
2021-11-12,148.68,146.62,148.85,145.41,22.36M,2.00%,148.68,22360000.0,147.094,141.79139999999998,0.019962955340605104,0.015447158248726826,70.35157665820951,2.1109468319583016,152.15275536794,137.35424463206002
2021-11-15,148.45,148.9,149.55,147.57,23.51M,-0.15%,148.45,23510000.0,147.589,141.8856,-0.0015469464622007711,0.01100061549396735,67.60400616332814,2.113939895807846,152.5514719322811,137.52252806771887
2021-11-16,147.88,148.15,148.76,147.31,18.90M,-0.39%,147.88,18900000.0,147.834,141.9576,-0.003839676658807689,0.010606265048656074,54.23037716615697,2.04672432023915,152.8361948497924,137.7018051502076
2021-11-17,148.05,148.03,148.56,147.24,19.60M,0.12%,148.05,19600000.0,147.97899999999998,142.0448,0.001149580741141465,0.01037109433961402,55.66426364572608,1.9842993043920103,153.05949819522115,138.10650180477884
2021-11-18,149.84,148.24,150.58,147.88,35.63M,1.21%,149.84,35630000.0,148.13600000000002,142.17079999999999,0.012090509962850327,0.010450712231890138,54.70804839558125,2.0555697414987435,153.47561131899965,138.4853886810003
2021-11-19,148.93,149.98,150.97,148.9,33.70M,-0.61%,148.93,33700000.0,148.144,142.33180000000002,-0.006073144687666843,0.010628029324837258,67.66428106701368,2.0153905142576036,153.0105325138854,140.08646748611463
2021-11-22,146.3,149.33,149.83,146.15,30.63M,-1.76%,146.3,30630000.0,147.871,142.4112,-0.017659303028268236,0.011996881471967766,52.70690728064718,1.751143079646937,151.84058554930053,142.14141445069944
2021-11-23,145.78,146.15,146.66,144.12,27.23M,-0.36%,145.78,27230000.0,147.557,142.476,-0.0035543403964457543,0.012002699061904562,47.34111543450067,1.482674085810686,150.6259949716635,144.00300502833653
2021-11-24,146.12,145.47,146.25,144.37,18.04M,0.23%,146.12,18040000.0,147.58,142.50979999999998,0.002332281520098789,0.010166531786831084,42.370475514549305,1.2825610668699312,150.62824722717457,143.99075277282546
2021-11-26,142.18,144.35,144.56,141.84,30.47M,-2.69%,142.18,30470000.0,147.221,142.4812,-0.026964139063783144,0.013328906503223532,30.888252148997182,0.7968592877354865,151.1213941904181,143.13060580958197
2021-11-29,145.53,144.0,146.3,143.89,32.60M,2.35%,145.53,32600000.0,146.906,142.5758,0.023561682374454884,0.014030219005208427,41.51309408341416,0.6744791555049687,151.0314813785069,142.9685186214931
2021-11-30,141.9,145.01,146.0,141.6,42.07M,-2.50%,141.9,42070000.0,146.251,142.6394,-0.024943310657596363,0.01577874334852054,35.45981772990889,0.28133826380863525,151.29295516122568,142.54704483877435
2021-12-01,141.05,144.0,145.95,140.91,34.06M,-0.60%,141.05,34060000.0,145.568,142.6798,-0.005990133897110561,0.015785062774873092,38.979963570127545,-0.09769050619627251,151.77125546953022,141.63074453046983
2021-12-02,142.97,141.25,143.86,140.21,29.19M,1.36%,142.97,29190000.0,145.06,142.7336,0.013612194257355492,0.01675222686775349,44.10774410774408,-0.24037469345145723,151.85778072066438,141.1812192793356
2021-12-03,142.0,143.68,144.4,140.3,41.23M,-0.67%,142.0,41230000.0,144.276,142.7492,-0.006784640134293918,0.015857571403292754,34.69294225481208,-0.426803903483858,151.8396933758075,140.57230662419246
2021-12-06,143.15,143.04,143.85,140.15,30.62M,0.81%,143.15,30620000.0,143.698,142.768,0.008098591549295708,0.01639946262735886,38.34652594547055,-0.4762649209909,151.5682029406263,140.2737970593737
2021-12-07,147.27,145.6,147.53,145.23,32.24M,2.87%,147.27,32240000.000000004,143.79500000000002,142.892,0.02878099895214814,0.01849010646680697,48.839863065804515,-0.18092794130564016,151.32904297845639,140.33695702154367
2021-12-08,148.19,147.6,148.39,146.41,24.27M,0.62%,148.19,24270000.0,144.036,143.1392,0.00624702926597398,0.01849254220460077,50.25887573964495,0.1259136005139112,151.2153764615232,140.37762353847683
2021-12-09,147.64,147.59,149.1,147.12,23.27M,-0.37%,147.64,23270000.0,144.18800000000002,143.405,-0.0037114515149471172,0.018571625281901087,45.7364341085271,0.3210069611929214,151.36538822216525,140.40261177783472
2021-12-10,148.0,148.7,148.98,146.7,24.46M,0.25%,148.0,24460000.0,144.77,143.6914,0.00243836358710392,0.015728810889023465,48.158415841584144,0.49891763453180715,151.55725843075658,140.4337415692434
2021-12-13,145.83,147.78,147.97,145.52,27.07M,-1.47%,145.83,27070000.0,144.8,143.8772,-0.014662162162162096,0.01511467114986476,49.05203711173861,0.45951525456050035,151.26929549065522,140.4367045093448
2021-12-14,143.91,143.97,144.48,141.21,38.45M,-1.32%,143.91,38450000.0,145.001,144.0822,-0.013166015223205263,0.01327535970264539,46.4299350897289,0.27024540980167444,150.96399647019152,140.28800352980855
2021-12-15,146.44,143.41,146.72,141.68,36.37M,1.76%,146.44,36370000.0,145.54000000000002,144.2906,0.0175804322145785,0.013879179084492611,50.56377730796334,0.32070071194445404,150.80207493527897,140.30592506472104
2021-12-16,144.45,147.17,147.68,143.61,33.65M,-1.36%,144.45,33650000.0,145.68800000000002,144.4282,-0.013589183283255979,0.01440738640395271,54.294362466893645,0.19783007160683042,150.50731082246028,140.2406891775397
2021-12-17,141.73,142.5,143.83,141.3,51.02M,-1.88%,141.73,51020000.0,145.661,144.4782,-0.018830044998269346,0.015596451985920698,42.63565891472866,-0.11767063032846181,149.89344520407553,140.04355479592448
2021-12-20,141.61,140.0,141.77,139.32,27.19M,-0.08%,141.61,27190000.0,145.507,144.5146,-0.0008466803076270235,0.015329406864188998,49.34948407357561,-0.37308946369282125,149.37343337441928,139.83156662558076
2021-12-21,143.47,142.05,143.87,140.5,28.76M,1.32%,143.47,28760000.0,145.127,144.6058,0.013134665630958109,0.012490314391728053,55.193133047210274,-0.42057613412140427,149.18761401004883,139.7343859899512
2021-12-22,146.41,143.07,146.5,143.07,26.32M,2.05%,146.41,26320000.0,144.94899999999998,144.805,0.02049208893845411,0.014286975521026814,57.07236842105264,-0.2184579854928188,149.26430700628734,139.72069299371267
2021-12-23,146.92,146.5,148.24,146.45,26.38M,0.34%,146.92,26380000.0,144.877,144.9918,0.003483368622361871,0.014322865506232716,60.310142497904415,-0.01693000026537561,149.37464339229732,139.69035660770268
2021-12-27,147.91,147.26,148.34,147.17,15.98M,0.67%,147.91,15980000.0,144.868,145.127,0.0067383610127962346,0.014481103482809907,60.04219409282699,0.22012958930332616,149.7522764814162,139.88572351858377
2021-12-28,146.69,148.24,148.3,146.05,18.25M,-0.82%,146.69,18250000.0,144.954,145.2334,-0.008248259076465425,0.013887775087616247,48.6057692307692,0.3060295003408555,149.87235826648254,139.88164173351748
2021-12-29,146.65,146.64,147.42,145.65,17.79M,-0.02%,146.65,17790000.0,145.228,145.31080000000003,-0.0002726838911990548,0.013032167641073997,46.13453815261046,0.366651601577189,149.96342815068596,140.26557184931403
2021-12-30,146.2,146.69,147.3,145.99,15.69M,-0.31%,146.2,15690000.0,145.204,145.37,-0.003068530514831358,0.011866669056033,46.3673057517659,0.3740717481118736,149.84447770727738,140.8995222927226
2021-12-31,144.85,146.05,146.7,144.85,18.14M,-0.92%,144.85,18140000.0,145.24399999999997,145.4316,-0.009233926128590975,0.011386835640581953,42.43152330610281,0.2679300196349459,149.8028841592224,141.12911584077762
2022-01-03,144.99,145.05,145.85,143.71,28.68M,0.10%,144.99,28680000.0,145.57,145.49360000000001,0.0009665170866415274,0.009194540688489098,47.763578274760384,0.19288530336800136,149.6445287454381,141.5864712545619
2022-01-04,144.4,145.4,146.48,143.72,28.40M,-0.41%,144.4,28400000.0,145.849,145.6302,-0.0040692461549072245,0.009372399292858864,51.40401146131808,0.08482593531422822,149.58286120785604,141.77313879214395
2022-01-05,137.77,144.42,144.5,137.69,54.62M,-4.59%,137.77,54620000.0,145.279,145.6366,-0.045914127423822726,0.017038409830565593,29.883990719257554,-0.5296915289480069,150.39240661854706,140.01359338145295
2022-01-06,137.75,137.0,139.94,136.56,37.35M,-0.02%,137.75,37350000.0,144.413,145.6054,-0.00014516948537424135,0.014865246296428524,32.890704800817176,-1.0067101516156072,150.6474426499151,138.71455735008487
2022-01-07,137.02,138.15,138.45,135.77,29.76M,-0.53%,137.02,29760000.0,143.423,145.4214,-0.00529945553539013,0.014499186538714131,36.61171119954524,-1.4272038286159443,150.85253055117724,137.44746944882277
2022-01-10,138.67,135.08,138.82,133.16,44.41M,1.21%,138.67,44410000.0,142.499,145.2778,0.012042037658735794,0.015134727070085507,42.311715481171476,-1.6087620789311359,150.55440057684098,136.81259942315904
2022-01-11,139.74,138.01,140.22,136.69,28.73M,0.77%,139.74,28730000.0,141.80400000000003,145.1116,0.007716160669214878,0.015739143768432905,39.82542280414624,-1.647318975002264,150.38776714138064,136.37023285861935
2022-01-12,141.43,141.15,142.61,140.69,26.11M,1.21%,141.43,26110000.0,141.282,145.0702,0.012093888650350548,0.016590877027672438,35.42154566744735,-1.5239396887331509,150.31179963245546,136.19820036754453
2022-01-13,138.59,141.54,142.85,138.41,31.44M,-2.01%,138.59,31440000.0,140.52100000000002,144.9334,-0.020080605246411642,0.01739541433682745,28.54198866563634,-1.636460878251853,150.04551175654962,135.6794882434504
2022-01-14,139.48,137.08,140.74,137.0,29.66M,0.64%,139.48,29660000.0,139.984,144.791,0.006421819756114999,0.017693217962244677,28.171931641636448,-1.6349722275527938,149.90877794474588,135.31922205525407
2022-01-18,136.0,136.18,137.13,135.44,34.89M,-2.50%,136.0,34890000.0,139.085,144.5456,-0.024949813593346692,0.01880855435070538,25.220213259156225,-1.892780581249525,150.19598979022922,134.45901020977075
2022-01-19,135.12,136.52,137.96,135.02,28.65M,-0.65%,135.12,28650000.0,138.15699999999998,144.27100000000002,-0.006470588235294117,0.018793389197838753,24.274877286925474,-2.1433964642740477,150.5058121663857,133.50018783361426
2022-01-20,133.31,136.25,137.63,132.96,29.91M,-1.34%,133.31,29910000.0,137.711,143.9566,-0.013395500296033203,0.013183989325550025,22.885990744636103,-2.4597092334325623,150.80452539917533,132.18547460082468
2022-01-21,130.35,132.59,134.87,130.09,55.65M,-2.22%,130.35,55650000.0,136.971,143.5852,-0.022203885679994095,0.014403774867628758,21.43420015760441,-2.9156271097427293,150.93974296074367,130.44425703925634
2022-01-24,130.8,125.98,131.2,124.5,76.69M,0.35%,130.8,76690000.0,136.349,143.2834,0.0034522439585731313,0.014674739840563705,22.38224990268587,-3.2037037694188655,150.5965268433984,129.17547315660164
2022-01-25,126.93,128.74,129.4,126.5,46.96M,-2.96%,126.93,46960000.0,135.175,142.9066,-0.029587155963302747,0.015338562265083792,19.84811874352779,-3.701613360111935,150.3202914775293,127.35370852247073
2022-01-26,129.23,131.12,133.0,127.14,49.13M,1.81%,129.23,49130000.0,134.124,142.5176,0.018120223745371256,0.01685381657618932,32.67045454545449,-3.8660540552690463,149.5874398387145,126.34056016128551
2022-01-27,129.01,131.3,132.65,128.93,32.02M,-0.18%,129.01,32020000.000000004,132.882,142.12879999999998,-0.0017023910856611701,0.01557314348729633,32.407407407407376,-3.9683816192209918,148.60693607700077,125.55706392299922
2022-01-28,133.35,129.66,133.36,128.49,34.36M,3.37%,133.35,34360000.0,132.358,141.8382,0.033640803038524236,0.019982813411132793,43.55008787346218,-3.6571182391921866,147.23373330448197,125.64526669551806
2022-01-31,135.3,134.16,135.47,132.21,39.99M,1.46%,135.3,39990000.0,131.94,141.5832,0.014623172103487292,0.020601624374410706,44.13913043478266,-3.216018801970847,146.00873625978576,125.91526374021423
2022-02-01,137.64,137.59,137.79,134.37,68.64M,1.73%,137.64,68640000.0,132.10399999999998,141.3392,0.017294900221729304,0.019884575170647685,46.50233177881408,-2.647111621219409,144.74885007322575,126.44014992677421
2022-02-02,148.0,151.25,151.55,145.52,123.20M,7.52%,148.0,123200000.0,133.392,141.32059999999998,0.07526881720430123,0.030347652578530674,58.490566037735846,-1.3447813614145332,145.76156210422735,125.78743789577263
2022-02-03,143.09,145.71,149.68,142.67,71.52M,-3.32%,143.09,71520000.0,134.37,141.25639999999999,-0.0331756756756757,0.0325725283242908,55.520117762512264,-0.7007929087307616,146.52247545664432,125.5585245433557
2022-02-04,143.29,143.44,144.88,140.51,58.00M,0.14%,143.29,58000000.0,135.664,141.2066,0.0013977217136067477,0.030991914719339438,54.75418018467682,-0.17230289128642085,147.27184905222137,125.36315094777862
2022-02-07,139.2,144.25,144.25,138.9,54.97M,-2.86%,139.2,54970000.0,136.504,141.0682,-0.02854351315513992,0.033300942657882124,53.933136676499494,-0.08254800136521112,147.45342451277938,125.39957548722063
2022-02-08,139.4,139.03,140.0,137.01,54.28M,0.14%,139.4,54280000.0,137.751,141.0126,0.001436781609195581,0.030899802121928784,55.35,0.004667915255254229,147.52596638624405,125.40003361375592
2022-02-09,141.59,140.96,142.52,140.19,40.14M,1.57%,141.59,40140000.0,138.987,140.93380000000002,0.015710186513629765,0.030837346083943333,60.25260029717681,0.24764713294644025,147.76381547510516,125.34718452489484
2022-02-10,138.62,139.7,141.48,137.96,39.33M,-2.10%,138.62,39330000.0,139.948,140.8682,-0.020976057631188594,0.03219436012033704,60.23768259470167,0.1982701994230638,147.43490256906054,125.39509743093944
2022-02-11,134.28,138.6,139.16,133.4,39.96M,-3.13%,134.28,39960000.0,140.041,140.7328,-0.03130861347568892,0.03291571971304567,53.92953929539294,-0.18888574791770907,147.2088787290659,125.19012127093409
2022-02-14,135.53,133.26,136.3,133.26,34.30M,0.93%,135.53,34300000.0,140.06400000000002,140.584,0.00930890676198981,0.03271673157023916,60.32165146423428,-0.3903454132369575,146.90479462001946,125.09920537998056
2022-02-15,136.61,137.57,138.11,135.82,26.71M,0.80%,136.61,26710000.0,139.96099999999998,140.4762,0.0079687154135617,0.03231977793639552,59.12462908011872,-0.4575819554302427,146.9386834223579,125.12631657764209
2022-02-16,137.74,136.65,138.09,134.92,25.02M,0.83%,137.74,25020000.0,138.935,140.36800000000002,0.008271722421491878,0.01919562736964244,60.55622732769046,-0.41490309868217423,147.08646137790328,125.24053862209671
2022-02-17,132.54,136.24,137.11,132.48,38.95M,-3.77%,132.54,38950000.0,137.88000000000002,140.0734,-0.03775228691738064,0.019929805000648,49.04051172707889,-0.7915518223276194,147.09563352774165,125.15436647225835
2022-02-18,130.4,133.47,134.07,130.2,45.62M,-1.61%,130.4,45620000.0,136.591,139.7176,-0.016146069111211636,0.01983650595148085,44.221698113207545,-1.248338693305385,147.09261381849913,125.16238618150086
2022-02-22,129.81,129.84,132.18,128.22,44.99M,-0.45%,129.81,44990000.0,135.652,139.361,-0.004524539877300615,0.018653344176654933,40.36900369003693,-1.6390595900166716,147.1527671473684,125.00323285263161
2022-02-23,127.59,131.65,132.05,127.53,32.79M,-1.71%,127.59,32790000.0,134.471,138.9528,-0.017101918188121124,0.018664881226585415,18.609658566594916,-2.103595226015358,147.07436655940128,125.1476334405987
2022-02-24,132.69,124.95,133.0,124.95,54.46M,4.00%,132.69,54460000.0,133.581,138.69,0.0399717846226193,0.02320785128802645,34.09785932721712,-2.0367374453759624,146.8936746316502,125.67432536834977
2022-02-25,134.46,133.55,135.27,131.75,36.41M,1.33%,134.46,36410000.0,133.165,138.501,0.013339362423694379,0.023321707254636222,37.117011963816786,-1.8199487289732872,146.64678146287346,126.46621853712654
2022-02-28,135.06,133.05,135.75,132.59,38.86M,0.44%,135.06,38860000.0,133.243,138.2734,0.004462293618920032,0.02110020728968681,43.27485380116962,-1.5814966152222212,146.64649498975373,126.63750501024626
2022-03-01,134.06,134.88,136.26,133.22,26.50M,-0.74%,134.06,26500000.0,133.096,138.0656,-0.00740411668887897,0.02101128518879222,41.5452818239392,-1.4564244849018735,146.63475535570933,126.52524464429064
2022-03-02,134.57,134.63,135.26,133.07,23.52M,0.38%,134.57,23520000.0,132.892,137.9224,0.0038042667462330204,0.02085686524040364,38.26086956521738,-1.3011523088970307,146.5068222066302,126.3461777933698
2022-03-03,133.9,136.01,136.44,133.03,24.60M,-0.50%,133.9,24600000.0,132.508,137.7682,-0.0049788214312253,0.02059996474784471,41.449275362318836,-1.2181196660568219,144.2458682278642,127.19713177213583
2022-03-04,131.91,132.93,133.85,130.34,30.45M,-1.49%,131.91,30450000.0,132.445,137.537,-0.014861837191934346,0.017265926658018897,45.3069306930693,-1.297930334303885,143.09831057445902,127.22668942554098
2022-03-07,126.38,131.49,131.74,126.29,45.11M,-4.19%,126.38,45110000.0,132.043,137.13639999999998,-0.041922522932302364,0.02133238987917183,34.50728073145952,-1.7868084323971232,142.2099658224078,126.4240341775922
2022-03-08,127.1,126.25,131.25,125.67,40.43M,0.57%,127.1,40430000.0,131.772,136.74,0.005697103972147399,0.021491347776328502,33.69900582790534,-2.0920341966308627,141.8792094055252,125.54479059447479
2022-03-09,133.42,131.25,133.74,129.9,37.03M,4.97%,133.42,37030000.0,132.355,136.4502,0.0497246262785207,0.02612842747787872,43.71362048894059,-1.8031708016956998,141.12880224024323,125.6971977597568
2022-03-10,132.43,131.27,133.27,130.91,27.10M,-0.74%,132.43,27100000.0,132.329,136.165,-0.00742017688502461,0.023166882353331603,49.81757877280268,-1.6352787310006818,139.64658623315924,126.26341376684073
2022-03-11,129.87,133.49,133.8,129.63,31.53M,-1.93%,129.87,31530000.0,131.87,135.8294,-0.01933096730348105,0.023386199054190433,49.133137062479555,-1.6893202285359052,138.77998941589755,126.25501058410246
2022-03-14,125.95,130.25,130.41,125.28,38.81M,-3.02%,125.95,38810000.0,130.959,135.4244,-0.030184030184030153,0.02465320429727561,44.306784660766965,-2.0251154732881673,138.95043916259752,125.25156083740248
2022-03-15,129.2,126.98,129.85,125.72,30.92M,2.58%,129.2,30920000.0,130.473,135.1114,0.025803890432711363,0.02669776078554978,52.30460921843686,-2.0058654174868025,138.55128723425707,125.01771276574294
2022-03-16,133.28,130.73,133.33,128.73,35.58M,3.16%,133.28,35580000.0,130.344,134.8772,0.03157894736842115,0.028882086439007467,50.86994986729579,-1.642454514309236,138.03994133625778,125.1960586637422
2022-03-17,133.84,133.15,134.08,132.18,28.26M,0.42%,133.84,28260000.0,130.338,134.666,0.004201680672268893,0.02887296531700382,49.05198776758409,-1.2943410771837023,137.27367193622104,125.57232806377897
2022-03-18,136.13,133.42,136.24,132.26,44.57M,1.71%,136.13,44570000.0,130.76000000000002,134.63320000000002,0.017109982068141072,0.02877397405854787,51.555684792090716,-0.8241742409493611,137.80704799235966,125.39795200764033
2022-03-21,136.1,136.16,137.05,134.09,26.83M,-0.02%,136.1,26830000.0,131.732,134.60019999999997,-0.00022037758025417187,0.024097133750699492,53.05206463195691,-0.44881077391733015,138.37659976726306,125.39840023273692
2022-03-22,139.87,136.1,141.05,136.1,35.50M,2.77%,139.87,35500000.0,133.00900000000001,134.6572,0.027700220426157385,0.0248859693710568,57.224645583424234,0.15113280593874379,139.70823757099237,125.07276242900764
2022-03-23,138.28,138.7,139.59,137.84,25.15M,-1.14%,138.28,25150000.0,133.495,134.6494,-0.011367698577250285,0.021256235181487105,55.824468085106375,0.492614154191358,140.3275130867846,125.52248691321543
2022-03-24,141.57,139.2,141.62,137.75,26.40M,2.38%,141.57,26400000.0,134.409,134.686,0.02379230546716804,0.02171437863428591,62.41645244215939,1.0169928269910429,141.71701936799602,125.02098063200398
2022-03-25,141.67,141.92,142.04,139.74,24.14M,0.07%,141.67,24140000.0,135.589,134.6908,0.000706364342727861,0.019870245002986356,72.84135046310129,1.4242183646319688,142.86176662358392,124.59723337641609
2022-03-28,141.46,140.9,142.0,139.81,35.05M,-0.15%,141.46,35050000.0,137.14000000000001,134.7482,-0.001482318063104282,0.01509450157133994,71.78398058252432,1.7102871663206258,143.80530037990965,124.2936996200904
2022-03-29,142.51,142.65,143.79,142.04,34.32M,0.74%,142.51,34320000.0,138.471,134.80880000000002,0.007422592959140273,0.014295339660437414,66.41386782231857,1.9986853765744854,144.93591413130767,124.00808586869233
2022-03-30,141.94,142.46,142.72,141.6,19.88M,-0.40%,141.94,19880000.0,139.337,134.9276,-0.003999719317942518,0.012644695518302669,67.43674367436745,2.1563912635075724,145.82507957416047,123.85592042583951
2022-03-31,139.07,142.05,142.11,139.02,37.52M,-2.02%,139.07,37520000.0,139.85999999999999,135.0066,-0.020219811187825898,0.015211350825605024,66.67875271936185,2.0264298784721575,146.23270775712487,123.96529224287512
2022-04-01,140.15,139.5,140.47,138.31,25.94M,0.78%,140.15,25940000.0,140.262,135.1434,0.007765873301215365,0.014586912015352844,78.69846402586909,1.9876689086755164,146.7571022955562,124.26489770444385
2022-04-04,142.97,140.36,143.71,140.31,25.97M,2.01%,142.97,25970000.0,140.949,135.3958,0.020121298608633653,0.015477565446868027,78.32167832167838,2.159606394918285,147.1912142136992,125.48978578630077
2022-04-05,140.59,142.87,142.99,140.38,21.42M,-1.67%,140.59,21420000.0,141.021,135.5916,-0.01664684898929847,0.014592653124398659,66.16541353383462,2.079846802716247,147.09706223683293,126.93293776316712
2022-04-06,136.55,138.75,139.36,135.52,32.47M,-2.88%,136.55,32470000.0,140.848,135.784,-0.028736040970196997,0.01700993499592301,55.19356075124571,1.6713759335811176,147.11481571300155,127.2281842869984
2022-04-07,135.89,136.01,137.16,134.23,26.23M,-0.48%,135.89,26230000.0,140.28,135.9172,-0.004833394361040133,0.014586246991971492,49.509403107113634,1.279652307522781,147.05821352914623,127.63078647085379
2022-04-08,133.29,135.58,135.67,132.97,25.14M,-1.91%,133.29,25140000.0,139.44199999999998,136.0028,-0.019133122378394263,0.015212265721382014,44.802071772105066,0.7507559930038781,146.78546389023808,128.24553610976193
2022-04-11,128.82,131.82,132.09,128.67,36.88M,-3.35%,128.82,36880000.0,138.17800000000003,135.91219999999998,-0.03353589916722932,0.017382774276085214,30.075730256040345,-0.02875828182436635,146.23825502838716,129.07974497161283
2022-04-12,127.71,131.6,131.6,126.79,32.71M,-0.86%,127.71,32710000.0,136.69799999999998,135.7604,-0.008616674429436366,0.016392440048156817,30.60550458715592,-0.7277081178656033,146.4926168782067,128.6763831217933
2022-04-13,129.89,128.0,130.33,127.74,27.93M,1.71%,129.89,27930000.0,135.493,135.6054,0.017069924046668072,0.018570605789071316,27.658760520275393,-1.093122284360959,146.78500926809642,128.04499073190357
2022-04-14,126.73,130.48,130.48,126.6,31.60M,-2.44%,126.73,31600000.0,134.25900000000001,135.18,-0.02432827777350055,0.01889693981417452,24.41780821917807,-1.6190379728190294,147.48110806866413,126.63789193133584
2022-04-18,127.68,127.0,128.21,126.18,20.81M,0.75%,127.68,20810000.0,133.012,134.8718,0.007496251874062887,0.018870395606730258,26.987307949231777,-1.9368461279036353,147.87076508098428,125.40323491901572
2022-04-19,130.01,127.69,130.33,127.0,26.49M,1.83%,130.01,26490000.0,131.71599999999998,134.6062,0.01824874686716771,0.018554699964951616,29.980781550288256,-1.9778998547886602,147.95110916578977,124.71389083421019
2022-04-20,128.04,130.89,131.4,127.5,31.70M,-1.51%,128.04,31700000.0,130.461,134.383,-0.01515268056303365,0.01849489727097638,28.694052728387476,-2.144675283490187,147.79759094699517,123.6844090530048
2022-04-21,124.81,129.25,130.1,124.53,36.45M,-2.52%,124.81,36450000.0,129.28699999999998,134.0912,-0.025226491721336952,0.01811130639617957,28.38083687083079,-2.5085628668490187,147.99999497644595,122.13500502355404
2022-04-22,119.64,125.0,125.4,118.93,56.88M,-4.15%,119.64,56880000.0,127.66199999999999,133.6522,-0.04142296290361347,0.020727689085563945,22.336120852441283,-3.177494017721642,148.23256985527388,119.70943014472614
2022-04-25,123.07,119.1,123.28,118.51,46.13M,2.87%,123.07,46130000.0,126.64000000000001,133.3412,0.02866934135740551,0.024233424570922934,23.59341825902331,-3.3917563835879605,147.61114236104333,118.47085763895664
2022-04-26,118.65,122.29,122.51,118.51,73.05M,-3.59%,118.65,73050000.0,125.62299999999998,133.0286,-0.03591452019176067,0.02452532756742578,22.381671701913362,-3.8735658567471916,147.2461971167823,116.55480288321768
2022-04-27,114.29,114.47,117.24,112.74,91.82M,-3.67%,114.29,91820000.0,124.28099999999999,132.6038,-0.036746734091866795,0.026172330415024297,22.202797202797157,-4.554714978376268,146.88159883482138,114.09740116517861
2022-04-28,118.52,116.42,119.65,114.11,48.88M,3.70%,118.52,48880000.0,123.144,132.242,0.03701111208329677,0.02911960078217284,30.084842925934396,-4.6990373388733815,145.61224729927594,113.02475270072406
2022-04-29,114.11,116.73,117.92,113.81,42.68M,-3.72%,114.11,42680000.0,121.88199999999999,131.7694,-0.03720890988862635,0.030152465791228655,28.88595332452661,-5.11035500206772,145.02937344197977,111.11162655802019
2022-05-02,116.58,113.4,116.75,112.6,35.53M,2.17%,116.58,35530000.0,120.772,131.4502,0.021645780387345548,0.0313732989177229,35.90511285122062,-5.17733772961806,143.59028935455544,110.19371064544453
2022-05-03,117.33,116.43,118.44,116.03,24.97M,0.64%,117.33,24970000.0,119.50400000000002,131.18880000000001,0.006433350488934675,0.030458552990608064,37.947050627032034,-5.110987014968131,140.99636033019408,110.2236396698059
2022-05-04,122.26,117.03,122.85,115.12,49.92M,4.20%,122.26,49920000.0,118.926,131.03779999999998,0.04201823915452141,0.034445029207604234,41.672123990395114,-4.607481617279788,138.41661193034142,110.9703880696586
2022-05-05,116.51,120.2,121.04,115.01,45.84M,-4.71%,116.51,45840000.0,118.096,130.81619999999998,-0.04703091771634227,0.03655810911590738,39.44214876033057,-4.619179877013664,136.67611482314024,110.70688517685973
2022-05-06,115.75,115.18,117.57,114.02,39.71M,-0.65%,115.75,39710000.0,117.70700000000002,130.4774,-0.006523045232168956,0.03443176426267733,37.627048330221925,-4.6363317343320745,134.77916254615303,110.58983745384694
2022-05-09,112.51,113.25,115.08,112.0,40.80M,-2.80%,112.51,40800000.0,116.651,130.0384,-0.027991360691144718,0.03332861190097649,32.18648208469055,-4.8553956483640945,133.47131916602086,109.81968083397913
2022-05-10,114.39,115.51,116.25,112.9,39.90M,1.67%,114.39,39900000.0,116.225,129.625,0.016709625811039075,0.03265461161320177,36.07995105037731,-4.8217232659291795,132.66726306307075,109.18073693692926
2022-05-11,113.6,113.24,116.36,113.24,37.53M,-0.69%,113.6,37530000.0,116.15600000000002,129.2158,-0.006906198094239091,0.03054018661509738,37.96952135651426,-4.803413299452501,131.94055887250994,108.49644112749003
2022-05-12,112.84,111.38,114.29,109.82,53.84M,-0.67%,112.84,53840000.0,115.588,128.78119999999998,-0.006690140845070358,0.027612759191929348,41.93930772878141,-4.794954912048226,130.59613689751416,108.13586310248589
2022-05-13,116.05,114.53,117.88,113.61,35.04M,2.84%,116.05,35040000.0,115.782,128.4242,0.028447359092520275,0.026778721224489824,41.634890371782646,-4.477616233460282,129.59367781871177,108.07032218128828
2022-05-16,114.44,114.96,116.17,113.89,25.99M,-1.38%,114.44,25990000.0,115.56800000000001,128.07479999999998,-0.013873330461008138,0.0262351438375107,44.623243933588746,-4.306395146435989,128.24710066908173,108.09289933091829
2022-05-17,116.47,116.84,116.9,114.87,23.05M,1.77%,116.47,23050000.0,115.482,127.8766,0.017738552953512787,0.026853236899305192,52.96034763715372,-3.961234521030221,125.90215065490654,109.08384934509348
2022-05-18,111.9,115.0,115.4,111.56,35.13M,-3.93%,111.9,35130000.0,114.446,127.57259999999998,-0.03923757190692878,0.0248037215065411,41.09257265877289,-4.010225660429924,123.83712181115456,109.53487818884545
2022-05-19,110.38,111.43,113.01,110.0,34.14M,-1.35%,110.38,34140000.0,113.833,127.1118,-0.01358355674709566,0.020999333485488988,44.55792238109132,-4.124162015681193,122.55417445886083,109.3748255411392
2022-05-20,108.91,111.95,112.18,105.8,48.96M,-1.34%,108.91,48960000.0,113.149,126.64139999999999,-0.013317630005435732,0.02115655834158499,38.473098887886984,-4.283694350813306,122.48808975640544,108.36791024359455
2022-05-23,111.49,109.59,112.15,108.74,37.18M,2.37%,111.49,37180000.0,113.047,126.27380000000001,0.023689284730511462,0.021462503191916924,41.68091168091167,-4.154055076619798,121.12620990652762,108.57179009347239
2022-05-24,105.97,105.77,106.46,101.88,76.78M,-4.95%,105.97,76780000.0,112.205,125.8742,-0.04951116692080004,0.025356030098134624,27.178481367329766,-4.445488066050871,121.37506321642779,107.05493678357222
2022-05-25,105.81,104.99,106.5,103.86,40.26M,-0.16%,105.81,40260000.0,111.426,125.40639999999999,-0.0015098612814947732,0.02542325425751776,32.225913621262436,-4.635921455878048,121.8768392136846,105.70516078631542
2022-05-26,107.79,105.68,108.65,105.22,37.95M,1.88%,107.79,37950000.0,110.921,124.89659999999999,0.018712787071165415,0.02667221637399228,37.29246487867178,-4.574341673481953,121.44243329107138,105.06656670892863
2022-05-27,112.32,109.48,112.32,109.14,37.91M,4.20%,112.32,37910000.0,110.548,124.46619999999999,0.042026161981630894,0.0287835651789521,49.70867831953387,-4.1125986340151,121.35269166108067,104.97730833891934
2022-05-31,113.76,112.75,115.74,112.08,50.01M,1.29%,113.76,50010000.0,110.47999999999999,124.0188,0.012820512820512997,0.028889047145242437,49.02082685732049,-3.5890951286320814,121.05978941853479,104.98821058146521
2022-06-01,113.89,114.86,117.1,113.25,36.61M,0.11%,113.89,36610000.0,110.22200000000001,123.5746,0.0011427566807313827,0.028211680323055512,50.46017137416693,-3.127671070242158,120.64325988055877,105.06074011944123
2022-06-02,117.62,114.0,117.9,112.95,37.99M,3.28%,117.62,37990000.0,110.79400000000001,123.12960000000001,0.032750899991219606,0.026766709346764853,56.93155452436196,-2.432963661871227,119.4485715544156,105.79142844558442
2022-06-03,114.54,116.06,116.32,113.52,26.14M,-2.62%,114.54,26140000.0,111.21,122.6548,-0.026186022785240626,0.02802293554065767,47.80203784570598,-2.1066491548926365,119.16822226305533,105.87477773694471
2022-06-06,116.82,116.7,119.35,116.16,33.54M,1.99%,116.82,33540000.0,112.001,122.15979999999999,0.019905709795704496,0.027701127036293124,53.39805825242718,-1.6451019012211816,119.34717993357539,105.80282006642462
2022-06-07,117.15,115.48,117.69,115.05,31.59M,0.28%,117.15,31590000.0,112.56700000000001,121.66940000000001,0.0028248587570622874,0.027116144054156393,51.020408163265316,-1.23841841870113,119.88099120575055,105.73300879424943
2022-06-08,117.19,116.76,118.57,116.6,26.11M,0.04%,117.19,26110000.0,113.68900000000001,121.184,0.00034144259496371454,0.019406743874316963,59.187217783952754,-0.902487845003634,120.25970300663485,105.63429699336515
2022-06-09,114.84,116.33,118.3,114.78,25.80M,-2.01%,114.84,25800000.0,114.59200000000001,120.6306,-0.020052905538015087,0.021438293130465226,57.528696826468625,-0.8164740012804828,120.36590695877612,105.6520930412239
2022-06-10,111.16,112.44,113.28,110.37,41.48M,-3.20%,111.16,41480000.0,114.92900000000002,120.015,-0.03204458376872177,0.024520034408471527,53.534401508011314,-1.0333409442178265,120.3282496420995,105.5217503579005
2022-06-13,106.39,106.79,108.79,106.12,47.25M,-4.29%,106.39,47250000.0,114.33599999999998,119.36140000000002,-0.0429111191075926,0.02434563617632924,42.50440917107584,-1.57198779758221,120.23691494164358,104.64708505835638
2022-06-14,106.72,106.54,107.92,105.8,33.71M,0.30%,106.72,33710000.0,113.63199999999999,118.69279999999999,0.0031017952815113325,0.023735288785027887,51.30072840790842,-1.9497653858582282,120.19146724955073,103.92053275044927
2022-06-15,109.76,108.54,111.42,107.67,39.70M,2.86%,109.76,39700000.0,113.21900000000001,118.02860000000001,0.028485757121439415,0.02611922225077601,56.22831914222643,-1.981018306748453,119.64009189539246,103.80090810460752
2022-06-16,106.03,107.22,108.65,105.14,51.68M,-3.40%,106.03,51680000.0,112.05999999999999,117.3374,-0.03398323615160348,0.024326270405352627,47.369994022713676,-2.2804783637792667,119.74371012892203,103.11028987107795
2022-06-17,107.14,106.03,108.7,105.05,51.38M,1.05%,107.14,51380000.0,111.32000000000001,116.7492,0.01046873526360459,0.024386542754184115,41.37816245006659,-2.4005627006122126,119.79116653541129,102.73883346458868
2022-06-21,111.54,108.93,112.49,108.6,47.42M,4.11%,111.54,47420000.0,110.792,116.26219999999999,0.04106776180698146,0.027624804626177685,46.63636363636364,-2.116291879605413,119.85055483528396,102.94244516471602
2022-06-22,111.49,110.56,113.35,110.38,30.77M,-0.05%,111.49,30770000.0,110.226,115.82619999999999,-0.00044826967903899284,0.027550690176386478,46.35479951397326,-1.8734438930091244,119.85055483528399,102.94244516471605
2022-06-23,112.24,112.23,112.74,110.5,28.36M,0.68%,112.24,28360000.0,109.731,115.4946,0.00672706072293483,0.027751154510424834,41.01536406145624,-1.6019995286614943,119.77273298317557,103.64726701682442
2022-06-24,117.97,113.0,118.08,112.95,41.16M,5.11%,117.97,41160000.0,110.04400000000001,115.29979999999999,0.05105131860299372,0.031959462717894446,55.262350414237474,-0.9139790206551197,120.3412651182661,104.29473488173393
2022-06-27,115.83,118.27,118.58,115.18,36.42M,-1.82%,115.83,36420000.0,110.51100000000001,115.01859999999999,-0.01814020513689918,0.030528500205848675,48.47457627118644,-0.5352281494745625,120.59226978571216,104.84773021428784
2022-06-28,112.01,115.8,117.31,111.85,35.88M,-3.30%,112.01,35880000.0,111.07300000000001,114.7242,-0.0329793663126996,0.028933055232947667,42.84919309961047,-0.5371158925727002,120.58130532356566,104.8276946764343
2022-06-29,111.7,111.55,113.16,110.87,24.72M,-0.27%,111.7,24720000.0,111.571,114.40459999999999,-0.002767610034818291,0.02904721177831681,42.41922120961061,-0.5572032594721321,120.47406468610656,104.72893531389347
2022-06-30,108.96,110.0,110.89,106.75,43.17M,-2.45%,108.96,43170000.0,111.49100000000001,113.98359999999998,-0.024529991047448574,0.029111937672112904,41.96721311475409,-0.7851668288722777,120.36521847393008,104.34478152606995
2022-07-01,108.74,107.93,109.25,106.73,35.48M,-0.21%,108.74,35480000.0,111.76200000000001,113.5976,-0.0020190895741556414,0.026660792988036808,46.348823174411585,-0.9723728524322581,119.67301791452164,104.14898208547834
2022-07-05,113.26,107.1,113.38,105.73,39.40M,4.16%,113.26,39400000.0,112.374,113.3666,0.04156704064741601,0.029329294849594,60.44390392216478,-0.7473932657349991,119.53853492313311,104.1554650768669
2022-07-06,114.57,113.3,115.59,111.48,37.43M,1.16%,114.57,37430000.0,112.67699999999999,113.26520000000001,0.011566307610806792,0.026777455292658292,61.588426335990526,-0.45810848110626523,119.18171063995653,104.28728936004346
2022-07-07,118.78,115.08,119.19,114.83,40.94M,3.68%,118.78,40940000.0,113.40599999999999,113.1794,0.036746094090948755,0.028755005234749637,62.871004566210026,0.10960020749008947,119.54316438765063,104.08883561234937
2022-07-08,119.35,117.25,119.68,116.9,38.24M,0.48%,119.35,38240000.0,114.117,113.1934,0.004798787674692662,0.028761433344462732,70.89084065244666,0.5986072973306591,120.01904175731808,103.82895824268194
2022-07-11,115.68,118.0,118.0,115.33,31.24M,-3.08%,115.68,31240000.0,113.88799999999999,113.2212,-0.03074989526602423,0.026211468058328045,62.398373983739845,0.6821472418230599,120.13313929173597,103.79886070826399
2022-07-12,114.02,116.21,116.97,113.69,29.96M,-1.43%,114.02,29960000.0,113.707,113.1312,-0.014349930843706837,0.02597284969043149,53.9116719242902,0.6074033551225568,120.31677013118708,103.9012298688129
2022-07-13,111.35,111.7,114.2,111.2,43.72M,-2.34%,111.35,43720000.0,113.641,113.07600000000001,-0.023416944395720063,0.024826494121737555,49.79603729603729,0.32892990138144285,120.12514846191849,104.58885153808154
2022-07-14,110.37,110.21,111.09,108.37,37.00M,-0.89%,110.37,37000000.0,113.508,112.95179999999999,-0.00880107768298155,0.02496563176823112,47.29377713458757,0.02882756695314015,119.91143675902319,105.16756324097682
2022-07-15,111.78,112.0,113.14,110.9,46.77M,1.28%,111.78,46770000.0,113.78999999999999,112.8408,0.012775210655069369,0.023805741412266976,39.76182600066159,-0.09414523143885845,119.90668838761425,105.37431161238575
2022-07-18,109.03,112.64,113.68,108.37,43.16M,-2.46%,109.03,43160000.0,113.81899999999999,112.57620000000001,-0.024601896582572946,0.02533681578043434,38.97535667963684,-0.4087917802481087,119.59104324456081,105.98995675543918
2022-07-19,113.81,110.85,114.02,109.56,36.53M,4.38%,113.81,36530000.0,113.874,112.52220000000001,0.04384114463909028,0.025752629218995654,52.83018867924528,-0.26934059449753533,119.39107150615389,106.8569284938461
2022-07-20,113.9,113.17,115.4,112.48,35.60M,0.08%,113.9,35600000.0,113.80699999999999,112.4852,0.0007907916703278062,0.02547513499040664,53.48321722609247,-0.14983507182118672,119.47225757684,107.01174242316002
2022-07-21,114.34,114.28,114.55,111.11,32.68M,0.39%,114.34,32680000.0,113.36300000000001,112.5218,0.0038630377524144777,0.022055090368792867,59.18715846994538,-0.019398151526957008,119.5762856450116,107.19271435498841
2022-07-22,107.9,111.0,112.34,106.5,48.90M,-5.63%,107.9,48900000.0,112.218,112.392,-0.05632324645793241,0.027315600135235596,48.816901408450725,-0.430715115381588,119.81556382578168,106.5194361742183
2022-07-25,107.51,108.41,109.87,106.3,34.69M,-0.36%,107.51,34690000.0,111.401,112.2702,-0.0036144578313253017,0.026321586096234514,40.83519285941982,-0.7791746726422559,119.34732414949377,105.94167585050621
2022-07-26,105.02,106.6,107.2,104.07,47.99M,-2.32%,105.02,47990000.0,110.501,112.1138,-0.02316063621988662,0.026739694706401394,35.33026113671275,-1.2419372924602499,119.4388494764512,104.7691505235488
2022-07-27,113.06,109.26,113.91,108.01,59.86M,7.66%,113.06,59860000.0,110.672,112.054,0.07655684631498771,0.03699965800731547,42.13853765805388,-0.9489799456799375,119.50353742657268,104.80946257342734
2022-07-28,114.22,112.37,114.34,111.46,32.82M,1.03%,114.22,32820000.0,111.05700000000002,112.04960000000001,0.010260038917389025,0.03686454281810483,43.06194211522857,-0.6161047600750607,119.68281542713845,104.88218457286155
2022-07-29,116.32,113.08,116.71,113.06,37.22M,1.84%,116.32,37220000.0,111.511,112.0466,0.018385571703729564,0.03705447841637191,50.90395480225987,-0.18076260884532758,120.08705402653428,105.21394597346571
2022-08-01,114.86,115.3,116.72,114.34,26.03M,-1.26%,114.86,26030000.0,112.09400000000001,112.1058,-0.012551581843191162,0.03618505075982434,51.19318181818182,0.04591016045256424,120.21711118205147,105.69588881794854
2022-08-02,115.13,114.0,116.35,113.72,20.24M,0.24%,115.13,20240000.0,112.226,112.2008,0.0023506877938359594,0.03362743355228853,55.76219512195122,0.24451805479760935,120.374945122847,105.725054877153
2022-08-03,118.08,115.71,118.62,115.48,28.50M,2.56%,118.08,28500000.0,112.644,112.3842,0.025623208546860177,0.03446297020037714,61.08714408973252,0.632663635212694,120.86521472325502,105.585785276745
2022-08-04,118.19,117.48,118.78,116.89,21.60M,0.09%,118.19,21600000.0,113.029,112.5182,0.0009315718157181241,0.034478042311849325,59.57573946818046,0.9383313847092865,120.74947643908932,105.64252356091067
2022-08-05,117.47,116.23,118.11,116.0,19.16M,-0.61%,117.47,19160000.0,113.98599999999999,112.74820000000001,-0.006091885946357567,0.027738347062460565,63.42239185750636,1.1096855316401104,120.37458616131651,105.8294138386835
2022-08-08,117.3,118.39,120.15,116.88,19.17M,-0.14%,117.3,19170000.0,114.96499999999999,112.978,-0.0014471780028944004,0.02763825942178987,56.503913529631006,1.2177301136327543,120.6109106646616,105.75508933533844
2022-08-09,116.63,117.14,117.32,115.71,19.09M,-0.57%,116.63,19090000.0,116.126,113.1548,-0.005711849957374282,0.025870525853201348,54.97993433053628,1.2350558674602468,120.89347993332181,105.7335200666782
2022-08-10,119.7,118.78,120.92,118.41,30.93M,2.63%,119.7,30930000.0,116.79,113.30239999999999,0.026322558518391492,0.013708327538040754,58.921438082556584,1.4794557501745373,121.76202379264195,105.69997620735803
2022-08-11,118.84,121.28,121.49,118.56,24.29M,-0.72%,118.84,24290000.0,117.252,113.404,-0.007184628237259849,0.014180539815896254,72.36304170073589,1.5854732565726266,122.33124359323803,105.977756406762
2022-08-12,121.68,120.26,121.68,119.46,19.10M,2.39%,121.68,19100000.0,117.78800000000001,113.5598,0.023897677549646668,0.014888598598860006,76.32850241545893,1.8770200407127504,123.39954114276523,105.8994588572348
2022-08-15,122.08,121.13,122.3,120.61,19.49M,0.33%,122.08,19490000.0,118.50999999999999,113.649,0.0032873109796185407,0.013650615219312996,84.36744560838035,2.115958175971116,124.2320641831888,106.37193581681119
2022-08-16,121.7,121.52,122.43,120.64,19.04M,-0.31%,121.7,19040000.0,119.167,113.7922,-0.0031127129750982974,0.01392820316939473,75.1748251748252,2.2487335448946766,125.03672940099645,106.35627059900352
2022-08-17,119.55,120.12,121.29,119.38,22.85M,-1.77%,119.55,22850000.0,119.314,113.8468,-0.017666392769104422,0.013757428629347306,64.6831955922865,2.1556232664741515,125.43154496502764,106.52645503497236
2022-08-18,120.17,119.43,120.82,118.72,17.99M,0.52%,120.17,17990000.0,119.51200000000001,113.90719999999999,0.0051861145964031685,0.013809685055757569,61.54769046190764,2.1075668002874295,125.86868069384288,106.67231930615712
2022-08-19,117.21,119.06,119.15,116.76,21.81M,-2.46%,117.21,21810000.0,119.48600000000002,113.9076,-0.024631771656819623,0.01604306274403349,56.46670335718214,1.8097725113914152,125.49088050356241,107.98111949643763
2022-08-22,114.24,115.2,115.63,113.85,21.46M,-2.53%,114.24,21460000.0,119.18000000000002,113.8956,-0.025339134886101844,0.017932727284415546,47.86775275515093,1.3189106324969089,124.79020316255685,109.35479683744313
2022-08-23,113.86,113.47,115.01,113.43,15.87M,-0.33%,113.86,15870000.0,118.90299999999999,113.94959999999999,-0.0033263305322128733,0.01790102305231991,38.46994535519127,0.8889885264400021,123.02189397729346,112.00710602270654
2022-08-24,113.69,113.5,114.78,112.87,17.73M,-0.15%,113.69,17730000.0,118.30199999999999,114.09559999999999,-0.0014930616546636744,0.014871509559023426,37.7450980392157,0.5284627906240331,122.95239932712023,112.13960067287978
2022-08-25,116.65,114.24,116.72,114.11,16.96M,2.60%,116.65,16960000.0,118.083,114.2942,0.02603571114433989,0.017767273442023356,48.009708737864095,0.4761025954334599,122.86433658838632,112.47066341161366
2022-08-26,110.34,114.72,115.12,110.19,37.25M,-5.41%,110.34,37250000.0,116.949,114.3058,-0.05409344192027432,0.021909201822187602,36.98578908002994,-0.07370784348147197,123.49647304859336,111.24052695140664
2022-08-29,109.42,109.99,110.95,108.8,21.19M,-0.83%,109.42,21190000.0,115.68299999999999,114.37360000000001,-0.008337864781584159,0.021458180271302838,36.64320118562433,-0.5770213458395403,124.11195144288271,110.08104855711727
2022-08-30,108.94,110.17,110.5,107.8,27.51M,-0.44%,108.94,27510000.0,114.407,114.40960000000001,-0.004386766587461177,0.021412004726907127,27.950819672131146,-1.0030701428911328,124.66133165084162,108.91266834915837
2022-08-31,108.22,110.65,110.85,108.13,28.63M,-0.66%,108.22,28630000.0,113.274,114.3432,-0.006609142647328814,0.021303552775036667,28.112118713932404,-1.3828739566165638,125.01644388738045,107.57155611261958
2022-09-01,109.74,108.28,110.44,107.36,28.36M,1.40%,109.74,28360000.0,112.231,114.3082,0.014045462945851073,0.022158435580320733,23.975588491717517,-1.5434282385197804,125.0156652952825,106.72733470471749
2022-09-02,107.85,110.59,110.74,107.26,24.16M,-1.72%,107.85,24160000.0,111.295,114.22039999999998,-0.01722252597047569,0.021689661388258775,20.87597216537047,-1.8023989352984273,125.17057528762744,105.61042471237256
2022-09-06,106.81,107.3,108.03,105.78,25.07M,-0.96%,106.81,25070000.0,110.55199999999999,113.9972,-0.009643022716736116,0.020853116857763396,20.326823435631752,-2.0677190090104745,125.31702543445677,104.4149745655432
2022-09-07,109.45,107.06,109.98,106.9,23.17M,2.47%,109.45,23170000.0,110.11099999999999,113.8696,0.02471678681771361,0.023093096786767447,30.258014073494934,-2.0414288216451553,125.19351309386501,103.82048690613503
2022-09-08,108.38,108.04,109.6,107.16,24.24M,-0.98%,108.38,24240000.0,109.58,113.79700000000001,-0.009776153494746476,0.023153661286345863,27.35305416826739,-2.0829230757419026,124.66846774456172,103.21353225543825
2022-09-09,110.65,109.07,110.99,109.02,23.21M,2.09%,110.65,23210000.0,108.97999999999999,113.77600000000001,0.020944823768223042,0.02245234480260241,37.0560378847672,-1.910613182789291,124.09558867218423,102.96741132781573
2022-09-12,110.86,110.99,111.62,109.93,22.97M,0.19%,110.86,22970000.0,109.03200000000001,113.81400000000002,0.0018978761861725424,0.014394960542797805,42.515500442869815,-1.7370870480510519,122.8845183417789,103.0964816582211
2022-09-13,104.32,107.8,108.3,104.09,38.17M,-5.90%,104.32,38170000.0,108.522,113.7256,-0.05899332491430642,0.02374882815062171,33.40292275574113,-2.103047061597451,121.74639935331834,102.45860064668167
2022-09-14,105.0,104.57,105.28,103.66,26.40M,0.65%,105.0,26400000.0,108.128,113.56040000000002,0.006518404907975617,0.024003745941045283,35.14529914529918,-2.3115565074061806,120.28399686904886,102.25100313095116
2022-09-15,102.91,104.03,105.27,102.35,34.19M,-1.99%,102.91,34190000.0,107.59700000000001,113.32719999999999,-0.01990476190476198,0.024562230106670697,25.792811839323463,-2.615299731245983,119.30371996024311,101.5672800397569
2022-09-16,102.8,102.07,103.13,100.94,42.80M,-0.11%,102.8,42800000.0,106.90299999999999,113.0076,-0.0010688951511028666,0.023728598923766313,33.00270513976555,-2.8322461347530066,117.80068971457442,101.3333102854256
2022-09-19,103.07,101.75,103.33,101.55,23.04M,0.26%,103.07,23040000.0,106.425,112.682,0.0026264591439688623,0.023538471775143316,35.25313516024151,-2.948403617446502,116.75161313641499,100.96838686358498
2022-09-20,101.14,102.08,102.37,100.52,26.52M,-1.87%,101.14,26520000.0,105.85799999999999,112.39120000000001,-0.01872513825555444,0.023940674579110012,33.028720626631866,-3.1597702649420256,116.38574633064849,100.02425366935151
2022-09-21,99.28,101.67,102.88,99.27,31.49M,-1.84%,99.28,31490000.0,104.84099999999998,112.09639999999999,-0.018390350009887313,0.0217398433262939,31.46766169154229,-3.437738205117242,116.12031276377711,98.83168723622289
2022-09-22,100.14,98.82,101.24,98.79,34.30M,0.87%,100.14,34300000.0,104.01700000000001,111.8722,0.00866236905721185,0.0224818669515796,29.539641943734026,-3.547738862461159,115.51584695276286,98.08115304723712
2022-09-23,98.74,99.63,99.66,97.47,31.63M,-1.40%,98.74,31630000.0,102.826,111.63960000000002,-0.01398042740163774,0.020137895050881083,30.169786678276026,-3.70517255283076,114.01811416400574,97.78788583599425
2022-09-26,98.17,98.1,99.88,97.8,27.07M,-0.58%,98.17,27070000.0,101.55699999999999,111.3674,-0.005772736479643492,0.019728196358293922,30.80000000000001,-3.831763933572418,113.82331795969321,96.76568204030679
2022-09-27,97.5,99.43,100.0,96.87,30.07M,-0.68%,97.5,30070000.0,100.875,111.13680000000001,-0.006824895589283897,0.010744160391305347,20.896249391134944,-3.9407256827737314,113.66802331069864,95.72897668930138
2022-09-28,100.05,97.65,100.7,97.11,32.47M,2.62%,100.05,32470000.0,100.38000000000001,110.8616,0.026153846153846194,0.014546770785469457,31.076783280327135,-3.7777672163898757,113.21961008580236,95.28838991419762
2022-09-29,97.42,98.64,98.64,95.96,31.05M,-2.63%,97.42,31050000.0,99.83099999999999,110.53200000000001,-0.026286856571714146,0.015401748625463282,20.429146177916834,-3.816842295816869,112.97009534591928,94.45790465408075
2022-09-30,95.65,97.05,98.9,95.56,32.94M,-1.82%,95.65,32939999.999999996,99.116,110.1582,-0.01816875384931227,0.015815998111715353,18.219807772670293,-3.945156477181996,112.47685882693868,93.54214117306132
2022-10-03,98.64,96.76,99.29,96.52,27.98M,3.13%,98.64,27980000.0,98.673,109.97300000000001,0.03125980135912165,0.019845276014066802,36.06476938174681,-3.7622099642665745,111.92048620467058,93.17751379532943
2022-10-04,101.64,100.44,101.84,100.38,28.85M,3.04%,101.64,28850000.0,98.723,109.8556,0.03041362530413627,0.02183497511647481,42.599118942731266,-3.336685374782789,111.44992189626646,93.13107810373353
2022-10-05,101.43,99.82,101.93,98.8,22.18M,-0.21%,101.43,22180000.0,98.938,109.78380000000001,-0.0020661157024792765,0.02083598081671006,46.445725264169084,-2.9820243958449737,110.40904156167898,93.36995843832105
2022-10-06,101.42,100.68,102.93,100.59,22.32M,-0.01%,101.42,22320000.0,99.066,109.551,-9.859016070201676e-05,0.020724446183299397,46.66988416988418,-2.6709706443028693,109.49450744175087,93.58849255824913
2022-10-07,98.68,99.85,100.53,98.29,27.50M,-2.70%,98.68,27500000.0,99.06,109.2402,-0.027016367580358858,0.022163790553030867,40.53471323846487,-2.6154046492849403,107.72530546116487,94.16069453883513
2022-10-10,97.86,99.0,99.1,97.01,18.23M,-0.83%,97.86,18230000.0,99.02900000000001,108.87100000000001,-0.008309687880016292,0.022253572921383514,42.57246376811594,-2.607477962028341,105.34444940118769,95.2415505988123
2022-10-11,97.18,97.43,99.25,96.31,26.51M,-0.69%,97.18,26510000.0,98.997,108.51740000000001,-0.006948702227672077,0.02225776749657497,44.97607655502393,-2.6257977601945015,104.7946651838288,95.07733481617122
2022-10-12,97.56,97.3,98.75,96.74,21.88M,0.39%,97.56,21880000.0,98.748,108.166,0.003910269602798833,0.020373491633292107,43.68266405484818,-2.5799138669036523,103.90147634607519,95.2265236539248
2022-10-13,99.06,95.15,99.78,94.38,34.57M,1.54%,99.06,34570000.0,98.912,107.78560000000002,0.015375153751537418,0.019153695430384685,50.77972709551659,-2.394906100172605,103.41552756512604,95.32747243487395
2022-10-14,96.56,99.99,100.69,96.37,25.41M,-2.52%,96.56,25410000.0,99.00300000000001,107.353,-0.025237229961639462,0.02008187813168911,46.414253897550104,-2.422094817404144,102.94971160297501,95.16928839702499
2022-10-17,99.97,98.86,100.93,98.83,28.42M,3.53%,99.97,28420000.0,99.13600000000001,107.00299999999999,0.0353148301574151,0.02078649212011719,54.90273918221517,-2.143771506774698,102.34266643302577,95.46633356697426
2022-10-18,100.77,103.13,103.47,99.97,24.06M,0.80%,100.77,24060000.0,99.049,106.6724,0.008002400720215963,0.01839768351121927,51.53583617747441,-1.8374638245803965,102.27717989094711,95.49482010905288
2022-10-19,99.63,100.01,101.02,98.92,23.81M,-1.13%,99.63,23810000.0,98.869,106.33239999999999,-0.011312890741292048,0.01870339480536503,55.03416856492026,-1.6674795855440578,102.3068313401223,95.50016865987769
2022-10-20,99.97,100.0,102.32,99.39,25.32M,0.34%,99.97,25320000.0,98.724,105.93780000000001,0.0034126267188598902,0.01876822792694159,60.52631578947368,-1.4881759272045514,102.28615567944583,95.50384432055417
2022-10-21,101.13,97.85,101.31,97.72,32.46M,1.16%,101.13,32460000.0,98.96900000000001,105.5836,0.011603481044313302,0.01674901570177389,56.661316211878,-1.2382009706456216,102.54810692421623,95.48089307578377
2022-10-24,102.52,101.8,102.75,99.98,27.18M,1.37%,102.52,27180000.0,99.435,105.20039999999999,0.013744685058835193,0.016607046295277223,52.57611241217797,-0.9173579024510587,103.06920073410495,95.39479926589505
2022-10-25,104.48,102.9,104.82,102.72,40.61M,1.91%,104.48,40610000.0,100.165,104.8484,0.019118220834959176,0.016606165663666704,58.09877854487519,-0.49917763076072674,103.98303732738708,95.17896267261293
2022-10-26,94.93,96.43,98.31,94.69,88.28M,-9.14%,94.93,88280000.0,99.902,104.31300000000002,-0.09140505359877482,0.035468823613505715,38.561861120902364,-0.9276782426186116,104.18398624905979,94.46601375094022
2022-10-27,92.22,94.52,95.43,91.8,60.71M,-2.85%,92.22,60710000.0,99.218,103.76639999999999,-0.028547350679448136,0.03577728713980699,38.60268172194777,-1.4690085995714384,104.82596300430527,93.30403699569473
2022-10-28,96.29,92.27,96.55,92.13,43.70M,4.41%,96.29,43700000.0,99.191,103.2888,0.04413359358056823,0.03837797944637099,47.5150364039253,-1.5517146216903654,104.78473787242301,93.40926212757701
2022-10-31,94.51,95.42,96.03,93.98,31.68M,-1.85%,94.51,31680000.0,98.645,102.8348,-0.0184858240731125,0.03667378142498053,45.916182318751915,-1.7408237316502948,104.936692277191,92.844307722809
2022-11-01,90.47,95.45,96.03,90.37,47.16M,-4.27%,90.47,47160000.0,97.615,102.35940000000001,-0.042746799280499514,0.03815987556348515,40.24759284731775,-2.191426894933443,105.30185569586536,91.36214430413463
2022-11-02,86.97,90.94,91.18,86.88,57.04M,-3.87%,86.97,57040000.0,96.349,101.82160000000002,-0.03868685752183043,0.03922755077132834,34.23728813559323,-2.7986923146574867,106.06685315550797,89.15114684449202
2022-11-03,83.43,86.32,86.52,83.34,61.29M,-4.07%,83.43,61290000.0,94.695,101.2164,-0.040703690927906044,0.039681495880305964,33.33333333333334,-3.5249692980349323,107.07270307119744,86.34629692880257
2022-11-04,86.58,85.4,86.64,83.71,51.12M,3.78%,86.58,51120000.0,93.24,100.615,0.03775620280474645,0.04254880806542638,32.89036544850498,-3.8025370850339186,107.35789055340697,84.85110944659303
2022-11-07,88.49,87.28,88.9,86.85,34.08M,2.21%,88.49,34080000.0,91.837,100.17800000000001,0.022060522060522114,0.04323960685881067,34.741550695825055,-3.824306296101142,107.35232491329198,83.91967508670801
2022-11-08,88.9,88.9,90.32,87.59,30.43M,0.46%,88.9,30430000.0,90.27900000000001,99.7676,0.004633291897389702,0.04224741437153951,36.4211592002025,-3.765073554958917,107.28852716795022,83.1554728320498
2022-11-09,87.32,88.45,89.43,87.28,31.77M,-1.78%,87.32,31770000.0,89.518,99.33519999999999,-0.01777277840269975,0.03286456327480717,34.47852760736197,-3.801799201585851,107.21968130353187,82.20031869646814
2022-11-10,93.94,92.25,94.39,91.61,51.62M,7.58%,93.94,51620000.0,89.69,99.04960000000001,0.07581310123683016,0.04109583773532022,42.22029863665874,-3.259156341232753,106.79731082430517,82.11068917569482
2022-11-11,96.41,94.69,96.93,93.92,33.09M,2.63%,96.41,33090000.000000004,89.702,98.78299999999999,0.026293378752395125,0.039446620899644166,43.539860435610066,-2.599830381226951,106.78460405123468,82.10839594876532
2022-11-14,95.7,95.09,96.79,94.51,30.18M,-0.74%,95.7,30180000.0,89.821,98.54,-0.007364381288248012,0.0389961699891962,40.46481320590791,-2.1102749381315107,106.31375825435418,82.1522417456458
2022-11-15,98.44,98.26,100.14,96.71,41.64M,2.86%,98.44,41640000.0,90.618,98.3726,0.028631138975966586,0.03635323919392158,54.47361712974762,-1.4840958879782988,105.9747190461939,82.2582809538061
2022-11-16,98.85,97.9,99.64,97.64,29.11M,0.42%,98.85,29110000.0,91.806,98.16059999999999,0.004164973587972298,0.032410696682600264,58.97644191714053,-0.943880439704671,105.86428452648694,82.29071547351309
2022-11-17,98.36,96.97,99.28,96.79,26.05M,-0.50%,98.36,26050000.0,93.299,97.9602,-0.004957005563985817,0.027364936336923693,53.10344827586206,-0.5489665649637345,105.63539399302971,82.35860600697029
2022-11-18,97.43,98.77,98.9,96.37,28.34M,-0.95%,97.43,28340000.0,94.38399999999999,97.6958,-0.00945506303375343,0.02744431888315085,54.49230769230769,-0.3074931125032947,105.08487681025105,82.53912318974895
2022-11-21,95.6,97.29,98.4,95.36,21.65M,-1.88%,95.6,21650000.0,95.095,97.3906,-0.01878271579595625,0.0288193278274595,58.46814130075932,-0.26078322111688124,104.01506012277083,82.91693987722915
2022-11-22,97.05,95.95,97.22,94.05,23.44M,1.52%,97.05,23440000.0,95.91,97.24520000000001,0.015167364016736462,0.028870180973280146,67.8470254957507,-0.10554574813758677,102.46825165022793,83.72074834977207
2022-11-23,98.46,97.09,98.76,97.09,18.87M,1.45%,98.46,18870000.0,97.02399999999999,97.1144,0.014528593508500665,0.027283702761462653,78.78207583301415,0.12976048565687393,102.91918804914836,83.62281195085164
2022-11-25,97.46,98.24,98.64,97.4,9.70M,-1.02%,97.46,9700000.0,97.376,97.0054,-0.010156408693885788,0.0164950349423882,72.70450751252085,0.23286638979033114,103.34422901256471,83.72177098743529
2022-11-28,96.05,97.04,97.58,95.61,26.25M,-1.45%,96.05,26250000.0,97.34,96.87039999999999,-0.014467473835419575,0.015315021785363769,66.11253196930946,0.19851498830186642,103.31860851594551,83.72339148405446
2022-11-29,95.19,95.73,96.12,94.11,20.06M,-0.90%,95.19,20060000.0,97.289,96.7128,-0.008953669963560618,0.015404815958988783,63.153492262651596,0.10073522943424962,103.37176010440906,83.73823989559092
2022-11-30,100.99,94.82,101.04,94.42,43.65M,6.09%,100.99,43650000.0,97.54400000000001,96.7098,0.06093077003886971,0.023456615750128654,74.29790259509423,0.48565723910279246,104.32003963424921,83.8419603657508
2022-12-01,100.99,101.02,102.25,100.25,28.69M,0.00%,100.99,28690000.0,97.758,96.744,0.0,0.023466699050590407,66.38772663877268,0.7816997567735626,104.89004911158679,84.67395088841323
2022-12-02,100.44,99.05,100.77,98.9,21.48M,-0.54%,100.44,21480000.0,97.966,96.75,-0.005446083770670351,0.023484205131743336,60.285860132720785,0.9608589970367376,104.50585663066008,86.75914336933994
2022-12-05,99.48,99.4,101.38,99.0,24.41M,-0.96%,99.48,24410000.0,98.171,96.7648,-0.009557945041815952,0.023489966718818405,59.526209677419374,1.0136947665074558,104.20524176382052,88.34975823617948
2022-12-06,96.98,99.3,99.78,96.42,24.91M,-2.51%,96.98,24910000.0,98.309,96.741,-0.025130679533574618,0.024198878802889144,46.27551020408165,0.8441080358476825,103.7324229115984,89.67157708840159
2022-12-07,94.94,96.41,96.88,94.71,31.05M,-2.10%,94.94,31050000.0,98.09799999999998,96.68979999999999,-0.021035265003093495,0.024662413278274474,40.7913330193123,0.5388864316458921,103.07700983213348,90.9309901678665
2022-12-08,93.71,95.38,95.58,93.45,32.21M,-1.30%,93.71,32210000.0,97.623,96.56299999999999,-0.012955550874236388,0.024150722052176783,39.41738734638141,0.19549188212431545,101.6815742971046,92.96542570289539
2022-12-09,92.83,93.77,94.26,92.75,28.23M,-0.94%,92.83,28230000.0,97.16,96.4712,-0.009390673353964263,0.024132626361252848,39.50729927007297,-0.14597668951937237,101.83095656693284,92.70504343306716
2022-12-12,93.31,92.71,93.56,91.61,29.01M,0.52%,93.31,29010000.0,96.886,96.4244,0.005170742216955793,0.024039349954931618,44.4336412250851,-0.37355489591234914,101.9979246075236,92.22807539247637
2022-12-13,95.63,97.76,99.53,95.03,40.59M,2.49%,95.63,40590000.0,96.92999999999999,96.36419999999998,0.024863358696816995,0.025392501646286925,46.68843283582089,-0.3625286485460322,101.99878570825832,92.22021429174167
2022-12-14,95.07,95.2,96.87,93.6,28.73M,-0.59%,95.07,28730000.0,96.338,96.23280000000001,-0.005855902959322368,0.01405621086222474,41.76784847013112,-0.3944308348140737,101.86934508362549,92.01265491637452
2022-12-15,90.86,93.13,93.64,90.01,40.11M,-4.43%,90.86,40110000.0,95.32499999999999,96.0214,-0.044283159777006365,0.01831076540196566,36.13445378151261,-0.7507709427469678,102.07632857625781,91.00667142374219
2022-12-16,90.26,90.76,91.33,89.52,58.01M,-0.66%,90.26,58010000.0,94.30699999999999,95.7982,-0.006603565925599741,0.01827986906067677,37.407568508046985,-1.0692622416374746,102.26465512722207,90.00834487277793
2022-12-19,88.44,90.25,90.56,88.21,29.49M,-2.02%,88.44,29490000.0,93.203,95.59339999999999,-0.020163970751163385,0.01852658194640527,35.90814196242171,-1.4517923220600721,102.67427896742092,88.69972103257905
2022-12-20,89.02,88.11,89.18,87.44,23.45M,0.66%,89.02,23450000.0,92.407,95.4166,0.0065581184984169205,0.018653055463993394,18.0459156433529,-1.6886829284075873,102.95552480470039,87.76047519529962
2022-12-21,89.58,89.08,90.22,88.32,24.75M,0.63%,89.58,24750000.0,91.87100000000001,95.26459999999999,0.006290721186250403,0.018592897639824427,20.4250907205806,-1.8103643672450147,102.95700135747126,87.01199864252874
2022-12-22,87.76,88.16,88.54,86.32,27.66M,-2.03%,87.76,27660000.0,91.276,95.0686,-0.02031703505246696,0.01905485022336184,19.16342412451361,-2.0302530800977507,102.8638173097774,86.0351826902226
2022-12-23,89.23,87.11,89.54,87.07,23.00M,1.68%,89.23,23000000.0,90.91600000000001,94.87199999999999,0.016750227894257064,0.0203443566987196,25.676317038443273,-2.0621288171749796,102.63539152608388,85.44060847391611
2022-12-27,87.39,88.79,88.94,87.01,20.10M,-2.06%,87.39,20100000.0,90.324,94.68860000000001,-0.020620867421270894,0.020717933202965257,26.50661440470357,-2.2103832685354803,102.6370470373199,84.57295296268008
2022-12-28,86.02,86.98,88.04,85.94,19.52M,-1.57%,86.02,19520000.0,89.363,94.4096,-0.0156768508982722,0.017677407014643813,27.4062816616008,-2.4106352373388944,102.75253379461618,83.5404662053838
2022-12-29,88.45,86.62,88.85,86.61,23.33M,2.82%,88.45,23330000.0,88.701,94.16320000000002,0.028249244361776338,0.021521786218712726,37.44030563514806,-2.346210025007238,101.59212504809443,83.44687495190556
2022-12-30,88.23,86.98,88.3,86.57,23.99M,-0.25%,88.23,23990000.0,88.43800000000002,93.93520000000001,-0.0024872809496890858,0.017071086808502202,38.6587771203156,-2.2865468526675414,100.21019554455191,83.55280445544807
2023-01-03,89.12,89.58,91.05,88.52,28.13M,1.01%,89.12,28130000.0,88.324,93.7182,0.010087271902980754,0.0174694185692116,39.87433542774288,-2.142747536986377,98.67777789407806,83.95322210592197
2023-01-04,88.08,90.35,90.65,87.27,34.85M,-1.17%,88.08,34850000.0,88.288,93.4572,-0.011669658886894196,0.016627467172956198,30.551262235960863,-2.0886284430824844,97.14905649538849,84.34194350461152
2023-01-05,86.2,87.47,87.57,85.9,27.19M,-2.13%,86.2,27190000.0,88.006,93.1308,-0.021344232515894568,0.017660817842291395,28.605885190545123,-2.172396920017235,96.20226087091645,84.21073912908356
2023-01-06,87.34,86.79,87.69,84.86,41.38M,1.32%,87.34,41380000.0,87.782,92.788,0.013225058004640466,0.018197347281369566,40.03397508493773,-2.122330662116923,95.51455313101187,84.13844686898813
2023-01-09,88.02,88.36,90.05,87.86,29.00M,0.78%,88.02,29000000.0,87.808,92.6498,0.007785665216395676,0.017265706395195965,43.686583990980814,-2.0046738428261506,94.97570223698007,84.10829776301993
2023-01-10,88.42,85.98,88.67,85.83,30.47M,0.45%,88.42,30470000.0,87.727,92.5738,0.004544421722335823,0.01639315080079654,49.938725490196084,-1.8577384562840962,94.54734377474658,84.09565622525342
2023-01-11,91.52,89.18,91.6,89.01,26.86M,3.51%,91.52,26860000.0,88.14,92.47840000000001,0.03505994118977607,0.01825930138297966,56.6348195329087,-1.4741538832806782,94.22641625061163,84.23758374938836
2023-01-12,91.13,91.48,91.87,89.75,30.26M,-0.43%,91.13,30260000.0,88.651,92.4108,-0.0042613636363636465,0.01716233368332558,54.15104445634708,-1.1879362960753639,93.11451352628143,84.89948647371858
2023-01-13,92.12,90.85,92.19,90.13,26.33M,1.09%,92.12,26330000.0,89.018,92.4438,0.010863601448480198,0.015443413710062725,62.21973094170402,-0.8711796531529643,92.18835613357787,85.53064386642212
2023-01-17,91.29,92.06,92.25,90.05,32.60M,-0.90%,91.29,32600000.0,89.324,92.53019999999998,-0.00900998697351274,0.01588767607992189,55.98837209302326,-0.6792913471236943,92.26928259558329,85.49271740441671
2023-01-18,91.12,92.14,92.8,90.64,29.12M,-0.19%,91.12,29120000.0,89.524,92.684,-0.0018621973929237035,0.01578859354111401,62.00901481004507,-0.5347715478457928,92.4064879189205,85.44151208107951
2023-01-19,93.05,90.72,93.61,90.63,37.00M,2.12%,93.05,37000000.0,90.021,92.8134,0.021180860403863022,0.01596788686202509,71.84586699813548,-0.2614894082651489,93.08370763408378,85.22529236591622
2023-01-20,98.02,95.1,98.3,95.02,63.19M,5.34%,98.02,63190000.0,91.203,93.00399999999999,0.053412144008597506,0.01912880581691005,75.6843800322061,0.35206770289647693,95.18383584051135,84.02516415948865
2023-01-23,99.79,97.95,100.04,97.5,40.01M,1.81%,99.79,40010000.0,92.44800000000001,93.2218,0.018057539277698487,0.019193421790030515,78.6422200198216,0.9699592549131779,97.31725549468266,82.91274450531733
2023-01-24,97.7,98.1,99.61,97.2,33.08M,-2.09%,97.7,33080000.0,93.416,93.4294,-0.020943982362962243,0.022088483556771243,70.06548175865294,1.2762850092862408,98.47182884507308,82.75217115492691
2023-01-25,95.22,95.57,96.16,93.76,42.33M,-2.54%,95.22,42330000.0,94.096,93.455,-0.025383828045035917,0.02486840190472748,65.6441717791411,1.30390450334734,99.00269150682752,82.82030849317249
2023-01-26,97.52,96.5,97.57,95.38,30.11M,2.42%,97.52,30110000.0,94.696,93.4772,0.02415458937198056,0.02374980010872896,74.35456110154902,1.494160180992381,99.84240714766504,82.99359285233497
2023-01-27,99.37,97.31,100.32,97.31,33.88M,1.90%,99.37,33880000.0,95.52000000000001,93.55059999999999,0.01897046759639065,0.023703260328486457,75.11482254697285,1.7737717782243436,100.81892393820226,83.35207606179773
2023-01-30,96.94,97.48,98.29,96.39,27.23M,-2.45%,96.94,27230000.0,96.002,93.5206,-0.02445406058166455,0.025913546883040706,67.35408560311282,1.7787806161898487,101.32434954462832,83.69565045537169
2023-01-31,98.84,96.87,98.88,96.82,29.87M,1.96%,98.84,29870000.0,96.757,93.52040000000001,0.019599752424179995,0.025722979908032156,69.15441176470586,1.9140008668330353,102.04532321052349,84.03567678947653
2023-02-01,100.43,98.71,101.19,97.58,35.53M,1.61%,100.43,35530000.0,97.68800000000002,93.56179999999999,0.016086604613516853,0.025562896045053282,67.34137796808096,2.124968289794694,102.98684363842453,84.22515636157546
2023-02-02,107.74,105.8,107.85,105.61,69.88M,7.28%,107.74,69880000.0,99.157,93.76800000000001,0.0727870158319226,0.03236083666295149,75.46764796074822,2.849173897074678,105.52333587616445,83.65466412383554
2023-02-03,104.78,102.93,107.81,102.58,65.31M,-2.75%,104.78,65310000.0,99.833,93.9516,-0.02747354742899566,0.031861259159115245,68.30537883169461,3.1479768783102884,106.60738724519199,84.42861275480801
2023-02-06,102.9,102.4,104.36,101.88,32.00M,-1.79%,102.9,32000000.0,100.144,94.06859999999999,-0.01794235541133804,0.03251767917300131,66.29245018243053,3.196235887787637,107.15041923099737,85.44158076900264
2023-02-07,107.64,103.22,108.18,103.12,49.01M,4.61%,107.64,49010000.0,101.138,94.25219999999999,0.04606413994169101,0.033790884006657675,70.54726368159203,3.575740970565775,108.52150200156926,86.03249799843077
2023-02-08,99.37,102.05,103.14,98.04,94.74M,-7.68%,99.37,94740000.0,101.553,94.2904,-0.07683017465626163,0.04258845752876,56.78985818650624,3.1726097280635486,108.29273259601857,87.35626740398143
2023-02-09,95.01,100.0,100.03,93.63,119.46M,-4.39%,95.01,119460000.0,101.30199999999999,94.26960000000001,-0.04387642145516757,0.0445923136242217,46.72327454822557,2.4728047975781777,108.13584452096606,87.86215547903393
2023-02-10,94.57,95.45,96.75,94.25,54.98M,-0.46%,94.57,54980000.0,100.822,94.2572,-0.0046310914640564915,0.043996926536470395,44.14798206278025,1.8612447546329207,107.92667181857368,88.4153281814263
2023-02-13,94.61,94.74,95.2,93.84,50.08M,0.04%,94.61,50080000.0,100.58900000000001,94.1296,0.0004229671143070046,0.04341557260843023,46.368977673325496,1.364082387600206,107.78597716620396,88.80502283379604
2023-02-14,94.68,94.43,94.85,92.26,54.73M,0.07%,94.68,54730000.0,100.173,94.0034,0.000739879505337715,0.042798577259368205,49.3273542600897,0.9646066597244385,107.54068991143671,89.38931008856329
2023-02-15,96.94,94.49,97.12,94.15,50.30M,2.39%,96.94,50300000.0,99.824,93.9334,0.02386987748204472,0.04326191670551315,49.276807980049874,0.8209193326454169,107.19066131976142,90.32133868023858
2023-02-16,95.51,95.37,97.68,94.74,42.46M,-1.48%,95.51,42460000.0,98.601,93.854,-0.014751392613987946,0.03420083041405763,45.13608870967742,0.5849145113425323,107.03029540884373,90.72770459115625
2023-02-17,94.35,94.85,95.56,93.21,34.28M,-1.21%,94.35,34280000.0,97.55799999999999,93.8014,-0.012145325096848625,0.033742856856219694,46.62848216610257,0.30080914409563775,107.08983010399695,90.30116989600307
2023-02-21,91.79,93.0,93.1,91.72,33.63M,-2.71%,91.79,33630000.0,96.447,93.7384,-0.027133015368309366,0.03410918278746029,40.97773227540313,-0.12942507974847217,107.21615250151385,89.37484749848616
2023-02-22,91.65,91.7,92.11,90.61,30.88M,-0.15%,91.65,30880000.0,94.848,93.6972,-0.0015252206122671197,0.028076024624065544,38.330675172780424,-0.47619633683717666,107.3959516082719,88.59004839172812
2023-02-23,90.89,91.92,91.94,89.76,41.21M,-0.83%,90.89,41210000.0,94.0,93.6584,-0.008292416803055147,0.01803383330831138,22.883810749919533,-0.8030832609170773,107.63656570919326,87.91643429080673
2023-02-24,89.13,89.44,89.89,88.57,36.59M,-1.94%,89.13,36590000.0,93.412,93.5748,-0.019364066453955386,0.013923632200864103,23.80314697020421,-1.1904381642740702,107.94970672630986,86.76429327369014
2023-02-27,89.87,89.87,90.16,89.33,27.50M,0.83%,89.87,27500000.0,92.942,93.45960000000001,0.00830247952429053,0.014674373913579045,27.323355377654025,-1.4213237647472283,107.93656628681613,85.82743371318388
2023-02-28,90.06,89.33,91.23,89.32,30.14M,0.21%,90.06,30140000.0,92.487,93.35940000000001,0.0021141649048626032,0.01475319227221117,13.647642679900784,-1.5708629244940226,108.0054451796164,85.07055482038359
2023-03-01,90.36,89.98,91.03,89.67,31.11M,0.33%,90.36,31110000.0,92.055,93.3494,0.0033311125916055673,0.014883844008330809,22.208513263417657,-1.6461900391162203,107.84707408007645,84.38092591992356
2023-03-02,92.0,89.66,92.28,89.59,32.23M,1.81%,92.0,32229999.999999996,91.561,93.3842,0.01814962372731288,0.013735450275294834,38.84358784284656,-1.5556207979898318,107.37832384547664,84.00667615452338
2023-03-03,93.65,92.48,93.73,92.45,35.16M,1.79%,93.65,35160000.0,91.375,93.4884,0.017934782608695743,0.015020836021105634,46.87074829931977,-1.3353101868738264,105.22473385412283,84.75126614587717
2023-03-06,95.13,94.01,95.97,94.0,32.64M,1.58%,95.13,32640000.0,91.453,93.61059999999999,0.015803523758675775,0.015487930157933394,51.61090458488226,-1.0294222700521942,103.65037713940887,85.36062286059115
2023-03-07,93.86,94.98,95.67,93.53,27.84M,-1.34%,93.86,27840000.0,91.66,93.6962,-0.013350152423000083,0.013149648141811777,47.63552479815453,-0.8793457281543198,102.30098325249268,85.80601674750731
2023-03-08,94.25,94.12,95.96,94.0,34.10M,0.42%,94.25,34100000.0,91.92,93.82600000000001,0.0041551246537396835,0.01308809382526481,41.30575307045896,-0.7206322468593527,98.60703964737434,88.16096035262564
2023-03-09,92.32,94.05,95.53,91.9,28.81M,-2.05%,92.32,28810000.0,92.063,93.88780000000001,-0.020477453580901916,0.014710334482406062,40.012523481527836,-0.7420318584161834,97.44190528035611,88.6210947196439
2023-03-10,90.63,92.17,92.79,90.39,35.94M,-1.83%,90.63,35940000.0,92.213,93.9526,-0.01830589254766024,0.014545175485641005,38.727272727272734,-0.885156547146849,97.24417961507575,88.38082038492425
2023-03-13,91.11,90.09,92.57,89.42,37.34M,0.53%,91.11,37340000.0,92.337,94.0544,0.005296259516716306,0.014425636845451157,47.642163661581115,-0.948913422395691,97.05240201689077,88.22659798310926
2023-03-14,93.97,92.56,94.36,92.44,36.05M,3.14%,93.97,36050000.0,92.728,94.1648,0.03139062671495996,0.01726362644439561,56.767794632438715,-0.7599034138596465,96.96922286097383,88.24577713902615
2023-03-15,96.11,93.22,96.93,92.64,50.62M,2.28%,96.11,50620000.0,93.303,94.3224,0.022773225497499272,0.01820015322971475,64.09287257019437,-0.4324465306606271,97.22668836595432,88.13131163404569
2023-03-16,100.32,96.2,101.19,95.5,65.57M,4.38%,100.32,65569999.99999999,94.13499999999999,94.5464,0.043803974612423247,0.02155002819654127,76.68097281831187,0.16487662889026922,98.23598898136487,87.46001101863513
2023-03-17,101.62,100.26,102.83,100.1,61.03M,1.30%,101.62,61030000.0,94.93199999999999,94.81720000000001,0.012958532695374947,0.021375025475488255,77.2875058058523,0.7346896270695851,99.73720644291392,86.5697935570861
2023-03-20,101.22,100.12,101.75,99.87,32.96M,-0.39%,101.22,32960000.0,95.541,95.1176,-0.003936233024995128,0.02152677582660149,75.66697332106713,1.1408429489813443,100.99670694165282,85.99729305834718
2023-03-21,104.92,101.25,105.1,101.22,42.11M,3.66%,104.92,42110000.0,96.64699999999999,95.4692,0.03655404070341839,0.022205352905811184,78.95783611774064,1.7412098769865025,103.16948411011415,85.13751588988583
2023-03-22,103.37,104.27,106.59,103.33,43.43M,-1.48%,103.37,43430000.0,97.559,95.77619999999999,-0.014773160503240512,0.023653096413114423,72.69461077844312,2.0680932550305897,104.55813207323803,84.92086792676196
2023-03-23,105.6,105.06,106.3,104.46,40.80M,2.16%,105.6,40800000.0,98.887,96.1198,0.021572990229273392,0.021351862587673846,73.31252438548574,2.4785221893382783,106.23788847945545,84.71211152054454
2023-03-24,105.44,104.99,105.49,103.84,30.41M,-0.15%,105.44,30410000.0,100.36800000000001,96.3982,-0.0015151515151514694,0.019093123426367525,71.20526532291238,2.75907452032763,107.49181848442909,85.0891815155709
2023-03-27,102.46,104.61,104.76,101.93,31.12M,-2.83%,102.46,31120000.0,101.503,96.6248,-0.028262518968133588,0.023507627043204898,66.52574942352035,2.709717235258566,108.0166547827964,85.82334521720361
2023-03-28,101.03,102.44,102.45,99.74,32.06M,-1.40%,101.03,32060000.000000004,102.20899999999999,96.80300000000001,-0.013956666016006203,0.023736346829916283,62.527716186252775,2.5260929551018023,108.21642763379005,86.72057236620996
2023-03-29,101.39,102.28,102.49,100.65,28.78M,0.36%,101.39,28780000.0,102.737,97.005,0.003563298030287987,0.02313461342707114,67.79129070223618,2.382158342955023,108.3561868159815,87.68381318401849
2023-03-30,100.89,100.91,101.15,99.78,33.09M,-0.49%,100.89,33090000.000000004,102.79400000000001,97.2004,-0.004931452805996606,0.018946812803108226,71.11111111111113,2.202355916424594,108.46996687409202,88.45903312590798
2023-03-31,103.73,101.3,103.89,101.04,36.86M,2.81%,103.73,36860000.0,103.005,97.414,0.02814946971949661,0.020575414828480684,73.66841710427607,2.2629397028588727,108.96834478827566,88.96865521172435
2023-04-03,104.36,102.39,104.53,101.93,25.04M,0.61%,104.36,25040000.0,103.319,97.5408,0.00607345994408548,0.020484492960787883,71.26483831354892,2.334873556015552,109.53533782867783,89.32466217132216
2023-04-04,104.72,104.33,105.58,104.04,24.42M,0.34%,104.72,24420000.0,103.299,97.63940000000001,0.003449597546952843,0.01685773895681922,69.0066225165563,2.3933416910412575,109.98480377039864,89.96119622960136
2023-04-05,104.47,105.78,106.1,103.66,28.29M,-0.24%,104.47,28290000.0,103.40900000000002,97.7748,-0.0023873185637891536,0.01609459303308354,61.102193686463366,2.391932489810202,110.30738648864983,90.66061351135019
2023-04-06,108.42,105.26,109.17,104.33,48.71M,3.78%,108.42,48710000.0,103.691,98.0388,0.03780989757825215,0.018947233126932646,65.93252108716027,2.6786696399589687,110.93252610768465,91.64547389231535
2023-04-10,106.44,106.98,107.59,105.12,27.07M,-1.83%,106.44,27070000.0,103.79099999999998,98.2172,-0.018262313226342086,0.020077372050476883,61.38743455497382,2.7148463856315743,110.5667572595387,93.59224274046129
2023-04-11,105.35,106.55,106.73,104.68,26.31M,-1.02%,105.35,26310000.0,104.08,98.3368,-0.010240511086057946,0.017829418569591905,51.05859182668633,2.6253000024903628,109.63388577968323,95.94911422031677
2023-04-12,104.64,106.58,106.75,104.34,24.37M,-0.67%,104.64,24370000.0,104.441,98.4908,-0.006739439962031302,0.017205200156116804,53.26142783769901,2.468586454416865,108.79823247124816,97.85176752875185
2023-04-13,107.43,105.84,107.49,105.84,24.84M,2.67%,107.43,24840000.0,105.045,98.6626,0.026662844036697386,0.0186799521960658,54.56814777833253,2.5402372477562523,108.4948880593766,99.2871119406234
2023-04-14,108.87,106.89,108.94,106.84,26.58M,1.34%,108.87,26580000.0,105.843,98.83140000000002,0.013404077073443155,0.018389896739106664,58.04786485218209,2.6822971314522874,109.1102309255914,99.5267690744086
2023-04-17,105.97,104.66,106.16,104.52,37.57M,-2.66%,105.97,37570000.0,106.06700000000001,98.79599999999999,-0.02663727381280434,0.019761021446996836,58.266603862458794,2.531691090114947,109.2053328724556,99.86666712754437
2023-04-18,104.5,106.49,106.54,104.07,26.60M,-1.39%,104.5,26600000.0,106.08099999999999,98.79039999999999,-0.013871850523733076,0.020337487415178976,58.15702867889045,2.267578766102929,109.10167910546397,100.29832089453603
2023-04-19,104.18,103.58,104.98,103.07,20.91M,-0.31%,104.18,20910000.0,106.027,98.816,-0.003062200956937766,0.020330352493447886,56.570890249646745,2.0092847371350757,109.06933085220088,100.25666914779914
2023-04-20,105.29,103.91,106.25,103.87,27.82M,1.07%,105.29,27820000.0,106.109,98.76899999999999,0.010654636206565593,0.02060041084204948,60.07326007326009,1.8725667972071562,109.13024045986995,100.38775954013002
2023-04-21,105.41,105.47,106.0,104.78,25.80M,0.11%,105.41,25800000.0,105.80800000000002,98.8898,0.0011397093741094544,0.01608278528991984,54.393305439330526,1.7536844591188157,109.11386514948101,100.38513485051901
2023-04-24,105.97,105.49,106.63,104.7,23.54M,0.53%,105.97,23540000.0,105.761,99.109,0.0053125889384308955,0.015253842629780441,54.2257217847769,1.6852303827348578,109.16438850653859,100.3876114934614
2023-04-25,103.85,105.82,106.69,103.84,46.66M,-2.00%,103.85,46660000.0,105.61099999999999,99.2946,-0.02000566197980569,0.016238992363848858,47.90965881787601,1.443276557844456,109.12205284202538,100.56894715797459
2023-04-26,103.71,104.92,106.35,102.63,53.35M,-0.13%,103.71,53350000.0,105.518,99.47660000000002,-0.0013480982185845036,0.01612798030045624,48.16425120772946,1.226095908054603,108.90631724610648,101.05268275389352
2023-04-27,107.59,104.45,108.37,103.54,50.09M,3.74%,107.59,50090000.0,105.53400000000002,99.73479999999999,0.03741201427056229,0.018363208048807235,47.98836645661658,1.3514831948796058,108.9959011485256,101.5830988514744
2023-04-28,107.34,107.04,107.35,105.09,36.14M,-0.23%,107.34,36140000.0,105.381,99.94279999999999,-0.0023236360256528865,0.017780422267387862,52.380952380952394,1.4143765598293356,108.79159017552846,102.43240982447153
2023-05-01,107.2,106.84,107.99,106.82,26.68M,-0.13%,107.2,26680000.0,105.50399999999999,100.1766,-0.0013042668157257076,0.015412001311292937,55.1532033426184,1.436365645646589,108.9109235923607,102.6600764076393
2023-05-02,105.32,107.14,107.2,103.71,31.00M,-1.75%,105.32,31000000.0,105.58599999999998,100.396,-0.017537313432835933,0.0158492655314522,51.778242677824245,1.2872532126470588,108.89558924207338,102.77141075792662
2023-05-03,105.41,105.53,107.49,104.96,21.80M,0.09%,105.41,21800000.0,105.70899999999999,100.6684,0.0008545385491833812,0.015788922463892283,43.848964677222874,1.1629371672753734,108.89258418196451,102.84341581803551
2023-05-04,104.69,105.49,105.6,103.97,23.42M,-0.68%,104.69,23420000.0,105.649,100.9292,-0.006830471492268231,0.015603148982419119,36.687898089171966,0.9948498135821495,108.88371138820709,102.87428861179289
2023-05-05,105.57,104.82,105.88,104.11,26.64M,0.84%,105.57,26640000.0,105.665,101.2228,0.008405769414461695,0.015853257714882787,48.53801169590641,0.9220195528415189,108.49396088393325,102.97903911606676
2023-05-08,107.77,105.18,107.96,105.16,26.51M,2.08%,107.77,26510000.0,105.845,101.59559999999999,0.02083925357582639,0.0171129943732982,61.346287300485756,1.0299500374140678,108.69286687001697,102.91313312998302
2023-05-09,107.35,108.39,110.15,107.19,36.36M,-0.39%,107.35,36360000.0,106.19499999999998,101.9452,-0.0038971884568990145,0.015514121278430552,60.92350103376975,1.0692693625074838,108.86439440841822,102.94160559158176
2023-05-10,111.75,107.97,112.94,107.93,63.15M,4.10%,111.75,63150000.0,106.999,102.37899999999999,0.04098742431299485,0.019364746905146103,68.1460674157303,1.4388868466974145,110.14427581498403,102.37272418501597
2023-05-11,116.57,115.39,117.92,114.41,78.90M,4.31%,116.57,78900000.0,107.897,102.9032,0.043131991051454044,0.020398098443923183,74.79999999999995,2.0965770483083475,112.74174252312092,100.68925747687906
2023-05-12,117.51,116.68,118.03,116.11,41.10M,0.81%,117.51,41100000.0,108.91399999999999,103.4134,0.008063824311572487,0.020062530041422385,75.21853146853144,2.6629545333504296,114.83407031178376,99.46092968821623
2023-05-15,116.51,116.11,118.48,116.01,36.27M,-0.85%,116.51,36270000.0,109.845,103.87060000000001,-0.008509914049868117,0.02060658912385135,79.09007352941174,2.9965784372056277,116.39665925705111,98.9523407429489
2023-05-16,119.51,116.49,120.75,116.43,45.04M,2.57%,119.51,45040000.0,111.26399999999998,104.3582,0.025748862758561586,0.01900145836363376,82.08773354995937,3.4631318839616227,118.47851889167964,98.37148110832035
2023-05-17,120.84,119.61,121.67,118.89,33.32M,1.11%,120.84,33320000.0,112.80699999999999,104.89779999999999,0.0111287758346581,0.018551459935051376,80.01812415043042,3.8952961868734803,120.5188527301719,97.99714726982809
2023-05-18,122.83,120.95,123.31,120.83,35.23M,1.65%,122.83,35230000.0,114.62100000000001,105.4694,0.0164680569347897,0.0170608451399822,82.5283494330113,4.348242051697582,122.74580489104841,97.52419510895157
2023-05-19,122.76,123.55,125.97,122.15,41.35M,-0.06%,122.76,41350000.0,116.34,106.0782,-0.0005698933485304147,0.01774114341454151,82.77169334456613,4.647977506454964,124.59365637387178,97.41134362612824
2023-05-22,125.05,122.94,126.43,122.74,35.25M,1.87%,125.05,35250000.0,118.06800000000001,106.7666,0.018654284783316877,0.01767922498028636,90.84886128364391,5.012522634752557,126.69078979589985,97.22221020410016
2023-05-23,122.56,124.16,124.63,122.21,34.05M,-1.99%,122.56,34050000.0,119.58899999999998,107.3956,-0.019912035185925547,0.020146566842140962,82.29755178907725,5.042379671056906,127.83355152938756,97.9504484706124
2023-05-24,120.9,121.12,121.91,119.86,34.18M,-1.35%,120.9,34180000.0,120.50399999999999,107.9342,-0.013544386422976507,0.019245528006977285,79.48344852673704,4.875887267351686,128.4447240380271,99.0582759619729
2023-05-25,123.48,124.52,125.32,121.96,42.32M,2.13%,123.48,42320000.0,121.19500000000001,108.4816,0.021339950372208483,0.015750118067038545,80.67831449126416,4.895690799863544,129.55151814290056,99.54048185709945
2023-05-26,124.61,123.17,125.26,122.45,35.64M,0.92%,124.61,35640000.0,121.905,108.9674,0.009151279559442838,0.015770560517318077,79.9431009957326,4.945557490009705,130.65473390578768,100.16426609421234
2023-05-30,123.67,125.64,125.66,122.0,35.08M,-0.75%,123.67,35080000.0,122.62100000000001,109.4084,-0.007543535831795234,0.015674467138597305,78.49162011173189,4.853281449639795,131.390130821396,101.07586917860404
2023-05-31,122.87,122.75,124.06,122.5,37.33M,-0.65%,122.87,37330000.0,122.957,109.84140000000001,-0.0064688283334680685,0.014448349515070256,72.20447284345052,4.661859692089109,131.62593276726946,102.59506723273056
2023-06-01,123.72,122.82,124.42,122.62,30.77M,0.69%,123.72,30770000.0,123.245,110.2174,0.006917880686904798,0.014240790859662171,66.96725201708595,4.526565042246403,131.72068187213603,104.33131812786397
2023-06-02,124.67,123.99,126.15,123.76,26.98M,0.77%,124.67,26980000.0,123.429,110.6434,0.0076786291626254055,0.013533069182775158,66.98292220113855,4.444763649438059,131.48266979985286,106.56733020014715
2023-06-05,126.01,124.01,127.43,123.84,32.31M,1.07%,126.01,32310000.000000004,123.75399999999999,111.0516,0.010748375711879365,0.01380475439977461,72.17553688141928,4.43691624881113,131.13547500311896,108.95852499688104
2023-06-06,127.31,126.01,128.29,125.36,26.64M,1.03%,127.31,26640000.0,123.97999999999999,111.48900000000002,0.010316641536386006,0.012960193907156484,69.77687626774852,4.48390855602581,130.93909938374435,111.10890061625564
2023-06-07,122.5,126.97,129.04,122.12,52.54M,-3.78%,122.5,52540000.0,123.974,111.88980000000001,-0.03778179247506086,0.01692308454984704,53.577586206896555,4.0859235140313075,129.33053765216044,114.23246234783957
2023-06-08,122.14,122.22,123.22,121.24,29.39M,-0.29%,122.14,29390000.0,124.098,112.31199999999998,-0.0029387755102040503,0.016294948666748296,48.400556328233655,3.6988306917959477,128.19109480756933,116.41090519243068
2023-06-09,122.23,122.25,123.75,121.91,23.78M,0.07%,122.23,23780000.0,123.973,112.7288,0.0007368593417389491,0.014679863950983033,48.77257989810097,3.360580410081127,127.82255504384723,117.34544495615275
2023-06-12,123.64,122.79,124.05,121.66,28.34M,1.15%,123.64,28340000.0,123.876,113.18379999999999,0.011535629550846638,0.0148795952519601,46.59584741670691,3.1697509254318277,127.56613662989167,118.21486337010833
2023-06-13,123.83,124.98,125.16,123.18,22.28M,0.15%,123.83,22280000.0,123.89200000000001,113.58580000000002,0.0015367195082496288,0.014690056512298587,53.4492123845736,2.999274822923894,126.84992249995804,119.66307750004196
2023-06-14,123.67,123.1,124.05,121.45,30.59M,-0.13%,123.67,30590000.0,123.97200000000001,113.972,-0.0012920939998384284,0.014518041552569956,58.190419869899465,2.8187676221222517,126.59683375247405,120.33216624752595
2023-06-15,125.09,123.14,125.46,122.4,35.25M,1.15%,125.09,35250000.0,124.10900000000001,114.37939999999999,0.011482170291905902,0.014802603001842274,55.111111111111114,2.758498246883107,126.63124119744425,120.72275880255573
2023-06-16,123.53,125.93,126.11,123.28,45.54M,-1.25%,123.53,45540000.0,123.995,114.76060000000001,-0.0124710208649772,0.015189422337469144,46.66254635352287,2.555398328996205,126.64046358137057,120.78353641862947
2023-06-20,123.1,122.93,124.57,122.14,26.10M,-0.35%,123.1,26100000.0,123.704,115.0542,-0.0034809358050676975,0.014642707028420314,48.181238034460726,2.332851118925319,126.63807762557552,120.81992237442448
2023-06-21,120.55,122.4,122.66,120.1,30.31M,-2.07%,120.55,30310000.0,123.02799999999999,115.3364,-0.020714865962631945,0.014971473486574344,43.3409873708381,1.9284867677994129,126.6678244678243,120.34017553217568
2023-06-22,123.15,120.0,123.24,118.83,26.95M,2.16%,123.15,26950000.0,123.093,115.69239999999999,0.021567814184985545,0.012185998193041312,48.51330203442882,1.7971074412158714,126.67115769157814,120.39584230842186
2023-06-23,122.34,121.38,122.79,121.06,34.91M,-0.66%,122.34,34910000.0,123.11299999999999,116.04639999999999,-0.006577344701583443,0.012356403546686224,43.8780872306884,1.6090796788929822,126.54877762162192,120.66222237837809
2023-06-26,118.34,120.76,122.0,118.26,33.97M,-3.27%,118.34,33970000.0,122.724,116.26459999999999,-0.03269576589831613,0.016146395608694113,32.31904103273399,1.1243390710457817,127.11923090779413,119.5777690922059
2023-06-27,118.33,117.08,119.08,116.1,39.54M,-0.01%,118.33,39540000.0,122.19300000000001,116.45379999999999,-8.450228156164918e-05,0.015374902771470033,27.99019607843138,0.7309458418658181,127.36698427579924,118.70201572420078
2023-06-28,120.18,117.09,120.39,116.85,27.09M,1.56%,120.18,27090000.0,121.828,116.73800000000001,0.015634243218118904,0.016566900398998094,43.34862385321104,0.5619802538545571,127.36250924193746,118.35749075806251
2023-06-29,119.1,119.24,120.06,118.29,24.09M,-0.90%,119.1,24090000.0,121.37100000000001,117.03,-0.008986520219670613,0.01666421812671221,41.629955947136565,0.337041627875891,127.47767267579125,117.86532732420874
2023-06-30,119.7,120.17,121.08,119.69,29.53M,0.50%,119.7,29530000.0,120.832,117.3404,0.005037783375315019,0.016130822147001816,43.224424209962514,0.20482997928431246,127.42596683764476,117.51503316235527
2023-07-03,119.9,119.24,120.19,118.82,14.47M,0.17%,119.9,14470000.0,120.46900000000001,117.6326,0.001670843776107045,0.01595155720663902,39.28980526918675,0.11486552549564522,127.20087406499044,117.26312593500958
2023-07-05,121.75,119.24,122.61,119.23,27.58M,1.54%,121.75,27580000.0,120.33400000000002,117.9594,0.015429524603836509,0.016959234852056502,44.56066945606696,0.19064989331940296,126.66041040270808,117.37758959729193
2023-07-06,120.11,119.79,120.3,118.4,24.78M,-1.35%,120.11,24780000.0,120.29,118.2422,-0.013470225872689978,0.016157954628905607,41.35922330097089,0.11702625109219866,125.64279295594557,117.67520704405442
2023-07-07,119.48,120.1,121.05,119.4,21.71M,-0.52%,119.48,21710000.0,119.923,118.5548,-0.005245191907418123,0.014247398597441173,35.84048460373552,0.007753867568425221,125.58541197588681,117.43058802411318
2023-07-10,116.45,118.3,118.31,116.14,35.32M,-2.54%,116.45,35320000.0,119.33400000000002,118.80959999999999,-0.025359892869099454,0.01592155111541087,33.364661654135375,-0.3196561635977133,125.86961337288899,116.57738662711104
2023-07-11,117.14,116.29,117.71,115.35,23.08M,0.59%,117.14,23080000.0,119.21399999999998,119.00060000000002,0.00592528982395879,0.012778888886343293,36.165273909006544,-0.517488453957526,125.92993751751482,116.0080624824852
2023-07-12,118.93,118.8,120.33,118.41,30.40M,1.53%,118.93,30400000.0,119.274,119.2324,0.015280860508792848,0.013778503839016097,46.102021174205994,-0.5237959355333572,125.60696963834235,115.86003036165766
2023-07-13,124.54,120.93,124.83,120.45,44.30M,4.72%,124.54,44300000.0,119.71,119.5792,0.0471706045573026,0.01986758484493387,52.92139554434635,-0.07524714263085741,125.7466718294962,115.79132817050376
2023-07-14,125.42,124.8,126.78,123.49,33.28M,0.71%,125.42,33280000.0,120.34200000000001,119.98119999999999,0.007066002890637524,0.019366774459299553,56.45431684828163,0.34723692180992316,126.10314614678067,115.60985385321935
2023-07-17,124.65,125.94,127.1,124.19,25.72M,-0.61%,124.65,25720000.0,120.83700000000002,120.366,-0.006139371711050834,0.019706387560193613,65.29326223945708,0.6128613378611192,126.00960427050327,115.65939572949674
2023-07-18,123.76,124.6,124.68,122.96,26.23M,-0.71%,123.76,26230000.0,121.223,120.74740000000001,-0.007139991977537119,0.020028007814355174,62.62203626220363,0.7429903095495405,126.0472808139263,115.6447191860737
2023-07-19,122.03,124.6,125.18,121.8,37.22M,-1.40%,122.03,37220000.0,121.251,121.0766,-0.013978668390433158,0.020215717453083776,54.324450677886844,0.6984703835555734,125.91761617327144,115.66738382672854
2023-07-20,119.2,121.42,124.09,118.22,37.91M,-2.32%,119.2,37910000.0,121.16000000000001,121.3052,-0.023191018601983138,0.021168617813710894,50.21607605877271,0.4298753374514206,125.89889194850377,115.55110805149627
2023-07-21,120.02,120.62,120.99,118.73,71.61M,0.69%,120.02,71610000.0,121.21400000000001,121.55860000000001,0.006879194630872387,0.02121768531047903,50.6849315068493,0.27995186443590114,125.62148358971713,115.5155164102829
2023-07-24,121.53,121.66,123.0,120.98,29.72M,1.26%,121.53,29720000.0,121.72200000000001,121.7542,0.01258123646058995,0.019360612255490094,53.303607620591805,0.27975595977201806,125.53396528364993,115.52203471635005
2023-07-25,122.21,121.36,123.14,121.02,52.51M,0.56%,122.21,52510000.0,122.22900000000001,121.867,0.005595326256891298,0.01935809087291461,50.978723404255305,0.3306593853513675,125.67021498472634,115.77278501527364
2023-07-26,129.27,130.07,130.98,128.32,61.68M,5.78%,129.27,61680000.0,123.263,122.1022,0.0577694133049671,0.025649213501944934,65.83679114799449,0.9299636716559547,127.38491200292515,115.15208799707483
2023-07-27,129.4,131.67,133.24,128.79,44.95M,0.10%,129.4,44950000.0,123.749,122.36,0.0010056470952271024,0.021816046634562068,67.45249824067558,1.3992765606791409,128.81374337601255,114.64525662398744
2023-07-28,132.58,130.78,133.74,130.57,36.59M,2.46%,132.58,36590000.0,124.465,122.62140000000001,0.024574961360123604,0.022767333612262963,78.2289114455723,2.0047008861454003,130.8654203369875,113.94157966301249
2023-07-31,132.72,132.73,133.52,131.77,28.06M,0.11%,132.72,28060000.0,125.272,122.85900000000001,0.001055966209081216,0.022459854456840234,77.80157030692362,2.467358680899366,132.57748819754457,113.53151180245544
2023-08-01,131.55,130.77,132.63,130.68,23.28M,-0.88%,131.55,23280000.0,126.051,123.0334,-0.008815551537070476,0.022578978687167784,73.029197080292,2.7083884781465173,133.75422054612787,113.5197794538721
2023-08-02,128.38,129.45,130.09,127.56,26.27M,-2.41%,128.38,26270000.0,126.68599999999999,123.1458,-0.0240973014063095,0.0237855924975839,57.69230769230767,2.613487168546442,134.25838931453134,113.67861068546863
2023-08-03,128.45,127.97,129.38,127.42,20.16M,0.05%,128.45,20160000.0,127.61099999999999,123.21379999999999,0.0005452562704471031,0.02171691391155515,56.27329192546581,2.514935006682606,134.69294947777502,114.07805052222501
2023-08-04,128.11,129.28,131.51,127.91,26.15M,-0.26%,128.11,26150000.0,128.42000000000002,123.32480000000001,-0.0026469443363174028,0.021964894532651526,57.29342327150087,2.3819390393342132,134.98134242054772,114.6526575794523
2023-08-07,131.53,129.16,131.61,129.02,22.75M,2.67%,131.53,22750000.0,129.42000000000002,123.53739999999999,0.026695808289750822,0.02281770067503314,64.80000000000001,2.5234158280004806,135.35205774067168,115.78994225932831
2023-08-08,131.4,130.62,131.51,129.54,23.54M,-0.10%,131.4,23540000.0,130.339,123.6958,-0.0009883676727742152,0.022994483619201127,69.00608519269781,2.595132219941277,135.5423536106039,117.02564638939609
2023-08-09,129.66,131.66,132.04,129.0,24.91M,-1.32%,129.66,24910000.0,130.378,123.7968,-0.01324200913242013,0.015488618541409621,72.19864176570461,2.4829427011491134,135.51067224709865,118.13032775290135
2023-08-10,129.69,131.32,132.05,129.45,20.86M,0.02%,129.69,20860000.0,130.407,123.9172,0.00023137436372056008,0.01548723832938731,71.23407992973213,2.369142449090859,135.7888271406174,118.36717285938263
2023-08-11,129.56,128.66,129.93,128.17,19.59M,-0.10%,129.56,19590000.0,130.105,124.051,-0.0010023903153674185,0.012941301092666977,68.77045348293599,2.242613562730824,136.02664021704408,118.54335978295596
2023-08-14,131.33,129.39,131.37,128.96,24.70M,1.37%,131.33,24700000.0,129.96599999999998,124.20320000000001,0.013661623958011848,0.01387668301666427,70.28469750889687,2.25912097583641,136.44676695850737,118.79123304149263
2023-08-15,129.78,131.1,131.42,129.28,19.77M,-1.18%,129.78,19770000.0,129.789,124.3054,-0.011802330008375939,0.01409483902073933,51.50265173836179,2.1226624422201468,136.60308700866398,119.23691299133601
2023-08-16,128.7,128.7,130.28,127.86,25.22M,-0.83%,128.7,25220000.0,129.821,124.3592,-0.008321775312066682,0.011979440067591194,48.04687499999995,1.9054067541479185,136.48467124108276,120.02232875891724
2023-08-17,129.92,129.8,131.99,129.29,33.45M,0.95%,129.92,33450000.000000004,129.96800000000002,124.4114,0.009479409479409506,0.012326798402319114,41.66666666666658,1.810800083958597,135.8514558197447,121.72754418025532
2023-08-18,127.46,128.51,129.25,126.38,30.50M,-1.89%,127.46,30500000.0,129.903,124.5106,-0.01893472906403937,0.013871788135620402,35.612691466083135,1.5198028342779963,134.9468545585768,123.37614544142318
2023-08-21,128.37,127.18,128.73,126.56,25.25M,0.71%,128.37,25250000.0,129.587,124.6352,0.007139494743449104,0.01062168144167145,41.17647058823528,1.347086438268633,134.0695406665342,124.9374593334658
2023-08-22,129.08,128.51,130.28,128.32,22.07M,0.55%,129.08,22070000.0,129.35500000000002,124.7722,0.005530887278959229,0.010912531068039062,52.24935732647821,1.2530540888223527,132.87861655678785,126.81538344321216
2023-08-23,132.37,130.18,133.41,129.87,27.82M,2.55%,132.37,27820000.0,129.626,124.9468,0.025488069414316694,0.013037291203920467,60.43663471778492,1.4275523439419544,133.22062736353317,126.78337263646685
2023-08-24,129.78,133.95,134.25,129.57,28.50M,-1.96%,129.78,28500000.0,129.635,125.0658,-0.019566367001586538,0.01475105585301342,53.97051830718018,1.3413894116972926,133.22913374180135,126.81286625819867
2023-08-25,129.88,129.54,130.76,127.25,26.76M,0.08%,129.88,26760000.0,129.667,125.19000000000001,0.0007705347511173244,0.014746090336367567,45.341614906832284,1.2665735598053232,132.85937235440107,126.91262764559899
2023-08-28,131.01,131.31,132.54,130.14,20.54M,0.87%,131.01,20540000.0,129.63500000000002,125.3084,0.008700338774253025,0.014325723784554588,48.95777659005875,1.2836657150488975,132.51808774613013,127.08291225386986
2023-08-29,134.57,132.24,136.57,132.24,43.08M,2.72%,134.57,43080000.0,130.114,125.5292,0.027173498206243707,0.01600711946195482,61.958110082805625,1.5664169396409022,133.3329184192935,126.57008158070653
2023-08-30,135.88,134.78,136.27,134.07,28.32M,0.97%,135.88,28320000.0,130.83200000000002,125.78479999999999,0.00973471055955999,0.015505135181064335,64.19073819348921,1.8745961960632371,134.5361744467225,126.11682555327748
2023-08-31,136.17,136.01,138.0,135.79,30.05M,0.21%,136.17,30050000.0,131.457,126.09719999999999,0.0021342360906682067,0.015472334664974479,65.0432407828857,2.117818163960351,135.56445077425647,125.86054922574353
2023-09-01,135.66,137.46,137.46,134.85,21.54M,-0.37%,135.66,21540000.0,132.277,126.34740000000002,-0.0037453183520598232,0.013501576267382336,60.4538870111057,2.243558245202138,136.2541761965962,125.9258238034038
2023-09-05,135.77,135.44,136.42,134.58,19.40M,0.08%,135.77,19400000.0,133.017,126.616,0.0008108506560520201,0.013607635357143535,65.54229372080957,2.3252798673123323,136.8742303953591,125.7297696046409
2023-09-06,134.46,136.02,136.53,133.66,18.68M,-0.96%,134.46,18680000.0,133.555,126.9384,-0.009648670545776006,0.014449591694183236,64.76923076923082,2.2583064388537935,137.2038030790871,125.70619692091293
2023-09-07,135.26,133.59,135.58,132.95,18.84M,0.59%,135.26,18840000.0,133.844,127.277,0.00594972482522671,0.012428651727448484,63.99371069182392,2.243916357424979,137.65853912703278,125.81146087296719
2023-09-08,136.38,134.91,136.66,134.85,23.58M,0.83%,136.38,23580000.0,134.504,127.601,0.008280348957563355,0.009855332484178855,75.14092446448704,2.2964151100671018,138.2565100762989,125.88248992370113
2023-09-11,136.92,136.54,137.48,135.79,20.76M,0.40%,136.92,20760000.0,135.208,127.95740000000002,0.003959524857017005,0.009753764186032807,74.61139896373055,2.3544535617375004,138.86682385738732,126.00817614261268
2023-09-12,135.34,136.26,136.87,135.19,18.41M,-1.15%,135.34,18410000.0,135.641,128.2702,-0.011539585159216936,0.01099838800894329,67.16008771929828,2.2470540174708447,139.171169135066,126.10483086493394
2023-09-13,136.71,135.09,136.9,134.15,20.75M,1.01%,136.71,20750000.0,135.855,128.6064,0.01012265405645052,0.007721436339375373,63.296568627451016,2.246589371478791,139.61382393155463,126.35517606844532
2023-09-14,138.1,137.6,138.7,136.24,24.75M,1.02%,138.1,24750000.0,136.077,128.9334,0.010167507863360292,0.007773102443620969,77.51322751322759,2.331506365399804,140.1374885372849,126.7715114627151
2023-09-15,137.4,137.98,138.52,136.48,38.92M,-0.51%,137.4,38920000.0,136.2,129.2792,-0.005068790731354023,0.008051892995837058,73.91857506361335,2.315626444792059,140.51584633861873,127.14115366138124
2023-09-18,138.21,136.61,139.16,136.61,21.86M,0.59%,138.21,21860000.0,136.45499999999998,129.6538,0.005895196506550127,0.008007080973376376,73.37662337662351,2.3414113908140166,140.61157915227818,128.1204208477218
2023-09-19,138.04,137.42,138.41,136.62,20.35M,-0.12%,138.04,20350000.0,136.682,130.0856,-0.0012300123001230956,0.008063534187123762,64.4462947543714,2.321369267146679,140.61975576373777,129.07924423626218
2023-09-20,133.74,138.08,138.08,133.62,29.93M,-3.12%,133.74,29930000.0,136.60999999999999,130.4176,-0.03115039119095897,0.012861772193833452,42.86666666666668,1.9361924549612297,140.21266620229392,129.9523337977061
2023-09-21,130.44,131.44,132.23,130.07,31.50M,-2.47%,130.44,31500000.0,136.128,130.64780000000002,-0.024674742036787878,0.0146826630872411,34.09217101610216,1.3491030157280477,140.39597674866113,129.5760232513389
2023-09-22,130.25,130.76,132.02,129.6,26.40M,-0.15%,130.25,26400000.0,135.51500000000001,130.762,-0.0014566084023305281,0.014125152150548824,34.70887507066138,0.8586015688561588,140.32756246870548,129.69143753129453
2023-09-25,131.11,129.83,131.17,128.96,20.09M,0.66%,131.11,20090000.0,134.934,130.8758,0.006602687140115249,0.014324313806489037,37.36442516268979,0.5331249188128595,140.16293748669617,129.97906251330377
2023-09-26,128.57,129.77,130.36,127.22,25.72M,-1.94%,128.57,25720000.0,134.257,130.95420000000001,-0.019373045534284317,0.014967998867223381,35.027961362480895,0.06942526514572478,140.54280823109957,129.35519176890045
2023-09-27,130.54,128.57,130.9,128.57,22.75M,1.54%,130.54,22750000.0,133.64000000000001,131.0898,0.015322392471027513,0.01562811679361529,38.675623800383875,-0.13751235827035657,140.67893942767796,128.81606057232204
2023-09-28,132.31,129.84,133.3,129.79,22.51M,1.36%,132.31,22510000.0,133.061,131.2954,0.013559062356365947,0.016013753806227604,40.53047929269429,-0.1568793013083507,140.57138513996094,128.56661486003904
2023-09-29,130.86,133.28,134.05,130.36,30.86M,-1.10%,130.86,30860000.0,132.407,131.5286,-0.01095911117829329,0.016158676914156303,36.47321428571435,-0.28593454954258846,140.4750758458482,128.13192415415182
2023-10-02,134.17,131.21,134.42,131.17,22.29M,2.53%,134.17,22290000.0,132.003,131.8116,0.025294207550053294,0.018563674622072944,47.575631993369214,-0.11974211383389388,140.367513106437,128.09048689356297
2023-10-03,132.43,133.94,134.26,131.84,22.99M,-1.30%,132.43,22990000.0,131.442,132.0296,-0.012968621897592514,0.01882224669069164,41.26530612244897,-0.12697320136885537,140.20572285559177,127.9182771444082
2023-10-04,135.24,132.79,135.57,132.53,26.75M,2.12%,135.24,26750000.0,131.592,132.2902,0.021218757079211725,0.017673051832346597,44.48302469135805,0.09296794886864745,140.26522923853975,127.93677076146027
2023-10-05,135.07,135.07,135.49,133.45,19.83M,-0.13%,135.07,19830000.0,132.055,132.4062,-0.0012570245489501586,0.015239132731338957,45.41157936195351,0.25066579650354015,140.24879015925578,127.9342098407442
2023-10-06,137.58,134.01,138.15,134.01,27.60M,1.86%,137.58,27600000.0,132.788,132.5698,0.01858295698526713,0.015807562001284203,48.8372093023256,0.5715895711861094,140.42497725285668,127.87802274714333
2023-10-09,138.42,136.94,138.94,135.61,19.28M,0.61%,138.42,19280000.0,133.519,132.6866,0.0061055385957260455,0.015804847474643363,50.68443804034581,0.8835202827329738,140.67282012530396,127.780179874696
2023-10-10,138.06,138.5,139.72,137.33,27.79M,-0.26%,138.06,27790000.0,134.468,132.7934,-0.002600780234070066,0.013602290362871918,59.06801007556673,1.0891238854237315,141.01907371958086,127.70592628041916
2023-10-11,140.55,138.58,141.11,138.58,25.88M,1.80%,140.55,25880000.0,135.469,132.9734,0.018035636679704536,0.01380716782467579,71.96870925684489,1.4364301395498558,141.69975230669422,127.40924769330583
2023-10-12,138.97,141.05,141.22,138.26,24.77M,-1.12%,138.97,24770000.0,136.135,133.1852,-0.011241551049448684,0.014790462730361132,67.86885245901638,1.5661267188276042,141.8440184348301,127.35198156516992
2023-10-13,137.36,139.38,140.0,136.62,23.44M,-1.16%,137.36,23440000.0,136.785,133.3634,-0.011585234223213559,0.014866756164910672,62.425447316103394,1.521460201522956,141.8387834137816,127.35321658621838
2023-10-16,139.1,138.17,139.63,137.99,28.50M,1.26%,139.1,28500000.0,137.278,133.5832,0.012667443214909646,0.013412781715155694,71.62217659137582,1.607929907890849,141.9869706169914,127.29402938300858
2023-10-17,139.72,138.63,139.9,137.18,23.52M,0.45%,139.72,23520000.0,138.007,133.747,0.0044572250179726325,0.012072182356801712,69.9565217391305,1.7068115307387188,142.27034716739522,127.1786528326048
2023-10-18,137.96,139.45,140.72,137.38,23.37M,-1.26%,137.96,23370000.0,138.279,133.87820000000002,-0.012596621815058606,0.011895497076572696,62.28795128316665,1.6244331836168158,142.60049761389746,127.27050238610252
2023-10-19,137.75,138.5,139.66,137.38,26.07M,-0.15%,137.75,26070000.0,138.547,134.04,-0.0015221803421282543,0.011903996858485942,65.83908045977012,1.5246275477393567,142.75772398789027,127.8442760121097
2023-10-20,135.6,137.33,137.87,135.08,26.34M,-1.56%,135.6,26340000.0,138.349,134.1582,-0.015607985480943776,0.011525618803375402,53.47255949490046,1.2575476045562652,142.63597412632788,128.50102587367212
2023-10-23,136.5,135.04,137.66,133.95,26.32M,0.66%,136.5,26320000.0,138.157,134.297,0.006637168141592875,0.011565186475986772,60.30379746835441,1.1057607817825499,142.59382430982782,129.08217569017222
2023-10-24,138.81,137.83,139.36,137.42,44.81M,1.69%,138.81,44810000.0,138.23200000000003,134.4466,0.01692307692307704,0.012898948203027338,59.27272727272725,1.1585117236916744,142.289370868685,130.41062913131498
2023-10-25,125.61,128.16,128.31,125.07,84.37M,-9.51%,125.61,84370000.0,136.738,134.3632,-0.09509401339961099,0.031753800814514815,35.34696406443618,0.13364694343593442,143.32827979995864,128.87872020004136
2023-10-26,122.28,123.27,124.33,121.27,57.06M,-2.65%,122.28,57060000.0,135.069,134.2348,-0.02651062813470262,0.032147605748434324,26.88821752265858,-0.9364738609631331,145.0008388980542,126.20316110194578
2023-10-27,122.17,122.88,123.31,120.21,44.57M,-0.09%,122.17,44570000.0,133.55,134.0798,-0.0008995747464835002,0.032348133418315154,24.89959839357431,-1.7729904585867189,146.15804689506538,124.1769531049346
2023-10-30,124.46,123.21,125.4,122.75,28.94M,1.87%,124.46,28940000.0,132.086,134.0198,0.018744372595563386,0.03289779061012639,30.17492711370261,-2.2254978731512267,146.67062548637807,122.6933745136219
2023-10-31,124.08,125.06,125.37,122.68,26.29M,-0.31%,124.08,26290000.0,130.522,133.934,-0.0030531897798489194,0.032601589418168715,24.417520969245075,-2.5849780654949086,147.13264667881015,121.39635332118985
2023-11-01,126.45,124.07,126.49,123.71,30.08M,1.91%,126.45,30080000.0,129.371,133.8814,0.01910058027079309,0.033973332691479306,31.01879927228623,-2.6481038222827635,147.14534692135567,120.50465307864431
2023-11-02,127.49,128.42,128.98,126.93,27.12M,0.82%,127.49,27120000.0,128.345,133.7838,0.008224594701462973,0.034321941755664366,34.77321814254856,-2.5844205397401367,147.0456105207391,119.84638947926089
2023-11-03,129.1,128.02,129.52,127.86,26.39M,1.26%,129.1,26390000.0,127.69499999999998,133.7702,0.012628441446387972,0.034708439347100425,34.51053283767038,-2.3766410956997106,146.60768844506327,119.43631155493672
2023-11-06,130.25,129.05,130.34,128.67,19.05M,0.89%,130.25,19050000.0,127.06999999999998,133.77759999999998,0.008907823392718894,0.03479547717221186,35.568424260896066,-2.0950288122412815,146.00572126931627,119.2212787306837
2023-11-07,130.97,130.71,131.91,129.88,29.76M,0.55%,130.97,29760000.0,126.28599999999999,133.7768,0.005527831094049862,0.03421208736893636,38.99905571293672,-1.7930815381671152,145.41749439475717,119.10050560524286
2023-11-08,131.84,130.97,132.21,130.78,26.43M,0.66%,131.84,26430000.0,126.90900000000002,133.7222,0.006642742612812169,0.013195558596219773,40.88806660499538,-1.4666774739988,144.3898297409351,119.25717025906492
2023-11-09,130.24,131.96,132.55,130.07,23.75M,-1.21%,130.24,23750000.0,127.70500000000001,133.6094,-0.012135922330097082,0.009713318092870907,41.5934755332497,-1.3218688485222287,143.50666145089158,119.2673385491084
2023-11-10,132.59,130.1,132.8,129.41,26.93M,1.80%,132.59,26930000.0,128.747,133.5378,0.018043611793611802,0.009981792324561556,44.13441344134414,-1.005886377296747,142.95699163682053,119.34000836317948
2023-11-13,132.09,131.78,132.59,131.25,18.32M,-0.38%,132.09,18320000.0,129.51,133.4664,-0.003771023455765854,0.009893846763543141,39.34010152284263,-0.7867447103560323,142.0140159921811,119.5819840078189
2023-11-14,133.62,134.19,135.7,133.32,32.40M,1.16%,133.62,32400000.0,130.464,133.42340000000002,0.01158301158301156,0.00947771480838072,70.17632241813605,-0.4840354874212096,140.9965975791766,119.9894024208234
2023-11-15,134.62,134.87,135.03,133.57,23.86M,0.75%,134.62,23860000.0,131.281,133.4266,0.007483909594372173,0.008562183586367839,85.21689497716899,-0.1615819881141931,140.42826321698684,120.22373678301315
2023-11-16,136.93,135.19,137.22,134.32,28.01M,1.72%,136.93,28010000.0,132.225,133.46,0.01715941167731394,0.009224347463236726,87.42393509127794,0.27716741434133496,140.26633099446536,120.30366900553463
2023-11-17,135.31,136.0,136.06,133.65,37.29M,-1.18%,135.31,37290000.0,132.846,133.43859999999998,-0.011830862484481175,0.010744605393045895,78.47769028871394,0.4885275739365227,140.2201130049058,120.32088699509418
2023-11-20,136.25,133.69,136.66,133.62,27.85M,0.69%,136.25,27850000.0,133.446,133.4252,0.006947010568324474,0.010678207995422557,81.03008669046406,0.7235416297567951,140.1752356080354,120.34076439196456
2023-11-21,136.97,136.29,137.18,135.96,22.64M,0.53%,136.97,22640000.0,134.046,133.45780000000002,0.005284403669724824,0.010676046358162288,79.28730512249443,0.9568598600461087,139.77865481704205,120.55334518295794
2023-11-22,138.49,137.47,139.42,137.47,17.82M,1.11%,138.49,17820000.0,134.71099999999998,133.4934,0.011097320581149317,0.010864768167796131,79.82646420824297,1.250008218705318,140.85361017080902,120.766389829191
2023-11-24,136.69,138.03,138.13,135.99,12.51M,-1.30%,136.69,12510000.0,135.356,133.4652,-0.012997328326955104,0.01101793743330768,70.37037037037035,1.3218480071852525,141.05148065493236,122.00951934506767
2023-11-27,136.41,136.03,138.42,136.0,23.44M,-0.20%,136.41,23440000.0,135.738,133.4454,-0.002048430755724695,0.010152774662461032,67.3423423423423,1.3407327644594602,140.90742961674658,123.57757038325343
2023-11-28,137.2,136.08,137.25,135.42,18.73M,0.58%,137.2,18730000.0,136.249,133.42520000000002,0.005791364269481569,0.009902861874294823,67.4705552439708,1.4032694516177742,140.99094603890802,124.768053961092
2023-11-29,134.99,137.57,138.29,134.84,23.97M,-1.61%,134.99,23970000.0,136.386,133.3642,-0.016107871720116518,0.011275694301782824,58.21596244131457,1.2599774606264873,140.43777781136606,126.41222218863398
2023-11-30,132.53,135.05,135.55,131.28,38.99M,-1.82%,132.53,38990000.0,136.177,133.34,-0.01822357211645309,0.012515295389951438,55.71642536195704,0.9371136219794778,139.95124498325052,127.50675501674944
2023-12-01,131.86,131.86,132.11,130.66,31.44M,-0.51%,131.86,31440000.0,135.67000000000002,133.3684,-0.005055459141326435,0.01067254314788699,48.01089918256133,0.620030972076762,139.52028679222397,128.37471320777607
2023-12-04,129.27,129.88,130.03,127.9,36.67M,-1.96%,129.27,36670000.0,135.066,133.3488,-0.019642044592749874,0.011579872073668122,43.1017612524462,0.15792882788429097,139.49808928872653,128.4139107112735
2023-12-05,130.99,128.95,132.14,128.25,27.38M,1.33%,130.99,27380000.0,134.54000000000002,133.34640000000002,0.013305484644542398,0.012421940370328122,43.62578768783327,-0.06870879309707334,139.4399773365849,128.5460226634151
2023-12-06,130.02,131.44,131.84,129.88,23.58M,-0.74%,130.02,23580000.0,133.845,133.37539999999998,-0.007405145430948945,0.012025882771697225,38.8349514563107,-0.3228697919503247,139.51858371597535,128.3724162840246
2023-12-07,136.93,135.04,138.56,134.7,56.77M,5.31%,136.93,56770000.0,133.68900000000002,133.5032,0.05314566989693881,0.021749579060866154,50.0,0.0329057193977178,139.83280242489474,128.56719757510524
2023-12-08,134.99,134.2,136.4,134.02,32.26M,-1.42%,134.99,32259999.999999996,133.519,133.5568,-0.014167822975242772,0.021824794545395727,49.373040752351116,0.15651438818153451,139.7592443717168,129.1157556282832
2023-12-11,133.29,132.38,133.34,131.36,31.14M,-1.26%,133.29,31140000.0,133.20700000000002,133.6054,-0.012593525446329523,0.02213148967911315,44.3683409436834,0.11596261143745323,139.7521246876184,129.1928753123816
2023-12-12,132.52,131.81,133.0,131.26,29.03M,-0.58%,132.52,29030000.0,132.739,133.5724,-0.005776877485182519,0.02197523306803169,41.54956323585266,0.021445263715605734,139.7361425912858,129.2518574087142
2023-12-13,132.57,133.38,133.5,131.57,30.10M,0.04%,132.57,30100000.0,132.497,133.5752,0.00037730153939019573,0.02151723844514457,38.09332260659689,-0.048862575823932275,139.7412131004775,129.1417868995225
2023-12-14,131.94,133.38,133.72,129.68,38.72M,-0.48%,131.94,38720000.0,132.43800000000002,133.5092,-0.004752206381534285,0.02076981358795456,39.97467285774585,-0.15364663727714856,139.72248068228123,128.89251931771878
2023-12-15,132.6,131.62,133.51,131.18,50.85M,0.50%,132.6,50850000.0,132.512,133.4598,0.005002273760800424,0.02075511864105593,42.08558371416699,-0.18134188044103894,139.40988749745023,128.7721125025498
2023-12-18,135.8,132.63,137.15,132.43,32.26M,2.41%,135.8,32259999.999999996,133.16500000000002,133.4242,0.024132730015083093,0.020592146244501928,47.356495468277984,0.05429679662930198,139.46246953029478,128.76853046970527
2023-12-19,136.65,136.84,137.47,136.08,25.48M,0.63%,136.65,25480000.0,133.731,133.3888,0.006259204712812938,0.020400856921891187,53.30414012738853,0.3061014946572982,139.51895408587671,128.7520459141233
2023-12-20,138.34,138.97,141.7,138.07,49.11M,1.24%,138.34,49110000.0,134.56300000000002,133.39440000000002,0.012367361873399263,0.020082885290013466,61.93018480492816,0.6347108564210373,139.77104740792737,128.63695259207265
2023-12-21,140.42,139.49,140.68,139.18,27.49M,1.50%,140.42,27490000.0,134.91199999999998,133.3918,0.01503541997975999,0.012355967275309458,66.61490683229812,1.0508610873593511,140.23513864017676,128.36586135982324
2023-12-22,141.49,140.77,141.99,140.71,26.53M,0.76%,141.49,26530000.0,135.56199999999998,133.44219999999999,0.007619997151403046,0.010909246885709139,75.20627062706272,1.4502852160163116,141.2231073543667,127.85789264563331
2023-12-26,141.52,141.59,142.68,141.19,16.78M,0.02%,141.52,16780000.0,136.385,133.52540000000002,0.00021202911866557983,0.009273992306788971,73.34811529933484,1.749090043698942,142.13780072562176,127.45419927437824
2023-12-27,140.37,141.59,142.08,139.89,19.63M,-0.81%,140.37,19630000.0,137.17000000000002,133.5508,-0.008126059920859241,0.009629731054351892,72.76726792784865,1.871525848365394,142.6434872716217,127.2655127283783
2023-12-28,140.23,140.78,141.14,139.75,16.05M,-0.10%,140.23,16050000.0,137.936,133.561,-0.0009973641091401975,0.009725283297678466,60.3383458646616,1.9349553152879366,143.25953235562847,127.1734676443716
2023-12-29,139.69,139.63,140.36,138.78,18.73M,-0.39%,139.69,18730000.0,138.711,133.5956,-0.0038508165157241647,0.009621520459208478,66.14010989010984,1.9195230706798156,143.75034239986124,127.39865760013876
2024-01-02,138.17,138.55,139.45,136.48,23.71M,-1.09%,138.17,23710000.0,139.268,133.60399999999998,-0.010881237024840784,0.010977071760649137,66.96801112656466,1.7643038127027353,143.9484600853617,127.8315399146383
2024-01-03,138.92,137.25,139.63,137.08,24.21M,0.54%,138.92,24210000.0,139.57999999999998,133.6704,0.0054280958239849575,0.008516763988821589,72.284122562674,1.682416316422092,143.90012736087593,128.84487263912408
2024-01-04,136.39,138.42,139.16,136.35,27.14M,-1.82%,136.39,27140000.0,139.554,133.66819999999998,-0.018211920529801362,0.010532085959462692,61.34204275534438,1.3972632487786143,143.73186304762626,129.5531369523737
2024-01-05,135.73,136.74,137.16,135.15,22.51M,-0.48%,135.73,22510000.0,139.29299999999998,133.6066,-0.00483906444754012,0.009628366892969975,61.2329579134558,1.1052799251402234,143.32002661215685,130.53597338784314
2024-01-08,138.84,136.29,139.01,136.26,21.40M,2.29%,138.84,21400000.0,139.13500000000002,133.87120000000002,0.022913136373683196,0.011335359989620698,66.14906832298135,1.11201344735926,143.47247143981687,130.5745285601831
2024-01-09,140.95,138.5,141.49,138.15,24.76M,1.52%,140.95,24760000.0,139.081,134.24460000000002,0.015197349467012344,0.012201242086272391,64.12506856829394,1.2729355693558375,143.92381307154778,130.7191869284522
2024-01-10,142.28,141.0,143.0,140.91,21.32M,0.94%,142.28,21320000.0,139.157,134.6468,0.00943597020219955,0.012588085736466758,65.04543025120253,1.4906046328077878,144.4414024971269,131.10059750287314
2024-01-11,142.08,143.49,145.22,140.63,24.01M,-0.14%,142.08,24010000.0,139.328,134.9992,-0.0014056789429293115,0.012244771580718603,60.85946573751453,1.6282017094974037,144.7016221516194,131.7963778483806
2024-01-12,142.65,142.67,143.2,141.82,18.79M,0.40%,142.65,18790000.0,139.57,135.37060000000002,0.004011824324324342,0.012243768076699347,57.09739019732658,1.7629207671944016,144.90562066542546,132.6003793345745
2024-01-16,142.49,142.0,144.35,141.45,22.67M,-0.11%,142.49,22670000.0,139.85,135.6914,-0.0011216263582194408,0.012134242096899011,53.37837837837837,1.8356160885559518,144.74412314720954,133.81687685279044
2024-01-17,141.47,141.35,141.84,138.9,20.97M,-0.72%,141.47,20970000.0,140.18,135.971,-0.0071583970804969255,0.011744172184285601,49.84167194426849,1.7902848891832832,144.26675779907293,135.18124220092704
2024-01-18,143.48,142.05,144.21,141.99,25.75M,1.42%,143.48,25750000.0,140.636,136.2586,0.014207959284654015,0.012308270542771173,59.3393393393393,1.894708765581555,144.55143916116015,135.66456083883986
2024-01-19,146.38,144.74,146.45,144.38,34.27M,2.02%,146.38,34270000.0,141.63500000000002,136.5812,0.020211876219682123,0.010743600825360432,65.84234930448224,2.1862692526106287,145.54544451382057,135.64355548617945
2024-01-22,145.99,147.1,148.39,145.84,32.20M,-0.27%,145.99,32200000.000000004,142.661,136.8816,-0.002664298401420906,0.010493144562497458,66.35514018691592,2.3586739731876776,146.35793750391454,135.59606249608547
2024-01-23,147.04,145.89,147.18,145.5,21.64M,0.72%,147.04,21640000.0,143.481,137.1856,0.0071922734433864655,0.008971910932260872,73.60298030867489,2.5506301049994704,147.32188428642473,135.29411571357525
2024-01-24,148.7,148.54,149.85,148.1,25.23M,1.13%,148.7,25230000.0,144.25600000000003,137.5548,0.011289445048966229,0.008593801644169998,74.82233502538077,2.8043777284417786,148.53261960084583,134.8043803991542
2024-01-25,151.87,150.07,153.05,149.54,29.15M,2.13%,151.87,29150000.0,145.215,137.9404,0.021318090114324173,0.009931210345807705,88.05309734513284,3.2241016188487777,150.42575063495812,133.9462493650419
2024-01-26,152.18,151.1,152.54,151.01,26.12M,0.21%,152.18,26120000.0,146.225,138.3422,0.0020412194640153647,0.009679564028069335,91.14557278639327,3.540932568667955,152.09091955136884,133.46208044863116
2024-01-29,153.51,152.06,153.78,151.43,27.78M,0.87%,153.51,27780000.0,147.31099999999998,138.74,0.00873965041398339,0.00963640474333198,90.28006589785839,3.854906303498751,153.82275099819137,133.0582490018086
2024-01-30,151.46,152.8,153.62,151.18,36.33M,-1.34%,151.46,36330000.0,148.208,139.0768,-0.01335417888085455,0.01144569027667328,78.95316804407727,3.8934338016881327,154.84154028285633,133.21645971714366
2024-01-31,140.1,143.62,144.0,139.87,71.91M,-7.50%,140.1,71910000.0,148.071,139.1402,-0.07500330120163745,0.028150148321336183,46.132008516678475,2.973038721332955,154.75069641923568,133.50030358076435
2024-02-01,141.16,142.12,143.06,140.79,40.47M,0.76%,141.16,40470000.0,147.839,139.2572,0.007566024268379712,0.027838514829558892,48.41597796143248,2.3026090860537067,154.67726582717665,133.79773417282337
2024-02-02,142.38,139.26,142.62,136.5,62.50M,0.86%,142.38,62500000.0,147.439,139.37980000000002,0.0086426749787476,0.027076715702843587,49.54530144829907,1.848425080224672,154.35395011058182,134.7200498894182
2024-02-05,143.68,142.82,145.47,142.78,38.51M,0.91%,143.68,38510000.0,147.208,139.514,0.009130495856159548,0.027320842241309904,51.929938371715856,1.5752219408403505,153.8526127930432,136.01638720695684
2024-02-06,144.1,144.65,145.36,143.19,29.13M,0.29%,144.1,29130000.0,146.914,139.6262,0.002923162583518879,0.027207494543949627,54.34998346013893,1.3767269234783726,153.65731927142824,136.73768072857175
2024-02-07,145.54,144.76,145.62,143.93,25.21M,1.00%,145.54,25210000.0,146.598,139.8032,0.009993060374739793,0.02714189011796602,53.472690492245455,1.3203934833973108,153.64729862435962,137.20670137564036
2024-02-08,145.91,145.83,146.33,145.1,22.56M,0.25%,145.91,22560000.0,146.002,139.9932,0.0025422564243506862,0.025989921232817268,49.13380022115739,1.2907260476255544,153.69544926539155,137.52155073460844
2024-02-09,149.0,146.68,149.44,146.18,26.83M,2.12%,149.0,26830000.0,145.684,140.2292,0.02117743814680284,0.027136985474056748,55.045256453234984,1.499268927888437,153.99782603368615,137.91117396631384
2024-02-12,147.53,148.42,149.34,147.37,21.56M,-0.99%,147.53,21560000.0,145.08599999999998,140.48,-0.009865771812080482,0.026974122529457443,50.80991735537191,1.52830658133783,154.11481832289704,138.28218167710295
2024-02-13,145.14,144.92,146.67,143.69,27.84M,-1.62%,145.14,27840000.0,144.454,140.7322,-0.01620009489595342,0.02710288381818561,44.25435765009684,1.342985009751601,154.07274983619834,138.58925016380164
2024-02-14,145.94,146.08,146.52,144.09,22.70M,0.55%,145.94,22700000.0,145.038,141.0138,0.005511919525974962,0.010526401137388099,39.63649073750436,1.2463030375999722,153.95598342172474,139.1530165782753
2024-02-15,142.77,143.14,143.52,140.46,37.59M,-2.17%,142.77,37590000.0,145.199,141.28379999999999,-0.021721255310401477,0.013202114617113353,35.049253257070234,0.9034746772236133,153.98906629999203,139.04893370000798
2024-02-16,140.52,142.99,143.19,140.14,31.47M,-1.58%,140.52,31470000.0,145.013,141.4744,-0.015759613364152103,0.013912439695729781,29.94751466502011,0.4450937717752197,154.1640586251806,138.2879413748194
2024-02-20,141.12,139.65,142.08,139.49,24.94M,0.43%,141.12,24940000.0,144.757,141.6964,0.004269854824935804,0.01359158427124601,33.29023917259212,0.12875438691651198,154.24325534968392,137.7217446503161
2024-02-21,142.55,141.45,142.69,140.68,23.32M,1.01%,142.55,23320000.0,144.602,141.80880000000002,0.010133219954648665,0.014048406468446975,55.83055687767733,-0.006483072866416251,154.140891348955,137.37510865104497
2024-02-22,144.09,144.93,145.0,142.8,27.19M,1.08%,144.09,27190000.0,144.45700000000002,141.9908,0.010803226937916355,0.014120944037288311,56.81712424383436,0.010484536396120347,153.82284270095454,137.2321572990454
2024-02-23,143.96,143.67,144.68,143.43,19.49M,-0.09%,143.96,19490000.0,144.262,142.20420000000001,-0.0009022138940939506,0.014069269180327243,53.87254901960787,0.013288395090171434,152.89102489803886,137.37297510196115
2024-02-26,137.57,142.14,142.44,137.39,53.64M,-4.44%,137.57,53640000.0,143.119,142.3052,-0.044387329813837306,0.0173486009409503,38.0149078069831,-0.49440987396823743,152.11749371094464,136.68550628905535
2024-02-27,138.88,138.02,139.25,137.09,33.10M,0.95%,138.88,33100000.0,142.254,142.4314,0.009522424947299601,0.018158047352025992,40.10614101592116,-0.7820434480286167,150.46967491482792,136.87032508517206
2024-02-28,136.38,137.9,138.01,135.41,37.33M,-1.80%,136.38,37330000.0,141.378,142.5202,-0.018001152073732762,0.018280381122398753,33.30903790087466,-1.1979154112037804,149.41634298690025,136.41565701309975
2024-02-29,138.46,137.28,138.86,136.4,42.13M,1.53%,138.46,42130000.0,140.63000000000002,142.63739999999999,0.015251503152954982,0.01920127697303051,37.22126929674103,-1.344163639774564,149.52256494717713,136.14543505282288
2024-03-01,137.14,138.43,138.87,136.92,31.15M,-0.95%,137.14,31150000.0,140.06699999999998,142.6642,-0.009533439260436372,0.01839754715270022,28.34185536888242,-1.5487266263781692,149.76058348360544,135.50541651639452
2024-03-04,133.35,135.66,135.66,131.91,56.00M,-2.76%,133.35,56000000.0,139.35,142.59820000000002,-0.027635992416508603,0.019595383506037983,26.12794612794616,-1.9936836486302525,150.43210961064977,133.93089038935022
2024-03-05,132.67,131.88,133.24,130.66,40.19M,-0.51%,132.67,40190000.0,138.505,142.4848,-0.00509936257967758,0.0193224500420334,27.724187209717797,-2.373821672917444,150.87058053274242,132.39141946725758
2024-03-06,131.4,133.12,133.58,130.85,35.32M,-0.96%,131.4,35320000.0,137.39000000000001,142.30440000000002,-0.009572623803421942,0.018482601941116096,24.455375966268477,-2.7459090517986624,151.21486470159266,130.77713529840736
2024-03-07,134.38,132.79,134.94,131.61,37.74M,2.27%,134.38,37740000.0,136.419,142.1622,0.02267884322678837,0.020129936786229537,35.16094800141491,-2.768417293921601,150.82945316822213,130.0465468317779
2024-03-08,135.41,134.21,138.09,134.0,39.37M,0.77%,135.41,39370000.0,135.564,142.04,0.00766483107605298,0.02058448123356438,40.55452865064692,-2.672337799357848,150.2008714488156,129.62512855118436
2024-03-11,137.67,136.13,139.1,136.13,32.44M,1.67%,137.67,32439999.999999996,135.574,141.986,0.016690052433350422,0.01656921787006321,43.99164054336465,-2.3863229497781617,148.73608499166917,129.9569150083308
2024-03-12,138.5,137.03,139.38,137.03,27.56M,0.60%,138.5,27560000.0,135.536,141.9514,0.006028909711629282,0.01638656139328833,42.79615795090714,-2.068831851676947,147.45992602972896,130.33007397027106
2024-03-13,139.79,139.0,141.09,138.99,23.35M,0.93%,139.79,23350000.0,135.877,141.9534,0.009314079422382715,0.015322905322741005,42.28284278535533,-1.6936028505813567,146.6906739212424,130.5643260787576
2024-03-14,143.1,141.19,143.59,140.46,42.75M,2.37%,143.1,42750000.0,136.34099999999998,142.052,0.023678374704914518,0.01629798317346576,48.61469072164946,-1.1162741135340468,146.09363269849362,130.87736730150633
2024-03-15,141.18,142.5,143.18,140.03,49.48M,-1.34%,141.18,49480000.0,136.745,142.0972,-0.013417190775681265,0.016682725502723667,56.79337598795636,-0.804392349596327,145.85723769302044,130.95476230697957
2024-03-18,147.68,148.61,152.15,147.17,69.27M,4.60%,147.68,69270000.0,138.178,142.323,0.046040515653775316,0.0178607504464933,63.85390428211589,-0.032355157342038865,147.25795178006663,130.27004821993333
2024-03-19,147.03,148.16,148.79,146.08,24.07M,-0.44%,147.03,24070000.0,139.614,142.549,-0.004401408450704247,0.01779469177691808,67.8034102306921,0.5210341546217876,148.27880349007432,129.8401965099257
2024-03-20,148.74,148.0,148.86,146.74,21.31M,1.16%,148.74,21310000.0,141.348,142.74699999999999,0.011630279534788901,0.01634531560582671,67.40013540961408,1.085073824626221,149.4564239578424,129.2815760421576
2024-03-21,147.6,149.47,150.37,146.9,24.76M,-0.77%,147.6,24760000.0,142.67,142.88,-0.007664380798709236,0.01706507922028592,67.81335149863762,1.4236795623832847,150.089512240765,128.999487759235
2024-03-22,150.77,149.12,151.58,148.98,29.21M,2.15%,150.77,29210000.0,144.206,143.0498,0.021476964769647777,0.01744959889441523,80.30619345859431,1.9256221824221598,151.42334340020437,128.3466565997956
2024-03-25,150.07,149.94,150.38,147.82,19.23M,-0.46%,150.07,19230000.0,145.446,143.20960000000002,-0.004642833454931439,0.01796461752978335,80.25034770514603,2.2410972017412973,152.84690228115312,128.17309771884686
2024-03-26,150.67,150.22,152.26,149.98,22.15M,0.40%,150.67,22150000.0,146.66299999999998,143.37,0.003998134204038051,0.018010896413155442,84.30046279814874,2.5105879182820274,154.21088111477292,127.98811888522704
2024-03-27,150.87,151.18,151.63,148.9,22.88M,0.13%,150.87,22880000.0,147.77100000000002,143.5376,0.0013274042609678904,0.018152298813978333,82.57605689450804,2.709071095990197,155.4293819072485,128.2186180927515
2024-03-28,150.93,150.85,151.43,150.17,24.49M,0.04%,150.93,24490000.0,148.554,143.7268,0.00039769337840533936,0.01736582315251801,81.88167625308128,2.8384915788556953,156.5380580555124,128.35694194448757
2024-04-01,155.49,150.69,155.74,150.61,31.73M,3.02%,155.49,31730000.0,149.98499999999999,143.967,0.030212681375472172,0.017571662258876672,83.4459459459459,3.271302594447093,158.36102964998173,128.3689703500183
2024-04-02,154.56,153.5,154.7,152.15,24.59M,-0.60%,154.56,24590000.0,150.673,144.1306,-0.005981092031641988,0.01268338852731522,80.02991772625273,3.4989317081503657,159.43931044939941,129.41168955060058
2024-04-03,154.92,153.6,155.08,152.73,24.70M,0.23%,154.92,24700000.0,151.462,144.3092,0.0023291925465838137,0.012324052534029685,79.31034482758614,3.6661176894489245,160.17687053451462,130.8991294654854
2024-04-04,150.53,153.5,154.77,150.45,34.72M,-2.83%,150.53,34720000.0,151.641,144.37900000000002,-0.028337206300025786,0.015983538260049855,63.815544812197835,3.405125307965477,159.6706163114399,133.31838368856015
2024-04-05,152.5,150.03,153.42,149.6,23.46M,1.31%,152.5,23460000.0,152.131,144.455,0.013087092273965206,0.016035692015227383,71.00965107646616,3.3189902477380997,159.51865423673175,135.2823457632683
2024-04-08,154.85,152.78,155.27,152.61,20.70M,1.54%,154.85,20700000.0,152.53900000000002,144.5146,0.015409836065573668,0.015376421824333013,65.7305835892935,3.4011466507196246,159.52090724993838,137.22409275006163
2024-04-09,156.6,156.09,158.56,155.19,31.11M,1.13%,156.6,31110000.0,153.19199999999998,144.603,0.011301259283177378,0.015347812908598539,70.02930096274588,3.5663558365231722,159.8380972196162,138.79990278038383
2024-04-10,156.14,156.21,156.61,154.68,22.84M,-0.29%,156.14,22840000.0,153.739,144.6556,-0.002937420178799499,0.015522423124370651,66.34275618374551,3.618455844357584,159.82018018171843,140.58181981828156
2024-04-11,159.41,156.91,159.68,156.46,27.17M,2.09%,159.41,27170000.0,154.593,144.81459999999998,0.020942743691559018,0.01640618108253261,73.83932176019374,3.8788936756311614,160.32047298080985,142.04352701919012
2024-04-12,157.73,157.96,160.22,157.14,25.35M,-1.05%,157.73,25350000.0,155.273,145.16719999999998,-0.010538862053823483,0.017142643953285564,64.94845360824736,3.9047193989864866,160.66186832906504,143.16513167093495
2024-04-15,154.86,158.86,159.24,154.59,27.14M,-1.82%,154.86,27140000.0,155.20999999999998,145.44119999999998,-0.01819565079566332,0.015878612180346936,59.410609037328136,3.6515091321111868,159.81812797968328,145.3768720203167
2024-04-16,154.4,154.19,155.65,153.43,20.78M,-0.30%,154.4,20780000.0,155.194,145.6816,-0.0029704248999096183,0.015787036763101663,57.36862900039514,3.374817223509581,159.80774261856376,146.05925738143625
2024-04-17,155.47,155.62,157.08,154.58,21.76M,0.69%,155.47,21760000.0,155.249,145.9174,0.006930051813471394,0.015928573651110525,58.785332314744075,3.204932483454087,159.72124872595782,146.98975127404213
2024-04-18,156.01,155.34,156.94,154.62,19.88M,0.35%,156.01,19880000.0,155.797,146.1556,0.003473338907827861,0.012299519195966469,59.52738184546134,3.0783853796105802,159.7988888493935,147.63911115060648
2024-04-19,154.09,156.2,156.36,152.3,32.62M,-1.23%,154.09,32619999.999999996,155.956,146.32659999999998,-0.012306903403627945,0.012747950080840459,47.08576186511239,2.7909950802504397,159.3977595930156,148.68924040698445
2024-04-22,156.28,154.31,157.64,154.06,26.45M,1.42%,156.28,26450000.0,156.099,146.534,0.014212473229930467,0.01260352735042185,53.40189873417722,2.7087263832560495,159.52914354786873,149.1088564521313
2024-04-23,158.26,156.96,158.97,156.28,21.15M,1.27%,158.26,21150000.0,156.26500000000001,146.7192,0.012669567443050811,0.012734643098611434,56.20817843866173,2.7713508926393047,159.81853681094395,149.63846318905604
2024-04-24,159.13,157.49,159.57,157.16,22.78M,0.55%,159.13,22780000.0,156.564,146.9512,0.0054972829521040545,0.012714779749341128,68.3917878528657,2.8582350422399543,160.22752113138196,150.07547886861803
2024-04-25,156.0,151.33,156.49,150.87,57.11M,-1.97%,156.0,57110000.0,156.223,147.1684,-0.01966945264877773,0.012465361239956854,57.13121434392829,2.6440475806194854,160.0750473027638,150.74095269723617
2024-04-26,171.95,174.37,174.71,169.65,64.67M,10.22%,171.95,64670000.0,157.645,147.68859999999998,0.1022435897435896,0.03486571313310373,72.41740954378606,3.718469967320061,164.8564254199799,148.0615745800201
2024-04-29,166.15,169.06,169.55,165.21,45.61M,-3.37%,166.15,45610000.0,158.774,148.1562,-0.03373073567897633,0.036527909051544384,61.31784783123965,4.055200099722867,166.42039295342119,147.56360704657885
2024-04-30,162.78,165.61,168.1,162.6,33.56M,-2.03%,162.78,33560000.0,159.61200000000002,148.60139999999998,-0.020282876918447212,0.0374841444606545,57.36141906873616,4.0039749886455525,167.09789523842934,147.70810476157064
2024-05-01,163.86,164.3,167.12,163.09,33.49M,0.66%,163.86,33490000.000000004,160.451,149.0562,0.006634721710283786,0.03748336224540302,55.185271498485235,4.004365856164526,167.88140961915502,147.81859038084497
2024-05-02,166.62,164.79,166.73,163.89,24.29M,1.68%,166.62,24290000.0,161.512,149.5376,0.016843647015745145,0.0376263985147669,60.10456922027738,4.17920923264046,168.79430893622074,148.51469106377928
2024-05-03,167.24,167.56,167.96,163.05,34.66M,0.37%,167.24,34660000.0,162.827,150.00060000000002,0.003721041891729726,0.037039393934999935,64.82989937709632,4.318027157427736,169.78729120301782,148.9957087969822
2024-05-06,168.1,167.46,168.14,166.03,21.87M,0.51%,168.1,21870000.0,164.009,150.4834,0.00514231045204494,0.03700354335678949,66.25533934504035,4.44618334172057,170.909790402502,149.198209597498
2024-05-07,171.25,168.5,171.76,168.39,28.04M,1.87%,171.25,28040000.0,165.308,151.15699999999998,0.0187388459250446,0.03713986224673273,67.84260515603802,4.7472039038677,172.59611298888586,148.97688701111412
2024-05-08,169.38,169.0,170.15,168.74,19.57M,-1.09%,169.38,19570000.0,166.33300000000003,151.767,-0.010919708029197062,0.03764739276606169,64.67618002195391,4.779773245676807,173.63962235236843,149.2573776476316
2024-05-09,169.96,169.39,170.69,168.18,15.35M,0.34%,169.96,15350000.0,167.72899999999998,152.4386,0.0034242531585784164,0.03653010261515668,67.9484279574757,4.797087992157714,174.69719226454293,149.25480773545712
2024-05-10,168.65,168.02,169.85,166.19,29.80M,-0.77%,168.65,29800000.0,167.399,153.0424,-0.007707695928453773,0.016417475128370884,64.2741749365336,4.651484582794808,175.4121261273438,149.63187387265617
2024-05-13,169.14,164.26,169.28,164.0,31.33M,0.29%,169.14,31330000.0,167.698,153.6824,0.0029054254372959942,0.01199605336206912,63.0019120458891,4.523487785341871,175.91946358140925,150.5525364185908
2024-05-14,170.34,169.77,171.25,168.8,25.13M,0.71%,170.34,25130000.0,168.454,154.4222,0.00709471443774401,0.009176282214951365,63.29143941190421,4.467382171550042,176.37736943881632,151.68863056118366
2024-05-15,172.51,170.63,172.65,170.51,26.95M,1.27%,172.51,26950000.0,169.31900000000002,155.21900000000002,0.012739227427497779,0.009524047465944796,70.03154574132492,4.545619856795184,177.09231359730845,152.6776864026916
2024-05-16,174.18,173.29,175.12,172.69,27.87M,0.97%,174.18,27870000.0,170.075,156.0746,0.00968059822618983,0.0087921173065279,54.14036390642409,4.688334626069377,177.9240343744781,153.66296562552188
2024-05-17,176.06,174.18,176.26,173.69,24.48M,1.08%,176.06,24480000.0,170.957,156.9082,0.010793432081754428,0.009005964591793656,71.53411560191219,4.896691386884555,178.5291177476877,155.25488225231229
2024-05-20,176.92,176.19,178.77,176.08,22.55M,0.49%,176.92,22550000.0,171.839,157.7384,0.004884698398273324,0.00900648186035001,84.48780487804875,5.072735101062989,179.25539727528715,156.59260272471286
2024-05-21,177.85,176.9,178.15,175.81,16.99M,0.53%,177.85,16990000.0,172.499,158.542,0.005256613158489687,0.007656433554028117,84.37346437346434,5.227040175122312,180.1035644264999,157.70343557350006
2024-05-22,176.38,176.64,177.15,175.21,17.88M,-0.83%,176.38,17880000.0,173.19899999999998,159.2996,-0.008265392184425124,0.007115770130791784,75.60335781741865,5.1711020972471715,180.44155476186296,159.09044523813708
2024-05-23,173.55,177.07,178.25,172.95,21.02M,-1.60%,173.55,21020000.0,173.558,159.9748,-0.016044903050232318,0.009559215731982346,64.83309826046076,4.842591043672655,179.2367807900527,162.05021920994733
2024-05-24,174.99,174.98,175.77,173.65,16.58M,0.83%,174.99,16579999.999999998,174.192,160.61260000000001,0.008297320656871277,0.009054952245757156,65.76659038901605,4.644896160744793,179.59124412637658,161.99975587362343
2024-05-28,176.4,174.45,177.27,174.37,20.57M,0.81%,176.4,20570000.0,174.91799999999998,161.317,0.008057603291616644,0.009148649992253663,62.80457483838889,4.5495523503512345,180.15834545860702,162.45765454139297
2024-05-29,175.9,175.43,176.84,174.72,23.39M,-0.28%,175.9,23390000.0,175.474,161.88139999999999,-0.0028344671201814275,0.009342296236533149,67.39594450373536,4.3831199934861615,180.06616189472058,163.86183810527942
2024-05-30,172.11,175.2,175.22,171.79,22.96M,-2.15%,172.11,22960000.0,175.43400000000003,162.38299999999998,-0.021546333143831697,0.011514305554019456,54.8974943052392,3.90043800456354,179.52540135098778,165.2275986490122
2024-05-31,172.5,171.86,173.06,169.44,37.64M,0.23%,172.5,37640000.0,175.266,162.8582,0.002265992679100437,0.0110382382859592,59.15359010936758,3.5089300302844038,179.2863739725671,166.0546260274329
2024-06-03,173.17,172.54,174.52,171.16,27.46M,0.39%,173.17,27460000.0,174.977,163.3696,0.003884057971014432,0.010423126516122337,59.500235737859526,3.2156525002334035,179.06975899640955,166.86424100359042
2024-06-04,173.79,173.28,173.85,171.89,26.88M,0.36%,173.79,26880000.0,174.664,163.83,0.003580296818155526,0.010340730808708688,58.36160930683471,2.998689734521264,178.9135296714019,167.58947032859808
2024-06-05,175.41,175.2,176.65,173.93,22.07M,0.93%,175.41,22070000.0,174.42000000000002,164.3368,0.009321595028482621,0.010719084811228368,57.22111553784863,2.9237623285129644,179.11758401640316,167.80141598359683
2024-06-06,176.73,175.9,177.15,175.75,23.25M,0.75%,176.73,23250000.0,174.455,164.858,0.007525226611937663,0.010746680187705875,56.46224024328432,2.937038436870978,179.32185539293866,168.33214460706134
2024-06-07,174.46,177.05,177.87,174.3,19.66M,-1.28%,174.46,19660000.0,174.546,165.3298,-0.012844451988909489,0.010243331946378866,46.02385685884692,2.7328868016885224,179.24011029382424,168.86388970617574
2024-06-10,175.01,174.97,177.06,172.76,23.78M,0.32%,175.01,23780000.0,174.548,165.8114,0.0031525851197982124,0.009936750609571384,45.179202423018666,2.585669574104685,178.90215412938073,169.83784587061928
2024-06-11,176.62,176.22,176.84,173.77,21.54M,0.92%,176.62,21540000.0,174.57,166.23399999999998,0.00919947431575352,0.010044886558097852,46.998535871156676,2.5692951698825652,178.65024547155448,170.83775452844546
2024-06-12,177.79,178.25,180.41,176.11,27.86M,0.66%,177.79,27860000.0,174.759,166.6986,0.00662439134865811,0.01017499951461728,53.49182763744429,2.6205198370033145,178.65833583081707,171.57466416918294
2024-06-13,175.16,176.11,176.74,174.88,20.91M,-1.48%,175.16,20910000.0,175.06400000000002,167.1034,-0.014792732999606262,0.008606954796201948,54.02701350675335,2.4209890794824958,178.5717692952267,171.9262307047733
2024-06-14,176.79,174.22,177.06,174.15,18.06M,0.93%,176.79,18060000.0,175.493,167.6286,0.009305777574788676,0.008931830623125529,54.45986124876113,2.3671004337954287,178.73038660692342,172.0286133930766
2024-06-17,177.24,175.46,178.36,174.81,19.62M,0.25%,177.24,19620000.0,175.9,168.1234,0.002545392838961602,0.008918731254596989,52.18522372528617,2.3338019172736892,178.88015978927174,171.99684021072827
2024-06-18,175.09,177.14,177.38,174.1,21.87M,-1.21%,175.09,21870000.0,176.03,168.5282,-0.012130444594899648,0.009998612041201657,48.05941542884523,2.1096073311980206,178.71942751860558,171.97457248139443
2024-06-20,176.3,175.37,177.29,174.99,20.16M,0.69%,176.3,20160000.0,176.119,168.9222,0.006910731623736455,0.009797094158551532,61.45434663750685,2.006439409558112,178.46640952736286,172.0725904726372
2024-06-21,179.63,177.0,180.85,176.61,58.58M,1.89%,179.63,58580000.0,176.409,169.39199999999997,0.0188882586500283,0.011247630783995025,66.79227508243054,2.1683854605860233,179.15387615391617,171.7101238460838
2024-06-24,179.22,180.16,180.89,178.67,18.30M,-0.23%,179.22,18300000.0,176.885,169.7882,-0.0022824695206813406,0.01017646578523144,64.42536957558421,2.2378487716696043,179.68905190436308,171.7419480956369
2024-06-25,184.03,179.62,184.29,179.42,23.24M,2.68%,184.03,23240000.0,177.78699999999998,170.31419999999997,0.026838522486329675,0.012720984358595283,70.34976152623216,2.650472747342832,181.58708971061483,170.74791028938515
2024-06-26,183.88,182.63,184.51,182.48,19.84M,-0.08%,183.88,19840000.0,178.513,170.8946,-0.0008150844970928883,0.012757474925634933,67.87674124103,2.931583010364932,182.9675629675548,170.11543703244516
2024-06-27,185.41,184.18,186.05,184.02,18.85M,0.83%,185.41,18850000.0,179.275,171.5148,0.008320643898194424,0.01280581780497296,68.15899581589962,3.2404690225860975,184.5544799641754,169.47952003582458
2024-06-28,182.15,184.32,185.13,181.96,29.16M,-1.76%,182.15,29160000.0,179.974,172.04840000000002,-0.017582654657246066,0.013288769367129591,65.44797107271998,3.1854883310489868,185.01768170868974,170.02031829131022
2024-07-01,182.99,183.03,183.88,181.3,16.01M,0.46%,182.99,16010000.000000002,180.594,172.588,0.004611583859456481,0.013162828513276043,65.84590945194603,3.173118976356932,185.53149818655965,170.5555018134404
2024-07-02,185.24,182.05,185.57,181.56,17.37M,1.23%,185.24,17370000.0,181.394,173.21099999999998,0.012295753866331527,0.013439964406796564,66.69248644461659,3.306754165970233,186.42128175730193,170.87271824269806
2024-07-03,185.82,184.85,186.09,184.0,10.24M,0.31%,185.82,10240000.0,182.467,173.80180000000001,0.0031310732023319687,0.012145128324565673,65.91359492667459,3.4200380989610153,187.29720509361724,171.19979490638278
2024-07-05,190.6,185.85,190.86,185.8,20.97M,2.57%,190.6,20970000.0,183.897,174.44859999999997,0.025723818749327387,0.013659157733408757,78.19576333089847,3.8511290652762113,189.30201074828727,170.7139892517127
2024-07-08,189.03,189.9,190.17,187.78,21.04M,-0.82%,189.03,21040000.0,184.83700000000002,175.0466,-0.008237145855194083,0.013928158753374751,72.40117130307469,4.019748721901749,190.60598784510893,170.64001215489105
2024-07-09,188.98,190.31,191.36,188.72,15.14M,-0.03%,188.98,15140000.0,185.81300000000002,175.7062,-0.00026450827910917685,0.013821911385145276,71.80534918276372,4.102060433253342,191.55426778316547,171.1437322168345
2024-07-10,191.18,189.15,191.75,189.03,15.95M,1.16%,191.18,15950000.0,186.528,176.09079999999997,0.011641443538998875,0.011905760673007805,79.82944011865035,4.2953011138478985,192.8009341015238,171.5140658984762
2024-07-11,185.57,189.85,190.86,185.08,25.63M,-2.93%,185.57,25630000.0,186.69699999999997,176.4792,-0.02934407364787117,0.015903428610999987,64.77526299011791,3.9502298395120192,193.01823954850414,172.1917604514959
2024-07-12,185.07,185.08,187.11,184.49,22.90M,-0.27%,185.07,22900000.0,186.663,176.925,-0.002694401034650018,0.015722761177664614,59.530483531885054,3.5949719483427316,193.18056186825822,172.75743813174176
2024-07-15,186.53,184.92,188.24,184.92,16.47M,0.79%,186.53,16469999.999999998,187.101,177.3784,0.007888906900091808,0.014593436143055815,62.352145995268664,3.392134888898511,193.16801482472576,173.90698517527423
2024-07-16,183.92,187.36,188.68,183.37,18.29M,-1.40%,183.92,18290000.0,187.19400000000002,177.72439999999997,-0.013992387283546903,0.015451442241435366,49.799196787148574,2.9863550287767,192.98561649686695,174.80238350313306
2024-07-17,181.02,182.96,183.55,179.9,20.73M,-1.58%,181.02,20730000.0,186.772,178.0,-0.0157677250978685,0.015641514778998944,45.25547445255477,2.403064767669548,192.73891151816568,175.42708848183437
2024-07-18,177.69,181.93,182.5,176.47,25.32M,-1.84%,177.69,25320000.0,185.959,178.19179999999997,-0.018395757374875754,0.016295263778424926,37.91484032561053,1.6530445942361212,192.3635727276836,176.0624272723164
2024-07-19,177.66,178.88,180.29,177.13,18.88M,-0.02%,177.66,18880000.0,184.665,178.32,-0.0001688333614722204,0.012632086436864297,42.18042493904563,1.0441906738055309,192.17216734742388,176.38983265257613
2024-07-22,181.67,180.59,182.7,180.23,24.10M,2.26%,181.67,24100000.0,183.929,178.56580000000002,0.02257120342226715,0.015670339526500047,47.929736511919664,0.8751548025416298,192.0711647936632,176.69483520633682
2024-07-23,181.79,182.05,183.61,181.54,36.35M,0.07%,181.79,36350000.0,183.20999999999998,178.8024,0.0006605383387461305,0.01569658256042552,44.201680672268886,0.7423186663372121,191.91703498545766,177.10596501454236
2024-07-24,172.63,173.6,176.19,171.82,49.59M,-5.04%,172.63,49590000.0,181.355,178.88199999999998,-0.050387810110567144,0.02046573355821442,32.79415601356641,-0.10092695224275872,193.05989615397576,174.82310384602422
2024-07-25,167.28,172.52,173.42,167.19,44.85M,-3.10%,167.28,44850000.0,179.526,178.8448,-0.030991137114058986,0.02064488473600539,20.025706940874073,-1.187219936004908,194.888044529378,171.33495547062202
2024-07-26,167.0,167.15,168.09,164.06,41.34M,-0.17%,167.0,41340000.0,177.719,178.778,-0.0016738402678144748,0.02068819075517095,20.712576442435562,-2.047110792958108,195.92619627970058,168.45580372029943
2024-07-29,169.53,168.83,170.43,167.99,20.29M,1.51%,169.53,20290000.0,176.019,178.7184,0.015149700598802385,0.02149833751556387,25.742080319281655,-2.495662196064359,196.41686231660424,166.70313768339577
2024-07-30,170.29,170.24,171.23,168.44,18.96M,0.45%,170.29,18960000.0,174.656,178.64059999999998,0.004482982363003485,0.021841373118804058,22.97542043984474,-2.758023982588469,196.58825703844616,165.26174296155386
2024-07-31,171.54,173.24,174.24,170.01,25.73M,0.73%,171.54,25730000.0,173.708,178.55020000000002,0.007340419284749489,0.02208488448489438,29.542140565762608,-2.8324325163884225,196.30190786333714,164.17809213666288
2024-08-01,170.76,170.25,174.05,168.88,24.53M,-0.45%,170.76,24530000.0,173.01500000000001,178.42700000000002,-0.004547044421126301,0.021590048192668982,29.302863754700596,-2.9206735896916314,195.8565610975409,163.1174389024591
2024-08-02,166.66,166.44,168.51,164.67,29.13M,-2.40%,166.66,29130000.0,171.915,178.2032,-0.024010306863433972,0.02244915490584,23.3001881214727,-3.283589831286008,194.73895773373283,161.84104226626715
2024-08-05,159.25,155.5,164.43,154.93,53.63M,-4.45%,159.25,53630000.0,169.67299999999997,177.8606,-0.04446177847113886,0.02292619427671949,20.637943346822183,-4.121617201979177,194.50042360048187,159.1015763995181
2024-08-06,158.29,159.33,160.57,156.41,49.00M,-0.60%,158.29,49000000.0,167.323,177.55539999999996,-0.006028257456828889,0.022583434325205133,21.637135013725953,-4.80780255278458,193.8209198451286,156.71208015487142
2024-08-07,158.94,161.25,162.98,158.47,25.14M,0.41%,158.94,25140000.0,165.954,177.2344,0.004106387011181933,0.01898479237134302,24.926450922706607,-5.238770533583306,191.98830596200546,155.3206940379945
2024-08-08,162.03,160.51,163.69,160.21,25.58M,1.94%,162.03,25580000.0,165.429,176.947,0.019441298603246615,0.018915819327250883,30.679851668726826,-5.270226694795042,190.61181394084443,154.34318605915556
2024-08-09,163.67,160.01,163.79,159.06,28.60M,1.01%,163.67,28600000.0,165.096,176.7024,0.01012158242300809,0.01937137311544668,26.36554621848738,-5.103986061045902,188.9283529893248,153.8866470106752
2024-08-12,162.29,164.35,164.9,161.84,15.90M,-0.84%,162.29,15900000.0,164.37199999999999,176.50599999999997,-0.008431600171075915,0.018488491008789885,25.216065073716308,-5.025660937042488,186.6317647504602,153.75923524953976
2024-08-13,164.16,163.41,164.73,162.97,18.55M,1.15%,164.16,18550000.0,163.759,176.33919999999998,0.011522583030377787,0.018983177556066582,36.78627145085803,-4.757848820663213,184.5063391372426,153.90866086275736
2024-08-14,160.37,162.4,163.22,157.71,40.59M,-2.31%,160.37,40590000.0,162.642,176.0832,-0.023087231968810906,0.01948541989424632,38.66841587405706,-4.79614019591412,182.89343741705832,153.45656258294164
2024-08-15,161.3,160.5,161.63,159.61,31.52M,0.58%,161.3,31520000.0,161.696,175.8334,0.005799089605287744,0.01987365165148722,40.84778420038537,-4.697295658621613,181.662676668036,153.048323331964
2024-08-16,162.96,161.47,165.06,161.13,24.21M,1.03%,162.96,24210000.0,161.326,175.58440000000002,0.010291382517048975,0.01927556795075783,39.14767096134787,-4.433901270046334,180.19009367967402,153.05090632032596
2024-08-19,166.67,165.28,166.69,164.26,22.42M,2.28%,166.67,22420000.0,162.068,175.3832,0.022766323024054902,0.013792521673836745,44.55147501505116,-3.8810549397375382,177.4499818082349,154.2910181917651
2024-08-20,167.18,166.9,168.64,166.82,18.34M,0.31%,167.18,18340000.0,162.957,175.2376,0.003059938801224016,0.013301393573270181,43.2881773399015,-3.3630009209515777,174.0194570720633,156.26054292793668
2024-08-21,165.85,165.15,166.85,164.67,22.90M,-0.80%,165.85,22900000.0,163.648,175.0544,-0.007955497069027428,0.013977464738082339,42.56736300333031,-3.024890211977379,172.9653406927472,156.63665930725278
2024-08-22,163.8,167.26,167.59,163.31,22.49M,-1.24%,163.8,22490000.0,163.825,174.79800000000003,-0.012360566777208204,0.013779464692029727,45.38411878631377,-2.8890497395676675,172.71687957752326,156.53712042247676
2024-08-23,165.62,164.72,166.18,163.83,13.96M,1.11%,165.62,13960000.0,164.02,174.5546,0.011111111111111072,0.013854219670515684,62.544308782985446,-2.6045131900778244,172.58596323385274,156.53003676614725
2024-08-26,166.16,166.38,167.55,164.46,14.19M,0.33%,166.16,14190000.0,164.407,174.3746,0.0032604757879481916,0.013431260334526353,65.75891069283142,-2.3088277089666462,172.11378426252574,156.66521573747426
2024-08-27,164.68,165.84,166.44,164.46,11.82M,-0.89%,164.68,11820000.0,164.459,174.1324,-0.008907077515647455,0.013450095514857265,61.124031007751974,-2.1689165461705215,171.32158519970756,156.8964148002924
2024-08-28,162.85,165.04,165.6,161.53,16.41M,-1.11%,162.85,16410000.0,164.70700000000002,173.84459999999999,-0.01111246052951187,0.011521697433319747,51.67074164629176,-2.1805654465875364,169.99391194798267,157.35508805201732
2024-08-29,161.78,164.31,165.97,160.25,19.70M,-0.66%,161.78,19700000.0,164.755,173.5784,-0.006570463616825228,0.011683094025766224,46.05757196495622,-2.2501984546454423,168.635897300315,157.815102699685
2024-08-30,163.38,162.62,163.66,161.69,22.12M,0.99%,163.38,22120000.0,164.797,173.32,0.009889974038818083,0.011645803995214208,52.25299710624226,-2.151475615321658,168.22685126434772,157.89614873565228
2024-09-03,157.36,161.72,161.85,156.48,38.95M,-3.68%,157.36,38950000.0,163.866,172.87460000000002,-0.036846615252784765,0.013914640118218859,38.002822865208195,-2.5298383410329564,168.48319663020152,157.4508033697985
2024-09-04,156.45,156.65,159.0,155.96,19.35M,-0.58%,156.45,19350000.0,162.79299999999998,172.4192,-0.0057829181494662985,0.013576988781104037,42.30164964650428,-2.8700389000257758,168.76813070223062,156.98186929776938
2024-09-05,157.24,156.3,159.45,155.98,18.69M,0.50%,157.24,18690000.0,161.93200000000002,171.8834,0.005049536593160875,0.01403996133112368,41.982622432859394,-3.0408508604899396,168.96443285270163,156.6155671472984
2024-09-06,150.92,157.3,157.83,150.55,37.91M,-4.02%,150.92,37910000.0,160.644,171.2242,-0.04019333502925482,0.017852421814329004,29.91994663108737,-3.644183868141482,170.38098642376107,154.08801357623892
2024-09-09,148.71,152.51,153.4,147.21,39.26M,-1.46%,148.71,39260000.0,158.953,170.49020000000002,-0.01464351974556044,0.0166012989599783,18.46910112359555,-4.251647804413835,171.59013410388354,151.38286589611647
2024-09-10,148.66,150.45,151.27,148.34,31.12M,-0.03%,148.66,31120000.0,157.203,169.8204,-0.0003362248671912038,0.016304294269229906,16.95217701641684,-4.683117864975799,172.40791161280805,149.20208838719196
2024-09-11,151.16,149.92,151.5,147.52,29.61M,1.68%,151.16,29610000.0,155.851,169.18380000000002,0.01681689761872729,0.018537899965127582,24.837273038711885,-4.7683651447325985,172.40503458641334,147.90496541358667
2024-09-12,154.69,153.8,154.82,152.65,29.70M,2.34%,154.69,29700000.0,155.035,168.57280000000003,0.023352738819793606,0.02101087145808063,35.14835343984349,-4.499218538904103,172.3610615648859,147.38093843511413
2024-09-13,157.46,155.43,158.38,155.21,29.59M,1.79%,157.46,29590000.0,154.603,168.0056,0.017906781304544594,0.022190708269659323,37.09677419354841,-4.0161068843216015,172.19460188429704,147.16339811570296
2024-09-16,158.06,157.31,158.25,156.6,18.38M,0.38%,158.06,18380000.0,154.071,167.35479999999998,0.003810491553410289,0.021895514525886235,37.215909090909115,-3.5439697545567412,171.87076282131284,146.99723717868716
2024-09-17,159.32,159.02,160.55,158.38,20.72M,0.80%,159.32,20720000.0,154.267,166.7606,0.00797165633303809,0.018548441569638842,41.48124602670057,-3.0331618066833244,171.02827468790133,147.10472531209865
2024-09-18,159.81,159.86,160.5,158.6,23.68M,0.31%,159.81,23680000.0,154.603,166.1772,0.0030755711775043437,0.01837828719123346,44.95351925630813,-2.5593018839143156,170.0456853192698,147.3503146807302
2024-09-19,162.14,163.71,163.79,161.34,26.59M,1.46%,162.14,26590000.0,155.093,165.5964,0.014579813528565078,0.01878050179932881,50.57361376673038,-1.973009330361208,169.48294234582482,147.54205765417515
2024-09-20,163.59,163.5,163.73,162.06,40.90M,0.89%,163.59,40900000.0,156.35999999999999,165.1568,0.00894288886147776,0.010952309794224388,50.33621517771375,-1.3755093601374142,169.45151592296563,147.5524840770344
2024-09-23,161.85,164.35,165.49,161.67,24.15M,-1.06%,161.85,24150000.0,157.674,164.6924,-0.010636346964973509,0.010062983388954654,58.33024118738398,-1.0305107012995336,168.86980572341602,147.757194276584
2024-09-24,162.29,163.03,163.22,160.69,23.33M,0.27%,162.29,23330000.0,159.03699999999998,164.20759999999999,0.002718566573988168,0.009806402514559436,61.02719033232627,-0.7133691799730002,168.20192963985903,148.03807036014092
2024-09-25,161.49,161.47,162.81,161.3,18.87M,-0.49%,161.49,18870000.0,160.07,163.759,-0.0049294472857229765,0.01024570917188762,58.021895054737634,-0.5205845785921213,167.70059288834534,148.22040711165465
2024-09-26,162.73,163.64,164.08,162.28,20.32M,0.77%,162.73,20320000.0,160.874,163.3932,0.007678494024397686,0.00845377458541659,77.58056982718361,-0.2646925452755795,167.68205061937704,148.22694938062295
2024-09-27,163.95,162.81,165.7,162.63,21.10M,0.75%,163.95,21100000.0,161.523,163.1184,0.007497081054507415,0.00725977924760916,87.3163565132223,0.036131042596622365,168.01600557620213,148.10999442379784
2024-09-30,165.85,163.32,166.15,163.26,20.48M,1.16%,165.85,20480000.0,162.302,162.88219999999998,0.011588899054589819,0.007635749595761976,88.59452177817695,0.4229742405865977,168.4730047513677,147.89999524863228
2024-10-01,166.99,167.68,169.16,164.58,28.34M,0.69%,166.99,28340000.0,163.06900000000002,162.5886,0.006873681037081747,0.007593632000983492,87.85270205643236,0.8121764698882714,169.66837817531328,147.66762182468673
2024-10-02,165.86,166.42,167.52,164.73,17.76M,-0.68%,165.86,17760000.0,163.67399999999998,162.27,-0.006766872267800483,0.008425479754844869,80.17287952458136,1.017708968972073,170.53718371901866,147.73981628098127
2024-10-03,165.86,164.41,166.64,163.92,15.07M,0.00%,165.86,15070000.0,164.046,162.13459999999998,0.0,0.007561270234573533,76.68360864040666,1.1671408817132658,171.31259647140593,147.82640352859408
2024-10-04,167.06,168.06,168.23,165.48,19.09M,0.72%,167.06,19090000.0,164.39299999999997,162.1302,0.007235017484625628,0.007412292490455104,77.53977968176258,1.3666429115621952,171.83163219845633,148.92136780154365
2024-10-07,162.98,167.72,168.48,162.75,22.46M,-2.44%,162.98,22460000.0,164.506,162.0498,-0.02442236322279423,0.010632282227465862,59.55114822546972,1.181903557038538,171.18204585173797,150.99795414826198
2024-10-08,164.38,163.94,164.73,162.87,23.07M,0.86%,164.38,23070000.0,164.715,161.9468,0.008590011044300017,0.01091168385310119,61.3851519681116,1.1353766717902545,170.18259699781476,153.56940300218525
2024-10-09,161.86,163.45,164.84,159.74,31.18M,-1.53%,161.86,31180000.0,164.752,161.7782,-0.015330332157196591,0.012015010598045986,49.30898321816394,0.8849595774015597,169.01547981934254,155.80652018065746
2024-10-10,162.08,160.87,163.07,160.4,14.14M,0.14%,162.08,14140000.0,164.68699999999998,161.589,0.0013591993080439568,0.011746675351008845,46.0325801366264,0.6962286963003805,168.30472597577887,157.25627402422117
2024-10-11,163.24,162.13,163.9,161.24,15.34M,0.72%,163.24,15340000.0,164.61599999999999,161.4386,0.007156959526159801,0.011721936155376448,53.76693766937674,0.6329640037419324,167.99396299502428,158.14503700497573
2024-10-14,164.96,163.64,166.23,163.4,19.02M,1.05%,164.96,19020000.0,164.527,161.40460000000002,0.010536633178142685,0.011606795970048128,56.76634566649777,0.713392361381409,167.79838184146064,159.03061815853937
2024-10-15,165.46,165.79,167.68,164.63,20.25M,0.30%,165.46,20250000.0,164.374,161.52880000000002,0.0030310378273521454,0.011398138870980698,60.216160576428216,0.8081622443025935,167.74306437221722,159.69993562778276
2024-10-16,165.16,164.53,165.8,163.74,16.41M,-0.18%,165.16,16410000.0,164.30400000000003,161.6662,-0.0018131270397679922,0.011219190353511677,56.57111952406708,0.8492707024966251,167.60650073653528,160.37149926346473
2024-10-17,162.93,165.73,166.37,162.76,21.45M,-1.35%,162.93,21450000.0,164.01100000000002,161.746,-0.013502058609832779,0.011958408520727602,47.38461538461543,0.6939081474919817,167.5775978838797,160.47940211612033
2024-10-18,163.42,163.19,164.71,163.08,19.76M,0.30%,163.42,19760000.0,163.647,161.77380000000002,0.0030074265021786672,0.0116782581789854,43.283582089552205,0.6033658819186485,167.57433019819211,160.4656698018079
2024-10-21,164.07,162.95,164.5,162.62,20.95M,0.40%,164.07,20950000.0,163.756,161.7818,0.003977481336433719,0.008740862802418663,41.70454545454539,0.5774040968464362,167.53549176976705,160.72650823023295
2024-10-22,165.14,162.98,165.77,162.98,16.57M,0.65%,165.14,16570000.0,163.832,161.83880000000002,0.006521606631315846,0.008555963585985097,47.94754846066127,0.6358396886349169,167.59100873554405,160.95599126445597
2024-10-23,162.78,164.76,165.82,161.93,18.28M,-1.43%,162.78,18280000.0,163.924,161.8112,-0.014290904686932171,0.008346093497600408,42.26130653266327,0.4861144150944199,167.4727733905995,161.20322660940047
2024-10-24,162.72,162.83,163.33,161.01,22.41M,-0.04%,162.72,22410000.0,163.988,161.8582,-0.00036859565057134613,0.008346478400819238,38.4328358208955,0.3584821989006741,167.47335630039493,161.20164369960509
2024-10-25,165.27,163.67,165.59,163.42,19.83M,1.57%,165.27,19830000.0,164.19099999999997,161.9376,0.015671091445427887,0.00946829386100108,56.645385954730195,0.45781898451639336,167.5605090775406,161.24649092245943
2024-10-28,166.72,168.75,168.75,163.95,32.14M,0.88%,166.72,32140000.0,164.36700000000002,162.0128,0.008773522115326449,0.009291475706800873,56.770833333333364,0.6460991557592877,167.71012152779315,161.18387847220686
2024-10-29,169.68,167.73,170.38,167.09,42.17M,1.78%,169.68,42170000.0,164.78900000000002,162.073,0.01775431861804222,0.010692269187798425,72.06546275395036,1.022374513220143,168.45131449302286,160.71168550697715
2024-10-30,174.46,180.68,182.02,174.06,68.89M,2.82%,174.46,68890000.0,165.719,162.2186,0.02817067421027808,0.013228827960094695,77.78276481149015,1.6868366934162964,170.87639386092212,159.1466061390779
2024-10-31,171.11,173.13,176.82,171.0,44.77M,-1.92%,171.11,44770000.0,166.53699999999998,162.3238,-0.019202109366043718,0.014227120144565708,66.08091540662039,1.9209670432176722,171.73814043619322,158.80985956380678
2024-11-01,171.29,170.07,172.32,168.88,31.80M,0.11%,171.29,31800000.0,167.324,162.4736,0.0010519548828238356,0.014270943782071185,63.802878325337986,2.0968701145068565,172.4528991976079,158.5181008023921
2024-11-04,169.24,169.93,170.73,168.01,21.49M,-1.20%,169.24,21490000.0,167.841,162.546,-0.011968007472706987,0.015232240978516456,57.720588235294144,2.047257191847308,172.85386682621893,158.7431331737811
2024-11-05,169.74,169.43,170.53,168.84,18.24M,0.30%,169.74,18240000.0,168.301,162.61759999999998,0.0029543843063106756,0.015187810346642372,59.27876823338741,2.024942141993307,173.29994942100194,158.83305057899804
2024-11-06,176.51,173.8,176.94,173.5,33.70M,3.99%,176.51,33700000.0,169.674,162.8542,0.039884529280075354,0.017825612836069215,73.23750855578375,2.524439557156171,175.12365178660923,158.47434821339078
2024-11-07,180.75,177.41,181.08,177.19,25.35M,2.40%,180.75,25350000.0,171.477,163.2122,0.024021301909240345,0.01817708437434082,76.28146800121328,3.225248762116763,177.82790984803847,157.63709015196156
2024-11-08,178.35,180.65,180.9,178.08,22.01M,-1.33%,178.35,22010000.0,172.78500000000003,163.5436,-0.01327800829875525,0.019552584802886894,70.5645161290323,3.5461078399392534,179.3966187074777,157.5793812925223
2024-11-11,180.35,178.58,180.54,178.47,17.45M,1.12%,180.35,17450000.0,174.148,163.88299999999998,0.011213905242500655,0.019581068712053458,71.3323983169706,3.916625831510288,181.2369383050763,157.27806169492368
2024-11-12,181.62,179.82,182.49,179.39,25.13M,0.70%,181.62,25130000.0,175.342,164.3682,0.007041863044080943,0.019282553116239023,77.25694444444447,4.263594333948987,183.09995712837488,157.03104287162515
2024-11-13,178.88,180.46,180.96,178.54,23.18M,-1.51%,178.88,23180000.0,175.784,164.8168,-0.015086444224204465,0.01884999262473101,71.69709989258862,4.268272285045441,184.1383014732449,157.3646985267551
2024-11-14,175.58,178.28,178.82,174.32,31.01M,-1.84%,175.58,31010000.0,176.231,165.1836,-0.018448121645796012,0.018754078339554635,63.56936035798896,3.9600482035962443,184.40518177189387,158.3628182281061
2024-11-15,172.49,173.73,174.14,171.22,32.50M,-1.76%,172.49,32500000.0,176.351,165.615,-0.017598815354823993,0.019836623591842305,57.2798385061822,3.4269376189440663,184.31107438325498,159.36392561674504
2024-11-18,175.3,173.42,175.44,172.9,20.21M,1.63%,175.3,20210000.0,176.95700000000002,166.1468,0.016290799466635697,0.01981679574752842,57.117527862208725,3.1943645099551077,184.40252562242767,160.39547437757238
2024-11-19,178.12,173.72,178.87,173.56,23.43M,1.61%,178.12,23430000.0,177.79500000000002,166.736,0.01608670849971472,0.020193479289486106,54.8773987206823,3.200703361773378,184.7999514168974,161.29604858310262
2024-11-20,175.98,177.34,177.68,173.78,19.00M,-1.20%,175.98,19000000.0,177.74200000000002,167.2324,-0.012014372333258527,0.01658152928280423,56.706141558799196,2.998482195969757,184.4731241956245,162.94287580437555
2024-11-21,167.63,173.9,174.13,163.7,59.73M,-4.74%,167.63,59730000.0,176.43,167.4912,-0.04744857370155697,0.020035403812737322,45.885791366906474,2.1397792062835492,183.85265525369172,164.05434474630826
2024-11-22,164.76,165.85,166.46,163.9,38.60M,-1.71%,164.76,38600000.0,175.071,167.6372,-0.0171210403865657,0.020198489314296155,45.05518763796908,1.2136753915004874,183.92349709144642,163.93250290855357
2024-11-25,167.65,166.09,168.63,165.61,33.14M,1.75%,167.65,33140000.0,173.801,167.829,0.017540665210002526,0.0209424335845305,47.808764940239044,0.7048057315821552,183.83657082982484,164.11242917017518
2024-11-26,169.12,167.63,169.82,167.58,20.49M,0.88%,169.12,20490000.0,172.551,168.025,0.008768267223381976,0.02107841839510044,41.28332153809863,0.4153516592064648,183.86293882385297,164.030061176147
2024-11-27,169.23,169.0,169.48,168.02,19.27M,0.07%,169.23,19270000.0,171.586,168.2134,0.0006504257332071717,0.0209868238824913,34.94511238891792,0.19261297960488832,183.81789484276769,163.55210515723232
2024-11-29,168.95,168.5,169.43,167.16,14.26M,-0.17%,168.95,14260000.0,170.923,168.34959999999998,-0.0016545529752407528,0.020486370620098067,36.99501936912008,-0.006428583953066891,183.87022945588168,163.2837705441183
2024-12-02,171.49,168.76,172.07,168.57,23.79M,1.50%,171.49,23790000.0,170.823,168.50760000000002,0.01503403373779233,0.020616226086860097,37.92257360959654,0.040321513931161235,183.87125899896276,163.30274100103728
2024-12-03,171.34,171.49,172.68,170.85,22.25M,-0.09%,171.34,22250000.0,170.427,168.69740000000002,-0.0008746865706455997,0.01977060263896353,35.54555680539934,0.06452376710052476,183.83124652032149,163.55275347967853
2024-12-04,174.37,171.15,174.91,171.06,31.62M,1.77%,174.37,31620000.0,170.052,168.93900000000002,0.017684136804015482,0.019939635756230274,43.70990237099026,0.3244597344884994,183.89282194283297,163.95417805716707
2024-12-05,172.64,175.36,176.06,172.33,21.36M,-0.99%,172.64,21360000.0,169.71800000000002,169.16199999999998,-0.009921431438894457,0.01983288189686996,45.711785297549554,0.3864100253538538,183.63798295899022,163.82201704100976
2024-12-06,174.71,172.03,175.08,171.86,21.46M,1.20%,174.71,21460000.0,170.42600000000002,169.4016,0.01199026876737741,0.011950626720521983,53.33734215273601,0.5956712501018728,182.78810031434435,164.06789968565565
2024-12-09,175.37,173.96,176.26,173.65,25.39M,0.38%,175.37,25390000.0,171.487,169.63,0.0037776887413427662,0.009350410515901016,50.112504018000635,0.8054836484075452,182.40104709249778,164.15695290750222
2024-12-10,185.17,182.85,186.36,181.05,54.81M,5.59%,185.17,54810000.0,173.239,170.0164,0.05588184980327293,0.01817175458207073,59.25439747965341,1.742453662482859,183.62982846436077,163.41017153563925
2024-12-11,195.4,185.31,195.61,184.85,67.89M,5.52%,195.4,67890000.0,175.867,170.58460000000002,0.055246530215477874,0.02306802363277304,71.02641836292767,3.272758332627518,187.890497147987,160.52750285201301
2024-12-12,191.96,195.0,195.18,191.71,34.82M,-1.76%,191.96,34820000.0,178.14000000000001,171.1066,-0.017604912998976485,0.024955666212931063,79.47661739762536,4.160002637354779,190.58322780067488,159.14277219932512
2024-12-13,189.82,191.01,192.73,189.64,25.14M,-1.11%,189.82,25140000.0,180.227,171.58579999999998,-0.01114815586580542,0.02574143798214262,80.90774543660577,4.637017375960454,192.66242412295486,158.48757587704512
2024-12-16,196.66,192.87,199.0,192.62,44.93M,3.60%,196.66,44930000.0,182.744,172.1778,0.03603413760404606,0.02684865874475238,82.60283209710042,5.5035443948000875,196.21085919426517,157.35614080573484
2024-12-17,195.42,197.25,201.42,194.98,43.50M,-0.63%,195.42,43500000.0,185.152,172.82659999999998,-0.0063052984846944105,0.027237456156585363,79.71079981924981,6.020811496229442,198.90389267169613,156.67510732830388
2024-12-18,188.4,195.22,197.0,187.74,34.17M,-3.59%,188.4,34170000.0,186.555,173.30699999999996,-0.03592262818544667,0.03130750330276587,68.73167871799882,5.79746450736377,199.94567643982387,156.6613235601761
2024-12-19,188.51,191.63,193.03,188.38,32.27M,0.06%,188.51,32270000.000000004,188.142,173.84,0.0005838641188959937,0.030803971716369803,69.17647058823528,5.565184507456337,201.00998379098954,156.85001620901048
2024-12-20,191.41,185.78,192.89,185.22,63.46M,1.54%,191.41,63460000.0,189.812,174.4266,0.01538379926794331,0.030856121752703976,69.39252336448595,5.551116877814252,202.19796345774074,158.04003654225926
2024-12-23,194.63,192.62,195.1,190.15,25.68M,1.68%,194.63,25680000.0,191.738,175.05440000000002,0.016822527558643774,0.030858713596249095,71.39445158919712,5.733700736324693,203.3554595380553,159.86954046194472
2024-12-24,196.11,194.84,196.11,193.78,10.40M,0.76%,196.11,10400000.0,192.832,175.6774,0.007604172018702338,0.026508889432827278,70.55597579425113,5.929472127051383,204.65576288850906,161.41523711149097
2024-12-26,195.6,195.15,196.75,194.38,12.06M,-0.26%,195.6,12060000.0,192.852,176.2802,-0.0026005813064097216,0.020129141359801123,72.2222222222222,5.974598178167156,205.6320961348305,163.0869038651695
2024-12-27,192.76,194.95,195.32,190.65,18.89M,-1.45%,192.76,18890000.0,192.932,176.83219999999997,-0.01451942740286305,0.01984611058112531,67.21342742704556,5.715314050942567,205.86730580629995,165.20469419370005
2024-12-30,191.24,189.8,192.55,189.12,14.26M,-0.79%,191.24,14260000.0,193.074,177.3984,-0.007885453413571164,0.01965755801239266,64.89022330643648,5.32578587091254,205.54671234672284,167.7542876532772
2024-12-31,189.3,191.07,191.96,188.51,17.47M,-1.01%,189.3,17470000.0,192.33800000000002,177.91600000000003,-0.010144321271700507,0.015470052345209557,54.54545454545457,4.8051494236421775,205.05722874575144,170.02477125424855
2025-01-02,189.43,190.65,192.0,187.5,20.37M,0.07%,189.43,20370000.0,191.73899999999998,178.4232,0.0006867406233490581,0.015497119590929542,41.55108972544581,4.352854207989992,204.22103265427563,172.66996734572433
2025-01-03,191.79,191.37,193.21,189.98,18.60M,1.25%,191.79,18600000.0,192.078,178.9562,0.01245842791532481,0.010966379038136723,49.75182481751823,4.137148791647206,203.68029553269474,174.95270446730524
2025-01-06,196.87,193.98,198.22,193.85,29.56M,2.65%,196.87,29560000.0,192.91400000000002,179.63800000000003,0.026487303821888686,0.013421455560310127,59.47835439634312,4.326243992043658,202.92161907128036,178.13438092871962
2025-01-07,195.49,197.11,201.0,194.6,26.49M,-0.70%,195.49,26490000.0,193.322,180.2934,-0.007009701833697313,0.013257798061468085,48.15631894106526,4.315008106405031,201.64491143775132,181.4890885622487
2025-01-08,193.95,192.57,196.29,192.38,24.86M,-0.79%,193.95,24860000.0,193.25400000000002,180.86699999999996,-0.007877640800041052,0.012508477277042742,47.705276303465496,4.134182177697795,199.12139738627826,185.87060261372176
2025-01-10,192.04,194.29,196.52,190.31,26.67M,-0.98%,192.04,26670000.0,192.847,181.3734,-0.009847898943026512,0.0125037034364323,56.7607726597325,3.7930315819562566,198.50905479546083,187.16994520453915
2025-01-13,191.01,190.07,191.18,187.36,21.82M,-0.54%,191.01,21820000.0,192.388,181.8,-0.005363465944594914,0.012548274312487824,54.48994252873563,3.4003576783757694,198.21154625067797,187.02845374932204
2025-01-14,189.66,191.24,191.98,188.31,17.17M,-0.71%,189.66,17170000.0,192.078,182.104,-0.007067692790953317,0.01194905553902272,46.67173830353747,2.946264361571963,198.24630188791775,186.76369811208224
2025-01-15,195.55,193.09,196.36,191.86,21.78M,3.11%,195.55,21780000.0,192.50900000000001,182.59279999999998,0.031055573130865932,0.015480670951907,51.58839779005526,3.0267751320353966,198.54051831435015,187.04248168564988
2025-01-16,192.91,194.14,195.48,192.81,17.82M,-1.35%,192.91,17820000.0,192.86999999999998,183.0252,-0.01350038353362315,0.01581412341724214,44.68791500664008,2.844761916506343,198.05886513893762,187.14913486106235
2025-01-17,196.0,196.53,197.23,193.75,27.74M,1.60%,196.0,27740000.0,193.527,183.56039999999996,0.01601783214970709,0.016404552327202525,50.611620795107044,2.9162357571430846,198.15663381535217,187.1093661846478
2025-01-21,198.05,199.07,202.29,197.87,29.97M,1.05%,198.05,29970000.0,194.15300000000002,184.1266,0.010459183673469541,0.01629554141627727,58.28893763710439,3.1025330880448507,198.76666653069788,187.46433346930218
2025-01-22,198.37,199.06,200.48,197.53,26.20M,0.16%,198.37,26200000.0,194.303,184.5638,0.0016157535975762638,0.01412242004010852,61.608596548355564,3.238663098431772,199.28824526854618,187.9287547314538
2025-01-23,197.98,198.14,200.3,195.2,26.95M,-0.20%,197.98,26950000.0,194.552,184.9084,-0.0019660230881686225,0.013898898981517407,64.8834019204389,3.277298712285557,199.83706280071777,188.03693719928225
2025-01-24,200.21,198.1,200.9,198.0,23.88M,1.13%,200.21,23880000.0,195.178,185.34560000000002,0.011263764016567368,0.013804234231399485,67.24248240563017,3.4481123845381205,200.74793740903652,187.6840625909635
2025-01-27,191.81,192.41,196.88,190.73,41.73M,-4.20%,191.81,41730000.0,195.155,185.57479999999998,-0.04195594625643073,0.019677996753259357,50.02680965147455,2.872560562120185,200.55348574767365,187.44851425232636
2025-01-28,195.3,192.74,195.48,190.68,24.16M,1.82%,195.3,24160000.0,195.584,185.8484,0.018195088890047506,0.020355654442949695,47.80173620834502,2.6672984726232585,200.52443180939417,187.4475681906058
2025-01-29,195.41,195.55,196.79,193.43,18.22M,0.06%,195.41,18220000.0,196.15900000000002,186.179,0.0005632360471068409,0.020102262463624128,49.88385598141694,2.4848589612211356,200.65972562149943,187.5772743785006
2025-01-30,200.87,198.0,201.4,197.67,24.35M,2.79%,200.87,24350000.0,196.69099999999997,186.6848,0.027941251727137795,0.019641165317824946,59.01981230448384,2.7491600966043848,201.64723013895238,187.5527698610476
2025-01-31,204.02,202.0,205.48,201.8,32.04M,1.57%,204.02,32040000.0,197.802,187.3154,0.01568178423856237,0.019100196228463987,65.12626262626262,3.176186227214032,203.0916618367547,187.58033816324527
2025-02-03,201.23,200.69,203.75,200.1,27.84M,-1.37%,201.23,27840000.0,198.325,187.83399999999997,-0.0136751298892267,0.01963266469763207,62.35493230174079,3.251990902452775,203.58464190240338,188.2673580975966
2025-02-04,206.38,203.39,207.05,202.81,43.86M,2.56%,206.38,43860000.0,199.158,188.3992,0.025592605476320696,0.020834104685501717,68.5119574844995,3.685148515218714,205.36298613186466,187.94801386813538
2025-02-05,191.33,191.07,192.75,188.03,70.46M,-7.29%,191.33,70460000.0,198.454,188.7062,-0.07292373291985654,0.03216459002343839,46.115611192930785,2.7819512202038084,205.40392438132034,187.35307561867967
2025-02-06,191.6,189.5,192.1,188.72,29.30M,0.14%,191.6,29300000.0,197.816,189.18560000000002,0.0014111744107039303,0.03219586433953074,48.73917228103945,2.06415332558862,205.45438158527557,186.91361841472443
2025-02-07,185.34,191.05,191.18,183.24,49.31M,-3.27%,185.34,49310000.0,196.329,189.59720000000002,-0.03267223382045925,0.03305132989036597,40.33018867924529,0.978879723532998,206.18735032628678,185.31964967371323
2025-02-10,186.47,187.35,188.2,185.86,23.11M,0.61%,186.47,23110000.0,195.79500000000002,189.9736,0.0060969029891011495,0.030854350411081047,39.31734317343172,0.20758126353464945,206.60061671855533,184.34938328144466
2025-02-11,185.32,185.03,186.94,184.28,21.24M,-0.62%,185.32,21240000.0,194.797,190.2976,-0.006167211883949197,0.029999311685210635,38.142831182991095,-0.49081589188898533,207.0628109531463,183.31818904685366
2025-02-12,183.61,183.22,185.11,181.83,22.07M,-0.92%,183.61,22070000.0,193.61700000000002,190.58520000000001,-0.009227282538311954,0.029964021115224927,37.24933451641528,-1.1688100633247132,207.63007551464167,182.14592448535834
2025-02-13,186.14,184.32,186.28,183.14,21.40M,1.38%,186.14,21400000.0,192.144,190.929,0.013779205925603,0.028490865157220612,37.58164165931153,-1.4848589433575796,207.7384307008415,181.0965692991585
2025-02-14,185.23,185.05,186.4,184.32,20.45M,-0.49%,185.23,20450000.0,190.26500000000001,191.20379999999997,-0.004888793381325862,0.027375146485027577,43.30756712774612,-1.7881467104105866,207.96613986773474,180.10086013226527
2025-02-18,183.77,185.6,185.96,181.74,29.92M,-0.79%,183.77,29920000.0,188.519,191.45239999999998,-0.007882092533606722,0.02733277122542422,37.767876087417754,-2.1218548274987086,208.047545927725,178.796454072275
2025-02-19,185.27,184.07,185.46,183.59,19.55M,0.82%,185.27,19550000.0,186.408,191.6704,0.008162376884148559,0.02539053271633505,39.550700741962075,-2.239468254533591,207.67154466041086,177.89445533958917
2025-02-20,184.56,184.8,185.31,182.72,20.44M,-0.38%,184.56,20440000.0,185.731,191.9088,-0.00383224483186706,0.012749615260304487,31.36851724925745,-2.3627326973155505,207.1698023902888,177.0151976097112
2025-02-21,179.66,185.15,185.34,179.08,35.20M,-2.65%,179.66,35200000.0,184.53699999999998,192.00779999999997,-0.026549631556133546,0.014494167525248075,23.242530755711726,-2.8232648653377055,206.95734952018543,175.39565047981452
2025-02-24,179.25,181.99,183.12,178.88,29.85M,-0.23%,179.25,29850000.0,183.928,192.08540000000002,-0.0022820883891795374,0.011156069526213414,24.524802967083858,-3.184613260621859,206.16522400591523,174.0917759940847
2025-02-25,175.42,178.04,178.74,174.69,41.91M,-2.14%,175.42,41910000.0,182.823,191.8904,-0.021366806136680738,0.011944091554440059,12.984218077474807,-3.7369561542419376,206.6092548201436,172.0087451798564
2025-02-26,172.73,175.07,176.08,171.58,35.43M,-1.53%,172.73,35430000.0,181.56400000000002,191.43699999999998,-0.015334625470299845,0.012302611675667539,18.431771894093558,-4.3417039352349605,206.73437770506578,169.6266222949342
2025-02-27,168.5,173.99,174.56,167.94,39.99M,-2.45%,168.5,39990000.0,180.053,190.96779999999998,-0.024489087014415545,0.013505421608218486,15.439856373429024,-5.103466966665536,207.0132545799814,166.65674542001855
2025-02-28,170.28,168.68,170.61,166.77,48.13M,1.06%,170.28,48130000.0,178.467,190.577,0.01056379821958453,0.012943477841128861,23.98064961990319,-5.500136384832956,205.64120205069267,164.96979794930732
2025-03-03,167.01,171.93,173.37,165.93,40.77M,-1.92%,167.01,40770000.0,176.645,189.984,-0.019203664552501776,0.013251994890650752,18.693693693693632,-6.009092351946066,203.35117524735594,163.55882475264403
2025-03-04,170.92,166.24,173.29,165.8,45.39M,2.34%,170.92,45390000.0,175.35999999999999,189.49400000000003,0.023411771750194488,0.017023924390285737,28.72340425531911,-6.027458510203388,200.72115563577594,163.15784436422408
2025-03-05,173.02,170.52,173.78,169.06,30.95M,1.23%,173.02,30950000.0,174.135,189.18640000000002,0.012286449801076627,0.017478411081833813,34.53111305872041,-5.805637597040857,195.5040154642379,165.0389845357621
2025-03-06,172.35,170.53,174.81,170.5,28.30M,-0.39%,172.35,28300000.0,172.91400000000002,188.8632,-0.0038723846954110686,0.01747768911012956,28.699413036762465,-5.619132464539831,194.00932169765727,164.6356783023427
2025-03-07,173.86,171.26,174.97,170.27,27.39M,0.88%,173.86,27390000.0,172.334,188.5122,0.008761241659414054,0.016561087558274783,32.75705186533219,-5.2885186716738986,192.10801946134598,164.762980538654
2025-03-10,165.87,168.26,168.46,163.69,43.60M,-4.60%,165.87,43600000.0,170.996,187.937,-0.045956516737605035,0.021367430575478363,27.341772151898766,-5.606601669608864,191.81998050598904,163.10401949401094
2025-03-11,164.04,164.91,166.75,161.37,39.59M,-1.10%,164.04,39590000.0,169.858,187.29559999999998,-0.011032736480376282,0.020867383951856076,23.3492342455436,-5.9379020050893985,191.23006466083922,161.45093533916076
2025-03-12,167.11,166.58,167.64,163.53,28.37M,1.87%,167.11,28370000.0,169.296,186.72580000000002,0.018714947573762686,0.0220098988876052,29.319744015169547,-5.8848991111771625,190.23441897044506,160.62558102955495
2025-03-13,162.76,166.04,166.13,162.11,31.76M,-2.60%,162.76,31760000.0,168.72199999999998,186.12580000000003,-0.02603075818323275,0.022181239499941333,29.707012487992372,-6.123316797015974,189.6944765655662,159.0805234344338
2025-03-14,165.49,163.27,166.49,162.45,32.00M,1.68%,165.49,32000000.0,168.243,185.6108,0.016773162939297315,0.022691506862964898,34.349408553230276,-6.022552114445062,188.09959686942827,158.6104031305717
2025-03-17,164.29,165.03,166.3,163.67,31.18M,-0.73%,164.29,31180000.0,167.971,185.11059999999998,-0.007251193425584779,0.022025644340812618,36.535204451971985,-5.9706988490183335,186.46426563900093,158.15173436099906
2025-03-18,160.67,163.68,164.25,156.72,42.07M,-2.20%,160.67,42070000.0,166.946,184.53539999999998,-0.022034207803274697,0.02099733385240834,35.73118788452442,-6.150805847911727,185.14009495438617,157.1659050456138
2025-03-19,163.89,161.76,165.87,161.0,34.28M,2.00%,163.89,34280000.0,166.03300000000002,183.97740000000002,0.02004107798593391,0.021871257374087665,44.41212121212122,-5.964954569575639,182.73220087059892,157.4357991294011
2025-03-20,162.8,161.57,164.89,160.96,28.14M,-0.67%,162.8,28140000.0,165.078,183.296,-0.006650802367441422,0.021870324859039565,40.77909270216968,-5.83831947037126,180.043437235556,157.948562764444
2025-03-21,163.99,161.21,164.24,160.89,36.63M,0.73%,163.99,36630000.0,164.091,182.666,0.007309582309582341,0.021769981044402795,46.07588357588361,-5.57764160665991,178.25220617099262,158.1727938290074
2025-03-24,167.68,167.07,168.32,165.14,30.88M,2.25%,167.68,30880000.0,164.272,182.1406,0.02250137203488012,0.01813341630446439,45.76581285938321,-5.015484971482522,176.22461274696343,159.0433872530366
2025-03-25,170.56,168.98,170.63,168.32,24.17M,1.72%,170.56,24170000.0,164.924,181.71099999999998,0.01717557251908386,0.018207063996916868,46.84938524590164,-4.288148747665701,175.30237994482945,159.47962005517059
2025-03-26,165.06,169.0,169.61,164.84,28.94M,-3.22%,165.06,28940000.0,164.719,181.192,-0.03224671669793622,0.02061998318894449,41.69136083884205,-4.108177076610758,174.56485090037842,159.45014909962157
2025-03-27,162.24,164.63,165.42,162.0,24.51M,-1.71%,162.24,24510000.0,164.66699999999997,180.6436,-0.017084696474009453,0.019583347655979112,37.1403275785746,-4.145314062802896,174.50584795294498,158.88315204705503
2025-03-28,154.33,160.49,161.82,153.63,48.67M,-4.88%,154.33,48670000.0,163.551,179.81920000000002,-0.048754930966469434,0.02380162173434762,37.20620842572065,-4.7581670968531,175.268136200274,156.52586379972598
2025-03-31,154.64,153.11,155.54,150.66,54.60M,0.20%,154.64,54600000.0,162.58599999999998,179.05380000000002,0.002008682692930641,0.023957388603968854,39.21523634694814,-5.159369136671899,175.89097384225323,154.66602615774678
2025-04-01,157.07,153.62,158.1,153.62,30.67M,1.57%,157.07,30670000.0,162.226,178.2752,0.015713916192447108,0.024084146635407287,38.309268747088936,-5.221058835827108,175.4529337175181,153.71906628248186
2025-04-02,157.04,155.15,158.41,154.7,25.04M,-0.02%,157.04,25040000.0,161.541,177.455,-0.00019099764436236732,0.022844881726015703,42.594510616261005,-5.212285137605988,174.38958578192322,153.18441421807674
2025-04-03,150.72,151.11,152.78,150.39,46.88M,-4.02%,150.72,46880000.0,160.333,176.502,-0.04024452368823228,0.02558061547785109,32.50414593698173,-5.6501714408503005,174.01920007882347,151.39179992117653
2025-04-04,145.6,148.01,151.07,145.38,62.26M,-3.40%,145.6,62260000.0,158.494,175.4544,-0.03397027600849256,0.026267982400947347,29.742033383914986,-6.3372883856616795,173.74234020188703,148.84265979811295
2025-04-07,146.75,141.55,152.85,140.53,76.79M,0.79%,146.75,76790000.0,156.401,174.3852,0.007898351648351731,0.024514552545404352,34.05863490609252,-6.711670169936582,174.16625476434774,146.50674523565226
2025-04-08,144.7,151.22,152.24,143.03,52.20M,-1.40%,144.7,52200000.0,153.815,173.44300000000004,-0.013969335604770095,0.022120728012420706,27.41821605083547,-7.092035725480315,174.72889619838114,144.0101038016189
2025-04-09,158.71,144.41,159.55,143.9,70.41M,9.68%,158.71,70410000.0,153.18,172.7112,0.09682100898410528,0.04112908260546076,46.309330445767905,-6.1916151695618,173.87083121618363,144.02816878381637
2025-04-10,152.82,156.54,157.72,149.93,48.02M,-3.71%,152.82,48020000.0,152.238,171.8594,-0.03711171318757489,0.0423509599827685,40.70870071535517,-5.885455301881336,173.50105142530003,143.40394857469994
2025-04-11,157.14,152.9,157.67,152.82,33.64M,2.83%,157.14,33640000.0,152.51899999999998,170.9848,0.028268551236749095,0.040509533559808894,41.32367467895949,-5.233900359375184,172.720401989011,143.34959801098898
2025-04-14,159.07,159.99,161.72,157.56,30.33M,1.23%,159.07,30330000.0,152.962,170.0858,0.012282041491663565,0.04062516185084541,40.39136979427997,-4.509817138216562,172.17409999964937,143.37390000035063
2025-04-15,156.31,159.13,159.65,155.21,27.55M,-1.74%,156.31,27550000.0,152.88600000000002,169.18740000000003,-0.017350851826239966,0.040869944344078764,42.331288343558285,-4.111292481887489,171.90341627207187,143.2085837279281
2025-04-16,153.33,153.1,155.89,151.51,28.19M,-1.91%,153.33,28190000.0,152.51500000000001,168.1264,-0.019064679163201315,0.04132547802377822,42.21289984268484,-3.9899265262805557,171.1697152238895,142.88628477611047
2025-04-17,151.16,154.29,154.68,148.5,33.05M,-1.42%,151.16,33049999.999999996,152.55900000000003,167.32299999999998,-0.014152481575686493,0.03939620097769091,46.92053623469981,-4.022475404066768,170.54554444952447,142.34645555047553
2025-04-21,147.67,148.88,148.95,146.1,26.05M,-2.31%,147.67,26050000.0,152.766,166.44439999999997,-0.02308811854988102,0.03846323120085017,43.62305580969809,-4.28054104445124,169.78013929631692,141.47986070368307
2025-04-22,151.47,148.89,152.19,148.54,26.97M,2.57%,151.47,26970000.0,153.238,165.767,0.02573305342994514,0.03917133395274257,45.00178507675832,-4.130814226582061,167.87839892190544,141.76060107809457
2025-04-23,155.35,155.61,157.52,153.81,31.13M,2.56%,155.35,31130000.0,154.30299999999997,165.1446,0.025615633458770715,0.03917213710927308,48.58860865207951,-3.65691641512808,164.82924536689262,143.28875463310737
2025-04-24,159.28,156.15,159.59,155.79,45.89M,2.53%,159.28,45890000.0,154.36,164.62380000000002,0.02529771483746379,0.0251203735081758,57.44606819763395,-2.930450421366345,163.56320709793647,143.97679290206355
2025-04-25,161.96,165.07,166.1,161.04,56.03M,1.68%,161.96,56030000.0,155.27399999999997,164.19079999999997,0.016825715720743428,0.021666269101311055,64.86191860465115,-2.114097287548873,163.4988957113386,144.0131042886614
2025-04-28,160.61,162.43,163.15,158.6,29.75M,-0.83%,160.61,29750000.0,155.621,163.6802,-0.008335391454680097,0.020556585348297362,62.54525706010137,-1.5581044073494468,164.28418002994485,143.85581997005514
2025-04-29,160.16,160.32,160.74,157.52,26.81M,-0.28%,160.16,26810000.0,155.73000000000002,163.1788,-0.0028018180686135707,0.020300778923079743,64.41088739746456,-1.1406387102433087,164.91710938757723,143.77489061242278
2025-04-30,158.8,157.98,159.27,155.4,34.98M,-0.85%,158.8,34980000.0,155.97899999999998,162.67940000000002,-0.00849150849150837,0.01959853121535209,50.10978287387168,-0.9090557428781949,165.12507464932986,143.73992535067015
2025-05-01,161.3,160.45,161.95,158.91,30.20M,1.57%,161.3,30200000.0,156.776,162.2,0.015743073047858935,0.018553387591693372,61.27659574468087,-0.5178262870464891,165.71969090545392,143.57130909454608
2025-05-02,164.03,163.4,164.97,161.87,25.72M,1.69%,164.03,25720000.0,158.063,161.7894,0.01692498450092983,0.017519131705752852,59.56678700361012,0.012371449426126446,166.97588730290107,143.64611269709889
2025-05-05,164.21,163.0,165.39,162.72,21.34M,0.11%,164.21,21340000.0,159.717,161.4804,0.0010973602389807713,0.014017458748859441,57.50145942790428,0.4419865255864579,167.60999436866783,144.87300563133218
2025-05-06,163.23,162.17,164.8,161.19,21.28M,-0.60%,163.23,21280000.0,160.893,161.16,-0.0059679678460509145,0.01383873531154595,60.65270935960587,0.6953660123150485,167.9144504221865,146.21654957781348
2025-05-07,151.38,164.08,165.0,147.84,127.75M,-7.26%,151.38,127750000.0,160.496,160.6792,-0.07259694909024073,0.027616823964307976,47.64207980652961,-0.059340840103459414,166.98305933218893,147.81594066781105
2025-05-08,154.28,155.0,155.93,152.9,57.50M,1.92%,154.28,57500000.0,159.996,160.3102,0.019157088122605304,0.026998058652172596,53.70722433460077,-0.41862010236749825,166.83849492030123,147.51750507969882
2025-05-09,152.75,154.17,155.05,152.2,32.44M,-0.99%,152.75,32439999.999999996,159.075,159.9952,-0.009917033964220945,0.026144130873797033,56.33100697906282,-0.8173873864505197,166.8416913408681,147.50730865913195
2025-05-12,158.46,157.49,159.1,156.25,44.14M,3.74%,158.46,44140000.0,158.85999999999999,159.7588,0.037381342062193124,0.02939223013714721,58.31548893647395,-0.6649983653024378,166.92470846967439,147.55629153032567
2025-05-13,159.53,158.79,160.57,156.16,42.38M,0.68%,159.53,42380000.0,158.797,159.6092,0.0067524927426478865,0.02948039803814749,55.32891381947986,-0.45267080325987763,166.96816686431174,147.55883313568825
2025-05-14,165.37,159.96,167.0,159.61,48.76M,3.66%,165.37,48760000.0,159.454,159.4982,0.036607534632984384,0.0314213493399419,57.40335521517141,0.18471028726642658,168.0586432676366,147.3743567323634
2025-05-15,163.96,165.84,166.21,162.37,33.15M,-0.85%,163.96,33150000.0,159.72,159.317,-0.008526334885408438,0.031395279336682624,52.50878073256398,0.5694993435218976,168.73257232518347,147.7634276748165
2025-05-16,166.19,167.73,169.35,165.62,42.85M,1.36%,166.19,42850000.0,159.936,159.19379999999998,0.013600878262990834,0.031237973664390104,56.84830633284239,1.0423739677274853,169.49952802000772,148.49947197999225
2025-05-19,166.54,164.51,166.64,164.22,30.43M,0.21%,166.54,30430000.0,160.169,159.0474,0.0021060232264276113,0.031237228904087644,57.849409448818896,1.4289011067178876,169.50595505968607,150.38004494031395
2025-05-20,163.98,166.43,168.5,162.9,46.61M,-1.54%,163.98,46610000.0,160.244,159.0096,-0.015371682478683812,0.031638031856150814,56.190248565965554,1.5112354622606006,169.4070358992309,151.7299641007691
2025-05-21,168.56,163.69,173.14,163.56,73.42M,2.79%,168.56,73420000.0,161.962,159.1,0.0279302353945603,0.019215325468331317,58.26502732240436,1.9238765047825268,170.39386172979172,152.06413827020825
2025-05-22,170.87,171.85,176.77,170.71,74.86M,1.37%,170.87,74860000.0,163.621,159.17520000000002,0.013704318936877069,0.01903375895029432,57.86206896551724,2.4095197545671567,171.87573350907283,151.7412664909272
2025-05-23,168.47,169.05,169.96,167.89,35.21M,-1.40%,168.47,35210000.0,165.19299999999998,159.2894,-0.014045765786855569,0.01956154357834344,54.65879265091862,2.5710975741469326,172.63354665687436,151.6344533431256
2025-05-27,172.9,170.16,173.17,170.0,38.00M,2.63%,172.9,38000000.0,166.637,159.4376,0.02629548287528949,0.01809760391252936,59.833231645312196,3.021779939069603,174.2621006988479,151.23489930115213
2025-05-28,172.36,173.16,175.26,171.91,34.78M,-0.31%,172.36,34780000.0,167.92,159.599,-0.003123192596876767,0.018493262757135743,77.70734284204967,3.297365496327302,175.5664599140493,151.1505400859507
2025-05-29,171.86,174.0,174.42,170.63,29.37M,-0.29%,171.86,29370000.0,168.56900000000002,159.8228,-0.0029009050823857185,0.01569095550577785,74.78849407783419,3.4358172520553865,176.584489051299,151.43851094870104
2025-05-30,171.74,171.35,172.21,167.44,52.64M,-0.07%,171.74,52640000.0,169.347,159.9798,-0.000698242755731382,0.015185553836726328,77.88546255506608,3.4955635877163616,177.49342247377226,151.57357752622775
2025-06-02,169.03,167.84,169.87,167.39,38.61M,-1.58%,169.03,38610000.0,169.631,160.1044,-0.015779666938395276,0.01609761954782466,67.02093397745571,3.2863555761947225,177.8945484144551,151.6724515855449
2025-06-03,166.18,167.49,168.48,165.28,45.08M,-1.69%,166.18,45080000.0,169.595,160.1482,-0.01686091226409514,0.017142552821701816,60.12793176972282,2.857644392510281,178.0045023287592,151.7594976712408
2025-06-04,168.05,166.74,168.21,166.36,26.90M,1.13%,168.05,26900000.0,170.002,160.1556,0.011252858346371353,0.016562285032214085,54.64310464310466,2.6383676030993115,178.2947066791655,151.95129332083448
2025-06-05,168.21,170.34,170.93,167.59,36.44M,0.10%,168.21,36440000.0,169.967,160.1086,0.0009520975900030315,0.01396773288138434,57.696486780152114,2.449266214209217,177.48649630911382,154.44250369088616
2025-06-06,173.68,170.83,174.5,170.83,35.73M,3.25%,173.68,35730000.0,170.24800000000002,160.281,0.03251887521550434,0.01697932881992239,62.139384116693684,2.7095512660564793,177.54508354463857,156.32391645536146
2025-06-09,176.09,174.54,176.47,174.37,28.94M,1.39%,176.09,28940000.0,171.01000000000002,160.55800000000002,0.013876093965914382,0.016376248336405153,64.5092676997873,3.0748509361242213,177.1645731978357,159.03842680216428
2025-06-10,178.6,176.2,181.1,174.91,61.77M,1.43%,178.6,61770000.0,171.58,161.0434,0.014254074620932533,0.014983380848220826,72.24589166159464,3.526241265252793,178.13641757767667,160.08058242232332
2025-06-11,177.35,179.77,180.37,176.75,31.65M,-0.70%,177.35,31650000.0,172.079,161.4976,-0.006998880179171385,0.015217692202682799,64.88316965797492,3.7399944716611913,178.5519720341304,161.44702796586964
2025-06-12,175.7,176.18,176.72,174.74,20.94M,-0.93%,175.7,20940000.0,172.46300000000002,161.8702,-0.009303636876233479,0.015621104663667921,58.36508486317974,3.733219981278495,179.1386834264936,161.89331657350644
2025-06-13,174.67,172.44,177.13,172.38,27.66M,-0.59%,174.67,27660000.0,172.756,162.22279999999998,-0.005862265224815033,0.01581615291172554,61.27272727272725,3.603203272502526,179.28116463471267,162.82183536528734
2025-06-16,176.77,174.73,176.94,174.65,27.39M,1.20%,176.77,27390000.0,173.53,162.74380000000002,0.012022671323066447,0.014792066578363275,57.68772348033373,3.627797551695096,179.85443236870734,163.30656763129267
2025-06-17,175.95,175.7,177.36,174.58,24.97M,-0.46%,175.95,24970000.0,174.507,163.3508,-0.004638796175821858,0.013247465027078074,57.053045186640404,3.540311046199861,180.18712839518852,163.91487160481145
2025-06-18,173.32,176.01,176.56,173.2,28.71M,-1.49%,173.32,28710000.0,175.034,163.8822,-0.014947428246660954,0.014575159954089536,52.6468455402465,3.2216214929349576,179.72240391630748,165.31359608369252
2025-06-20,166.64,173.95,174.34,165.46,75.66M,-3.85%,166.64,75660000.0,174.877,164.321,-0.03854142626355883,0.019698371844917,42.53075571177502,2.4023448173805377,179.89464654025753,164.94935345974247
2025-06-23,165.19,166.27,167.34,162.0,57.67M,-0.87%,165.19,57670000.0,174.028,164.4506,-0.008701392222755566,0.01590853373764418,44.160583941605836,1.6174147175315738,180.2623250083893,164.01367499161066
2025-06-24,166.77,166.92,168.22,166.13,40.52M,0.96%,166.77,40520000.0,173.096,164.7296,0.009564743628549088,0.015393716085250283,50.933248971844364,1.1100488020655348,180.3721449459313,163.7338550540687
2025-06-25,170.68,167.63,172.36,167.55,35.48M,2.34%,170.68,35480000.0,172.304,165.0004,0.023445463812436174,0.016893358923262287,53.907875185735506,1.0117985970472319,180.27279411137687,163.61120588862315
2025-06-26,173.54,172.43,173.69,169.94,31.80M,1.68%,173.54,31800000.0,171.923,165.28979999999999,0.01675650339817203,0.018112905981405115,57.331499312242066,1.1514396204995876,180.36092168181926,163.6410783181808
2025-06-27,178.53,173.54,178.68,171.73,108.14M,2.88%,178.53,108140000.0,172.206,165.7342,0.0287541777111906,0.020281073641106064,56.7605241148592,1.6457858397799043,181.18831743417655,163.48068256582343
2025-06-30,176.23,180.78,181.23,174.58,63.38M,-1.29%,176.23,63380000.0,172.36200000000002,166.1922,-0.012882988853414101,0.020692566753548563,50.195749440715865,1.8308629535775651,181.5755506299799,163.5424493700201
2025-07-01,175.84,175.74,176.09,173.53,35.90M,-0.22%,175.84,35900000.0,172.269,166.68580000000003,-0.002213017079952251,0.020343077058567628,45.89774078478005,1.923890744118978,181.86914113580332,163.92985886419672
2025-07-02,178.64,175.54,178.86,175.07,29.13M,1.59%,178.64,29130000.0,172.538,167.3052,0.015923566878980777,0.020892122514929987,51.83290707587382,2.1982129077156003,182.25474845945894,164.79025154054102
2025-07-03,179.53,178.5,179.67,177.05,21.69M,0.50%,179.53,21690000.0,173.15900000000002,167.86640000000003,0.0049820868786387695,0.02005994665295967,55.562009875108934,2.4590839714142305,182.82334973605114,165.3696502639489
2025-07-07,176.79,179.06,179.3,175.68,34.18M,-1.53%,176.79,34180000.0,174.174,168.2952,-0.01526207319111017,0.015428091382338265,52.93303818483675,2.4168708848941947,182.8690861909697,166.18191380903033
2025-07-08,174.36,177.85,177.95,172.81,40.44M,-1.37%,174.36,40440000.0,175.09099999999998,168.5968,-0.013745121330391852,0.016033989166584505,46.69591445023307,2.1624091118668787,182.89411639945953,166.22488360054044
2025-07-09,176.62,175.25,179.44,172.77,43.03M,1.30%,176.62,43030000.0,176.076,168.89,0.01296168846065604,0.016164365241545593,50.883671854392006,2.118686536282894,182.944442060817,166.22755793918301
2025-07-10,177.62,175.63,178.43,174.38,29.25M,0.57%,177.62,29250000.0,176.76999999999998,169.2302,0.005661872947571034,0.014948702155570169,55.92613009922824,2.1400584609816633,182.80738877720628,166.26661122279367
2025-07-11,180.19,176.79,181.43,176.48,34.28M,1.45%,180.19,34280000.0,177.435,169.63080000000002,0.014469091318545235,0.014749584008358688,71.0599937830277,2.3374289608341883,183.24499126287282,166.1130087371272
2025-07-14,181.56,181.01,183.67,179.68,32.54M,0.76%,181.56,32540000.0,177.738,170.086,0.007603085631832984,0.012054110747791454,75.50638828295422,2.5747143500538527,184.069434224742,165.87456577525802
2025-07-15,182.0,182.81,184.22,181.6,33.45M,0.24%,182.0,33450000.000000004,178.315,170.5,0.0024234412866270816,0.010906778163352334,74.6042003231018,2.7663799473051256,184.96019538621363,165.7168046137864
2025-07-16,182.97,183.24,184.33,182.03,33.10M,0.53%,182.97,33100000.0,179.028,170.8788,0.005329670329670355,0.010744259529133209,71.93859335951447,2.962398521250634,185.84663662029172,165.45036337970825
2025-07-17,183.58,182.14,184.06,180.48,31.99M,0.33%,183.58,31990000.0,179.522,171.2662,0.003333879871017187,0.009900890898912596,69.4875776397516,3.1308757684016655,186.82879525443406,165.231204745566
2025-07-18,185.06,185.4,186.42,183.71,34.01M,0.81%,185.06,34010000.0,180.075,171.70280000000002,0.00806188037912614,0.010024278467910968,64.6741573033708,3.3452567937376614,188.05306317980308,165.18093682019696
2025-07-21,190.1,186.25,190.29,186.15,45.80M,2.72%,190.1,45800000.0,181.406,172.47719999999998,0.027234410461471903,0.010384102194984913,77.75110044017613,3.877147833032353,189.7192122649808,165.86078773501924
2025-07-22,191.34,191.49,191.65,187.46,44.66M,0.65%,191.34,44660000.0,183.10399999999998,173.2184,0.006522882693319243,0.0073465055309857,79.99226006191954,4.348604939795649,190.94393295190645,167.25106704809355
2025-07-23,190.23,191.5,192.53,189.18,58.68M,-0.58%,190.23,58680000.0,184.46499999999997,173.968,-0.005801191596111699,0.008611571274051806,73.99585921325051,4.579876405894595,191.61256975448435,168.92843024551564
2025-07-24,192.17,197.03,197.95,191.0,74.88M,1.02%,192.17,74880000.0,185.92000000000002,174.64219999999997,0.010198181149135177,0.008624397869348146,75.07936507936506,4.8636375100359714,192.93066718882946,169.75933281117048
2025-07-25,193.18,191.98,194.33,191.26,39.79M,0.53%,193.18,39790000.0,187.219,175.3152,0.005255763126398527,0.008336427720402918,84.91691521090758,5.111101195502442,194.44435788466498,170.20964211533501
2025-07-28,192.58,193.65,194.05,190.84,38.14M,-0.31%,192.58,38140000.0,188.321,175.8594,-0.003105911585050136,0.008920069116768042,92.09796672828094,5.198873585021744,195.8298363031395,170.22916369686052
2025-07-29,195.75,192.43,195.92,192.08,41.39M,1.65%,195.75,41390000.0,189.696,176.4952,0.016460691660608484,0.009396064267286886,92.41685144124165,5.461272196924085,197.57642321258535,170.43457678741467
2025-07-30,196.53,195.6,197.6,194.68,32.45M,0.40%,196.53,32450000.000000004,191.052,177.102,0.003984674329502003,0.00943771615444008,92.34214061800266,5.666840656996612,199.1343527324651,170.9456472675349
2025-07-31,191.9,195.71,195.99,191.09,51.33M,-2.36%,191.9,51330000.0,191.88400000000001,177.6092,-0.023558744212079596,0.013586135910054097,74.00574005740057,5.393974457258565,199.77723491422634,171.62876508577367
2025-08-01,189.13,189.02,190.83,187.82,34.83M,-1.44%,189.13,34830000.0,192.291,178.1122,-0.0144346013548724,0.01474828598082614,64.67623109732452,4.89775194228136,200.02367096030216,172.34232903969783
2025-08-04,195.04,190.29,195.27,190.12,31.55M,3.12%,195.04,31550000.0,192.785,178.6418,0.031248347697351075,0.015536602125484276,70.85732565579012,4.924611773085189,200.73364075149772,173.45735924850226
2025-08-05,194.67,194.71,197.86,193.88,31.60M,-0.19%,194.67,31600000.0,193.118,179.1178,-0.0018970467596390872,0.015533175156890809,69.08023483365946,4.860019198665611,200.74387257410004,175.4781274259
2025-08-06,196.09,194.5,196.63,193.67,21.56M,0.73%,196.09,21560000.0,193.704,179.6702,0.007294395643910212,0.015369014595718251,69.8760724499523,4.867303999918988,200.9674138283668,177.20158617163318
2025-08-07,196.52,197.06,197.54,194.33,26.32M,0.22%,196.52,26320000.0,194.139,180.14260000000002,0.002192870620633336,0.015167961000285066,68.83629191321498,4.851845607739534,201.04822755094077,179.01077244905926
2025-08-08,201.42,197.22,202.61,197.17,39.16M,2.49%,201.42,39160000.0,194.963,180.7238,0.024933848972114703,0.016778630077793164,68.69220607661819,5.175325834861155,202.20856107292767,179.9734389270723
2025-08-11,201.0,200.93,201.48,199.07,25.83M,-0.21%,201.0,25830000.0,195.805,181.3066,-0.002085195114685634,0.0167315292969627,66.39511201629327,5.336282413547764,203.0706855447627,181.05531445523727
2025-08-12,203.34,201.37,204.5,200.59,30.42M,1.16%,203.34,30420000.0,196.56400000000002,181.9386,0.01164179104477614,0.01641236635927304,71.35874877810363,5.588242326609361,204.16764276892846,182.09235723107153
2025-08-13,201.96,204.13,204.53,197.51,28.34M,-0.68%,201.96,28340000.0,197.10700000000003,182.59720000000002,-0.006786662732369386,0.016758339369774878,66.24626617988719,5.6118776735766005,204.69629597815853,183.46270402184146
2025-08-14,202.94,201.5,204.44,201.23,25.23M,0.49%,202.94,25230000.0,198.21099999999998,183.3324,0.004852446028916546,0.013956947456595547,66.21262458471762,5.6446190118150525,205.15149790597488,184.94350209402515
2025-08-15,203.9,203.85,206.44,201.28,34.93M,0.47%,203.9,34930000.0,199.68800000000002,184.0494,0.004730462205577934,0.01207443526708058,68.5817465528562,5.68252611143987,205.67726216621793,186.30173783378206
2025-08-18,203.5,204.2,205.26,202.49,18.53M,-0.20%,203.5,18530000.0,200.53400000000002,184.7552,-0.0019617459538989745,0.009036047878598592,63.99422174070062,5.615558441784799,206.48475098111152,186.8342490188885
2025-08-19,201.57,203.03,203.44,199.96,24.24M,-0.95%,201.57,24240000.0,201.224,185.313,-0.009484029484029488,0.009891424855495915,58.73786407766988,5.345135812376583,206.89484134619858,187.4471586538014
2025-08-20,199.32,200.73,201.28,196.6,28.96M,-1.12%,199.32,28960000.0,201.547,185.77759999999998,-0.011162375353475196,0.010792469480311104,64.021164021164,4.892865822813121,206.818592315185,188.43240768481505
2025-08-21,199.75,199.74,202.48,199.43,19.77M,0.22%,199.75,19770000.0,201.86999999999998,186.20059999999998,0.0021573349387919993,0.010792290308698776,72.01492537313433,4.517066078023362,206.8697449130378,189.1392550869622
2025-08-22,206.09,202.73,208.54,201.3,42.83M,3.17%,206.09,42830000.0,202.33700000000002,186.77539999999996,0.031739674593241674,0.01250077134585256,72.50509164969452,4.676914527797521,207.90749539845152,189.3925046015485
2025-08-25,208.49,206.43,210.52,205.28,29.93M,1.16%,208.49,29930000.0,203.086,187.4312,0.011645397641806943,0.012710079012638997,75.99699021820922,4.940306737417757,209.2263092981119,189.66469070188808
2025-08-26,207.14,207.51,207.85,205.7,28.46M,-0.65%,207.14,28460000.0,203.46599999999998,188.0806,-0.0064751307017124615,0.012749304518645801,70.84119200301768,4.982676055639644,210.20753700145502,189.82246299854495
2025-08-27,207.48,205.7,208.91,205.65,23.02M,0.16%,207.48,23020000.0,204.01799999999997,188.6948,0.001641401950371657,0.012382684911281548,70.74186222558663,4.986211264438708,211.13608152734923,189.98891847265077
2025-08-28,211.64,207.25,212.22,206.9,32.34M,2.01%,211.64,32340000.000000004,204.888,189.4086,0.020050125313283207,0.01354497660719676,69.89875389408097,5.264009946381719,212.40008033857723,190.69891966142282
2025-08-29,212.91,210.51,214.65,210.2,39.73M,0.60%,212.91,39730000.0,205.789,190.20039999999997,0.006000756000756002,0.013555538572742987,72.44628722201276,5.522980310338397,213.05745807672346,192.4195419232765
2025-09-02,211.35,208.44,211.68,206.2,47.52M,-0.73%,211.35,47520000.0,206.57399999999998,191.09459999999999,-0.007327039594194784,0.013936798265907388,65.55339805825238,5.538492928135355,213.8891671490934,193.2188328509066
2025-09-03,230.66,226.21,231.31,224.79,103.34M,9.14%,230.66,103340000.0,209.483,192.40399999999997,0.09136503430328835,0.030196338521900037,82.85256410256405,7.0279288203906845,220.56028695429694,190.14671304570305
2025-09-04,232.3,229.65,232.37,226.11,51.68M,0.71%,232.3,51680000.0,212.781,193.71460000000002,0.0071100320818522356,0.029037602842506227,83.10780333784388,8.245601626911082,225.93218966116814,188.39581033883184
2025-09-05,235.0,232.2,235.76,231.9,46.59M,1.16%,235.0,46590000.0,216.30599999999998,195.00100000000003,0.01162290142057687,0.02869607504406892,83.74565972222217,9.321036428294178,230.90386154009326,187.27213845990678
2025-09-08,234.04,235.47,238.13,233.67,32.47M,-0.41%,234.04,32470000.0,219.10099999999997,196.21099999999998,-0.004085106382978765,0.028850849156886536,82.74013722126924,9.980809717944254,234.8732280487547,186.5647719512453
2025-09-09,239.63,234.16,240.47,233.23,38.06M,2.39%,239.63,38060000.0,222.215,197.43300000000002,0.023884806016065685,0.029038704028433428,87.83300198807152,10.829910617608022,239.55403173841052,185.74696826158953
2025-09-10,239.17,238.9,241.66,237.85,35.14M,-0.19%,239.17,35140000.0,225.41799999999998,198.6918,-0.0019196260902224482,0.028709065912297525,91.07400535971958,11.3350476687109,243.42642093335243,185.45757906664758
2025-09-11,240.37,239.88,242.25,236.25,30.60M,0.50%,240.37,30600000.0,228.70700000000002,199.98239999999998,0.005017351674541093,0.02855613226493236,91.21347402597397,11.697362478905916,246.91238526121384,185.81261473878618
2025-09-12,240.8,240.37,242.07,238.0,26.77M,0.18%,240.8,26770000.0,231.623,201.2256,0.0017889087656530744,0.028792428086257402,90.01614018907071,11.88222607687743,249.97304452232953,186.53795547767055
2025-09-15,251.61,244.66,252.41,244.66,58.38M,4.49%,251.61,58380000.0,235.493,202.66719999999998,0.04489202657807301,0.030278332446460166,91.63769795287749,12.753988427688398,254.88822064788457,186.39377935211542
2025-09-16,251.16,252.08,253.04,249.47,34.11M,-0.18%,251.16,34110000.0,239.474,204.1546,-0.0017884821747944368,0.02982640339005972,93.25864779874207,13.255751085130754,258.84567611935006,187.20232388064986
2025-09-17,249.53,251.22,251.6,246.28,34.11M,-0.65%,249.53,34110000.0,241.36100000000002,205.658,-0.006489886924669563,0.015723160080265752,90.3009392371094,13.367778795831981,261.61577707489204,189.22822292510804
2025-09-18,252.03,251.68,253.99,249.8,31.24M,1.00%,252.03,31240000.0,243.33399999999997,207.16620000000003,0.010018835410571914,0.015731702781245617,89.98218174618883,13.502640634178164,263.92334410945614,192.19165589054393
2025-09-19,254.72,253.25,256.0,251.81,55.57M,1.07%,254.72,55570000.0,245.30599999999998,208.7082,0.01067333253977698,0.015712231789860264,90.25611399961483,13.669012266680966,265.9558850188972,195.65611498110286
2025-09-22,252.53,254.43,255.78,250.3,32.29M,-0.86%,252.53,32290000.0,247.15499999999997,210.155,-0.008597675879396971,0.016162586158186422,89.17427701674274,13.468887337540053,267.5309108927474,198.72508910725264
2025-09-23,251.66,253.04,254.36,250.48,26.63M,-0.34%,251.66,26630000.0,248.358,211.55700000000002,-0.003445135231457619,0.015424575194657994,80.7737397420867,13.089200998896445,268.5798780518714,201.9931219481286
2025-09-24,247.14,251.66,252.35,246.44,28.20M,-1.80%,247.14,28200000.0,249.15500000000003,212.8598,-0.017960740681872367,0.016981429194547926,70.05405405405399,12.281991462934656,268.1799087843241,206.39309121567595
2025-09-25,245.79,244.4,246.49,240.74,31.02M,-0.55%,245.79,31020000.0,249.69699999999997,214.1162,-0.005462490895848493,0.017193322766643173,65.13323983169701,11.401904316948304,266.89928134102274,211.50471865897728
2025-09-26,246.54,247.07,249.42,245.97,18.50M,0.31%,246.54,18500000.0,250.27100000000002,215.3754,0.0030513853289393378,0.017193275071372097,67.63544018058688,10.642270179016549,265.55848221545494,216.33551778454512
2025-09-29,244.05,247.85,251.15,242.77,32.51M,-1.01%,244.05,32509999.999999996,249.51500000000001,216.55519999999996,-0.01009978096860542,0.008935211677758195,56.833642547928285,9.727203316773512,263.28994808745273,221.71805191254728
2025-09-30,243.1,242.81,243.29,239.24,34.72M,-0.39%,243.1,34720000.0,248.709,217.61520000000002,-0.003892644949805457,0.008928020849711666,55.9853792263174,8.823635794312196,258.82881143799943,229.35418856200056
2025-10-01,244.9,240.75,246.3,238.61,31.66M,0.74%,244.9,31660000.0,248.246,218.6864,0.007404360345536931,0.009429735550100573,56.77535148070595,8.158748011252044,258.11557805358717,231.49142194641283
2025-10-02,245.69,245.15,246.81,242.3,25.48M,0.32%,245.69,25480000.0,247.61200000000002,219.7956,0.003225806451612856,0.008697487676138309,57.23586860017755,7.60786729220203,257.4135370592235,233.53246294077653
2025-10-03,245.35,244.49,246.3,241.65,30.25M,-0.14%,245.35,30250000.0,246.675,220.85920000000002,-0.0013838577068664426,0.00740674122661903,36.578044596912484,7.062443739758862,256.86987009590814,235.11112990409188
2025-10-06,250.43,244.78,251.32,244.58,28.89M,2.07%,250.43,28890000.0,246.465,222.00420000000003,0.020705115141634423,0.010437313547303833,48.69409660107337,6.959876070582482,256.27657721724455,237.34342278275545
2025-10-07,245.76,248.27,250.44,245.52,23.18M,-1.86%,245.76,23180000.0,245.875,223.06780000000003,-0.018647925568023083,0.01187578610487141,43.917392707324936,6.427666346064399,255.9821362611668,238.2508637388332
2025-10-08,244.62,244.96,246.01,243.82,21.31M,-0.46%,244.62,21310000.0,245.623,224.0452,-0.004638671875,0.01060363366409514,37.49578130273373,5.846502985304511,255.53178085174378,239.2462191482562
2025-10-09,241.53,244.47,244.76,239.15,27.89M,-1.26%,241.53,27890000.0,245.19700000000003,224.9452,-0.012631837135148372,0.011168178717700974,28.03862803862806,5.0780530247626245,255.3934314400304,239.50056855996954
2025-10-10,236.57,241.43,244.09,235.84,33.18M,-2.05%,236.57,33180000.0,244.2,225.8386,-0.020535751252432455,0.012470241320621031,25.67073170731709,4.022452024055923,256.09907769036914,238.37192230963083
2025-10-13,244.15,240.21,244.5,239.71,25.00M,3.20%,244.15,25000000.0,244.20999999999998,226.93899999999996,0.03204125628777965,0.016626330975307236,40.49607694254621,3.7542466585557293,255.5775900589936,238.14740994100643
2025-10-14,245.45,241.23,247.12,240.51,22.11M,0.53%,245.45,22110000.0,244.445,227.9472,0.00532459553553144,0.016631906343028684,47.67153485808763,3.6050345156874073,255.07061642644214,238.08338357355785
2025-10-15,251.03,247.24,252.11,245.99,27.01M,2.27%,251.03,27010000.0,245.058,229.0744,0.022733754328783995,0.01793437996081306,56.46594274432379,3.8921756058539643,255.28082220416587,238.0231777958341
2025-10-16,251.46,251.76,256.96,250.1,28.00M,0.17%,251.46,28000000.0,245.635,230.1818,0.0017129426761741673,0.017935075699084348,56.119402985074636,4.1070904131827035,255.1810015414025,238.0659984585975
2025-10-17,253.3,250.76,254.22,247.81,29.67M,0.73%,253.3,29670000.0,246.42999999999998,231.3174,0.007317267159786756,0.01793850839308325,61.69405815423513,4.375447137862693,254.84667011486164,238.25832988513827
2025-10-20,256.55,254.69,257.33,254.23,22.35M,1.28%,256.55,22350000.0,247.042,232.42,0.01283063560994857,0.017251101812727872,66.06929510155317,4.795094746795883,255.8167799337448,237.69022006625514
2025-10-21,250.46,254.74,254.88,244.15,47.31M,-2.37%,250.46,47310000.0,247.512,233.40919999999997,-0.02373806275579815,0.018004722367902862,56.02514087559601,4.583421565797153,255.63508651880144,237.75191348119856
2025-10-22,251.69,254.37,256.36,249.29,35.03M,0.49%,251.69,35030000.0,248.219,234.37619999999998,0.0049109638265592,0.017863736278877756,56.440532417346496,4.4634676881964594,256.1377168489224,237.70428315107753
2025-10-23,253.08,252.98,255.04,251.85,19.90M,0.55%,253.08,19900000.0,249.37399999999997,235.39860000000002,0.005522666772617146,0.01700063033237297,58.11463363426413,4.429504192205059,256.8826409667863,237.68835903321371
2025-10-24,259.92,256.58,261.68,255.32,28.66M,2.70%,259.92,28660000.0,251.709,236.5382,0.027027027027026973,0.01572671993282604,59.60720793682932,4.898056960961611,259.0770034572896,236.8319965427104
2025-10-27,269.27,264.82,270.14,264.28,35.24M,3.60%,269.27,35240000.0,254.221,237.84560000000002,0.03597260695598625,0.0163862257595249,71.74033660070279,5.9552073414863855,263.6881667603941,234.74283323960597
2025-10-28,267.47,269.69,270.73,266.5,29.74M,-0.67%,267.47,29740000.0,256.423,239.125,-0.006684740223567243,0.01718445072284153,70.8752055545405,6.5720037098008675,266.7277410004269,234.1402589995732
2025-10-29,274.57,267.75,275.34,267.67,43.58M,2.65%,274.57,43580000.0,258.777,240.585,0.026545033087822745,0.01756680350694212,78.12393598910455,7.546735864921317,271.21551939658815,232.61948060341192
2025-10-30,281.48,291.59,291.59,280.06,74.88M,2.52%,281.48,74880000.0,261.779,242.2282,0.025166624175984253,0.01802449138191123,86.99950568462685,8.77563728713909,276.831731896017,230.58226810398304
2025-10-31,281.19,283.21,286.0,277.03,39.27M,-0.10%,281.19,39270000.0,264.56800000000004,243.857,-0.0010302685803610379,0.01842784079644539,84.68164794007492,9.615310626060278,281.29711653670876,229.7008834632912
2025-11-03,283.72,282.17,285.53,279.8,29.79M,0.90%,283.72,29790000.0,267.28499999999997,245.40960000000004,0.008997475016892631,0.01841735727611831,85.02654219293433,10.365421525487875,285.7315987153507,228.59540128464928
2025-11-04,277.54,276.75,281.27,276.26,30.08M,-2.18%,277.54,30080000.0,269.99300000000005,246.7906,-0.021782038629634903,0.01802220193167211,73.99963787796489,10.341999335290268,288.17254606600414,229.33245393399585
2025-11-05,284.31,278.87,286.42,277.34,31.01M,2.44%,284.31,31010000.0,273.255,248.33399999999997,0.024392880305541542,0.01840410584510298,76.67695306155596,10.745848054248938,291.46844873012196,230.005551269878
2025-11-06,284.75,285.33,288.35,281.14,37.17M,0.15%,284.75,37170000.0,276.422,249.87939999999998,0.0015476064858781502,0.01861122065310765,76.1342861891308,10.974893653954439,294.0185503942585,231.77744960574154
2025-11-07,278.83,283.2,283.78,275.19,34.48M,-2.08%,278.83,34480000.0,278.313,251.2232,-0.02079016681299395,0.02038405834799321,67.72756206238063,10.55702460923419,294.288944923557,235.73305507644298
2025-11-10,290.1,284.42,290.8,282.86,29.56M,4.04%,290.1,29560000.0,280.396,252.767,0.04041889323243564,0.021115938191410593,79.13848867980006,11.00835769830826,296.9036534261144,237.7133465738856
2025-11-11,291.31,287.74,291.92,287.32,19.84M,0.42%,291.31,19840000.0,282.78000000000003,254.3662,0.004170975525680687,0.02056742043608579,79.13235294117648,11.333039090622037,299.1721762822383,240.0308237177618
2025-11-12,286.71,291.67,292.01,283.69,24.83M,-1.58%,286.71,24830000.0,283.994,255.4872,-0.015790738388658188,0.020855806681465586,73.61325656508915,11.091316089265376,300.54085626513273,242.23014373486723
2025-11-13,278.57,282.34,282.84,277.24,29.49M,-2.84%,278.57,29490000.0,283.70300000000003,256.4126,-0.028391057165777167,0.021821952715210657,62.86029513170595,10.126190477498596,300.48232080488316,244.9996791951168
2025-11-14,276.41,271.4,278.56,270.7,31.65M,-0.78%,276.41,31650000.0,283.225,257.2408,-0.00775388591736359,0.021932260728360672,55.46540110226581,9.082332058279576,300.1114601924965,247.6815398075035
2025-11-17,285.02,285.77,293.95,283.57,52.67M,3.11%,285.02,52670000.0,283.355,258.2604,0.03114937954487873,0.02411970725695225,62.16553445168442,8.84782951264333,300.6457464170039,249.9942535829962
2025-11-18,284.28,287.92,288.8,278.2,49.16M,-0.26%,284.28,49160000.0,284.029,259.1534,-0.0025963090309452097,0.022861412095899147,57.381785008362456,8.504241141986427,299.7298360524561,254.29216394754397
2025-11-19,292.81,287.16,303.81,286.63,68.20M,3.00%,292.81,68200000.0,284.879,260.2262,0.03000562825383435,0.023514498133895056,58.40629173467872,8.818589385580196,299.4610332863225,258.6729667136774
2025-11-20,289.45,304.54,306.42,288.67,62.03M,-1.15%,289.45,62030000.0,285.349,261.20779999999996,-0.011475017929715614,0.023972146307429127,55.86148169173998,8.69634268884505,297.69369032807157,264.0773096719284
2025-11-21,299.66,296.42,303.92,293.85,74.14M,3.53%,299.66,74140000.0,287.43199999999996,262.38500000000005,0.03527379512869255,0.024624311270755223,60.19964166879958,9.315934676430459,298.60656478746836,267.13843521253165
2025-11-24,318.58,311.13,319.48,309.6,85.17M,6.31%,318.58,85170000.0,290.28000000000003,263.7244,0.06313822331976215,0.028708301006932318,72.57922535211266,11.204493245889807,306.58510516503696,264.0908948349631
2025-11-25,323.44,326.21,328.83,317.65,88.63M,1.53%,323.44,88630000.0,293.493,265.17,0.015255194927490834,0.028681938779383073,71.99055861526357,12.944138925712537,313.7662625304608,262.50673746953913
2025-11-26,319.95,320.68,324.5,316.79,51.37M,-1.08%,319.95,51370000.0,296.817,266.5784,-0.010790254761315898,0.028204882293394615,69.12627689632687,13.881193074568387,318.85780208056275,261.9531979194373
2025-11-28,320.18,323.36,326.85,316.79,26.02M,0.07%,320.18,26020000.0,300.97799999999995,267.9414,0.0007188623222378343,0.024959369672169874,73.94880111201205,14.475509651882021,323.3829357935935,261.2980642064064
2025-12-01,314.89,317.7,319.85,313.89,41.18M,-1.65%,314.89,41180000.0,304.82599999999996,269.1448,-0.01652195639952536,0.025954087614366038,65.42626011200993,14.35418492297515,326.1588330621581,261.8921669378419
2025-12-02,315.81,316.74,318.38,313.91,35.85M,0.29%,315.81,35850000.0,307.90500000000003,270.4104,0.0029216551811743763,0.025338806860827134,65.30102423182612,14.168939794367589,328.7851072512437,262.4748927487563
2025-12-03,319.63,315.89,321.58,314.1,41.84M,1.21%,319.63,41840000.0,311.44,271.7698,0.012095880434438433,0.024911424103715298,70.76185671039354,14.16706466746001,331.3942960871859,264.074703912814
2025-12-04,317.62,322.23,322.36,314.7,31.24M,-0.63%,317.62,31240000.0,313.921,273.1794,-0.006288521102524758,0.024649244643959237,76.69172932330827,13.843805640196706,333.5556868964419,265.24431310355806
2025-12-05,321.27,319.49,323.16,319.17,28.85M,1.15%,321.27,28850000.0,317.10299999999995,274.689,0.011491719665008393,0.02363743890714328,80.05091103965697,13.723943944874236,335.9834781957158,266.4685218042842
2025-12-08,313.72,320.05,320.44,311.22,33.91M,-2.35%,313.72,33910000.0,318.509,276.0326,-0.02350048246023584,0.02415776767421468,69.5025822234303,12.871357785349517,336.474763656395,269.46623634360503
2025-12-09,317.08,312.37,317.99,311.89,30.19M,1.07%,317.08,30190000.0,318.35900000000004,277.4932,0.010710187428279783,0.013393811400702265,71.5223097112861,12.324729224065436,337.81443817216604,270.824561827834
2025-12-10,320.21,315.83,321.31,314.68,33.43M,0.99%,320.21,33430000.0,318.036,279.0354,0.009871325848366252,0.012789593976277786,69.35028248587571,12.005692838739549,339.3896068321427,272.1393931678573
2025-12-11,312.43,320.08,321.12,308.6,42.35M,-2.43%,312.43,42350000.0,317.284,280.386,-0.024296555385528218,0.01454004215147665,65.27519276788092,10.998291763754992,339.55590390699996,274.5450960929999
2025-12-12,309.29,313.7,314.87,305.56,35.94M,-1.01%,309.29,35940000.0,316.195,281.658,-0.01005025125628134,0.014691290832825528,57.065297138664725,9.833196428496422,338.1999629944832,278.9730370055168
2025-12-15,308.22,311.32,311.42,304.88,29.15M,-0.35%,308.22,29150000.0,315.528,282.91540000000003,-0.003459536357463877,0.013952817913019853,39.70178926441355,8.722957103966223,335.6401209894942,284.7138790105058
2025-12-16,306.57,304.95,310.77,302.59,30.59M,-0.54%,306.57,30590000.0,314.60400000000004,284.0382,-0.005353319057815997,0.013870310476947688,32.087492036525774,7.622080629146637,333.90365797201747,288.60534202798243
2025-12-17,296.72,308.01,308.09,296.12,43.93M,-3.21%,296.72,43930000.0,312.313,285.0574,-0.03212969305541957,0.015518189654189645,28.269410664172113,5.886954267061242,331.9425281386839,291.81047186131605
2025-12-18,302.46,301.72,303.96,299.23,33.52M,1.93%,302.46,33520000.000000004,310.797,286.2142,0.019344836883256722,0.01767160782490793,34.97286295793751,4.918328721073465,330.9008387778142,293.81716122218586
2025-12-19,307.16,301.73,307.25,300.97,59.94M,1.55%,307.16,59940000.0,309.38599999999997,287.5268,0.015539244858824519,0.01812514967492843,43.378447832790826,4.4783135073101334,328.5970180173473,297.8919819826526
2025-12-22,309.78,309.88,310.13,305.3,26.43M,0.85%,309.78,26430000.0,308.992,288.991,0.008529756478707906,0.017166236479695434,44.980855668386845,4.291540180204265,327.83234717994367,299.6686528200563
2025-12-23,314.35,309.63,314.94,309.32,25.48M,1.48%,314.35,25480000.0,308.719,290.395,0.014752404932532936,0.017519953773474015,45.65932259125289,4.4608597651759965,327.44135254606493,299.63664745393504
2025-12-24,314.09,314.77,315.08,311.92,10.10M,-0.08%,314.09,10100000.0,308.107,291.76779999999997,-0.0008271035470018839,0.017123141796354893,47.01201963771793,4.521940810208832,326.17803396710474,299.9649660328953
2025-12-26,313.51,314.48,315.08,312.27,10.90M,-0.18%,313.51,10900000.0,308.21500000000003,293.0174,-0.0018466044764239298,0.015210016696225875,43.07142857142857,4.471996434548373,325.4547885382977,300.04421146170233
2025-12-29,313.56,311.36,314.02,310.62,19.62M,0.02%,313.56,19620000.0,308.64199999999994,294.25939999999997,0.00015948454594760797,0.014762968926252111,49.83505154639173,4.385891907355131,324.6446071395914,300.1923928604086
2025-12-30,313.85,312.5,316.95,312.46,17.38M,0.09%,313.85,17380000.0,309.20500000000004,295.4704,0.0009248628651614688,0.014665051080300329,46.44508034338547,4.29158332442762,324.55714226965347,300.1758577303465
2025-12-31,313.0,312.85,314.58,311.44,16.38M,-0.27%,313.0,16379999.999999998,309.848,296.5994,-0.0027083001433806375,0.014542848686363581,41.645422943221355,4.1009816332515925,324.3138771807186,300.1381228192814
2026-01-02,315.15,316.9,322.5,310.33,32.01M,0.69%,315.15,32009999.999999996,311.691,297.8932,0.0068690095846644095,0.008142266754217357,53.6247334754797,4.076424962008275,323.6709576497164,300.3330423502836
2026-01-05,316.54,317.65,319.02,314.63,30.20M,0.44%,316.54,30200000.0,313.099,299.1902,0.004410598127875698,0.006675078228215104,60.13419066256636,4.121613610327529,323.51705964423763,300.3789403557623
2026-01-06,314.34,316.4,320.94,311.78,31.21M,-0.70%,314.34,31210000.0,313.817,300.41540000000003,-0.006950148480444951,0.006353363950708814,58.29268292682916,3.93454929080184,322.38331368393494,300.81968631606503
2026-01-07,321.98,314.36,326.15,314.19,35.10M,2.43%,321.98,35100000.0,315.037,301.6566,0.02430489279124526,0.009326286016826876,67.96456050361385,4.3526094474036086,323.7303416818889,300.2986583181111
2026-01-08,325.44,328.96,330.32,321.5,31.90M,1.07%,325.44,31900000.0,316.146,302.78,0.01074600906888623,0.008884292726857876,89.34246575342443,4.906558465283581,325.43516996870585,299.42983003129416
2026-01-09,328.57,327.09,330.83,325.8,26.21M,0.96%,328.57,26210000.0,317.594,304.002,0.009617748279252769,0.00893182003781284,88.52168781351409,5.5343355195737445,327.3565038023944,298.3444961976055
2026-01-12,331.86,325.8,334.04,325.0,33.92M,1.00%,331.86,33920000.0,319.429,305.1478,0.01001308701342185,0.008773665604939944,88.02339901477808,6.225564430831639,330.6294088926134,297.0145911073866
2026-01-13,335.97,334.95,340.49,333.62,33.52M,1.24%,335.97,33520000.000000004,321.67,306.23760000000004,0.012384740553245344,0.008761600558312828,88.54871945834539,7.024042188303383,334.4935907713808,295.8184092286193
2026-01-14,335.84,335.06,336.52,330.48,28.53M,-0.04%,335.84,28530000.0,323.86899999999997,307.3306,-0.0003869393100576213,0.008871155712017444,86.38672536403618,7.559213739732229,337.6522378004061,295.42176219959384
2026-01-15,332.78,337.65,337.69,330.74,28.44M,-0.91%,332.78,28440000.0,325.847,308.31179999999995,-0.009111481657932408,0.009816817320293476,78.90504175688196,7.648260240256491,339.60186447436433,296.0931355256357
2026-01-16,330.0,334.41,334.65,327.7,40.34M,-0.84%,330.0,40340000.0,327.332,309.361,-0.00835386741991695,0.010828003740129691,73.8777874312191,7.40909997439644,339.4792785444267,299.54372145557335
2026-01-20,322.0,320.87,327.73,320.43,35.36M,-2.42%,322.0,35360000.0,327.878,310.1148,-0.024242424242424288,0.014176769213738337,59.93408662900183,6.499112871806403,338.7856453338406,302.1913546661595
2026-01-21,328.38,320.92,332.48,319.35,35.39M,1.98%,328.38,35390000.0,329.28200000000004,310.98740000000004,0.019813664596273206,0.014851143630748048,64.95779287626098,6.221041918246613,339.03539624147635,304.0636037585236
2026-01-22,330.54,334.45,335.15,328.75,26.25M,0.66%,330.54,26250000.0,330.13800000000003,312.0216,0.006577745295085036,0.013186295628007416,67.58219727345626,6.104592687756849,339.5896842249843,305.58531577501566
2026-01-23,327.93,332.48,333.69,327.45,27.28M,-0.79%,327.93,27280000.0,330.387,312.77819999999997,-0.007896169903793826,0.013240973041879218,62.69368295589985,5.735584399620905,339.9654936979917,306.5675063020083
2026-01-26,333.26,327.8,335.84,327.0,26.04M,1.63%,333.26,26040000.0,330.856,313.6172,0.0162534687280822,0.013880489133957463,65.40162122328658,5.806297741968876,340.90688617378254,307.5431138262175
2026-01-27,334.55,335.36,337.91,333.48,21.64M,0.39%,334.55,21640000.0,331.125,314.574,0.0038708515873493443,0.013595142315235814,68.9338579726438,5.898437280936946,341.76633064931383,308.78766935068614
2026-01-28,336.01,336.06,337.54,331.94,27.43M,0.44%,336.01,27430000.0,331.129,315.7228,0.004364071140337655,0.01306808422608423,64.86543759271026,6.019874956414128,342.58412359932635,310.21487640067375
2026-01-29,338.25,340.3,342.29,326.54,39.79M,0.67%,338.25,39790000.0,331.37,316.95959999999997,0.0066664682598731595,0.013228909705299975,63.9329997824668,6.225105329435735,343.4966672867633,311.74233271323675
2026-01-30,338.0,340.0,340.0,332.29,31.02M,-0.07%,338.0,31020000.0,331.892,318.01919999999996,-0.0007390983000739038,0.012789990511932144,60.942213970758864,6.295013965513192,343.8092110871546,313.9297889128454
2026-02-02,343.69,336.22,344.83,335.63,32.01M,1.68%,343.69,32009999.999999996,333.261,319.2074,0.016834319526627173,0.013081920776236365,63.00285777093863,6.731950771949812,345.1705116345419,315.42248836545815
2026-02-03,339.71,347.34,349.0,337.47,36.51M,-1.16%,339.71,36510000.0,335.03200000000004,320.1454,-0.011580203089993968,0.010357492593940226,54.122574955908235,6.680069913494776,345.39775741056076,317.5122425894393
2026-02-04,333.04,342.96,343.31,328.52,70.62M,-1.96%,333.04,70620000.0,335.498,321.0172,-0.019634394041976866,0.011691182888870789,47.302504816955725,6.0312165923291445,343.77333777705746,321.0066622229425
2026-02-05,331.25,312.22,332.69,306.46,88.21M,-0.54%,331.25,88210000.0,335.569,321.649,-0.0053747297621907775,0.011722104918693979,48.48903811969191,5.311331892358055,343.15568837249504,322.55131162750496
2026-02-06,322.86,327.18,330.38,319.92,56.38M,-2.53%,322.86,56380000.0,335.062,321.7346,-0.02532830188679236,0.014122848577282163,43.65220483641538,4.0175039149748955,343.4725122519299,321.97648774807004
2026-02-09,324.32,320.93,327.7,317.26,39.64M,0.45%,324.32,39640000.0,334.168,321.7522,0.0045220838753639025,0.012923669050527074,52.33400402414487,3.074504742780391,343.76218381132907,321.26181618867105
2026-02-10,318.58,320.97,321.67,314.61,39.17M,-1.77%,318.58,39170000.0,332.571,321.7248,-0.017698569314257506,0.013503254461178596,40.01222992254382,1.8427588985506986,344.71205943947615,318.9839405605239
2026-02-11,310.96,318.97,321.06,309.66,45.41M,-2.39%,310.96,45410000.0,330.066,321.5404,-0.023918638960386707,0.01430916926460812,32.04328686720466,0.24885250892856448,346.31937061989424,314.8756293801057
2026-02-12,309.0,312.09,316.24,307.2,47.76M,-0.63%,309.0,47760000.0,327.14099999999996,321.4226,-0.006303061487007877,0.013430681096697967,32.429923890848315,-1.1591237508486074,347.4766022544644,311.03439774553567
2026-02-13,305.72,307.73,308.63,303.71,38.50M,-1.06%,305.72,38500000.0,323.913,321.2208,-0.010614886731391548,0.013121654900255176,23.427248166731005,-2.51068208827121,348.8381214946595,306.96687850534045
2026-02-17,302.02,300.04,304.43,296.25,39.25M,-1.21%,302.02,39250000.0,319.746,320.8686,-0.01210257752191568,0.009161730510598286,20.00737599114875,-3.8361402490635896,350.381639991903,302.62536000809695
2026-02-18,303.33,302.09,305.38,301.25,28.48M,0.43%,303.33,28480000.0,316.108,320.5828,0.004337461095291761,0.01065837783704665,19.78550295857987,-4.726386497558337,351.5561809429404,299.5838190570596
2026-02-19,302.85,301.82,305.47,300.04,25.83M,-0.16%,302.85,25830000.0,313.089,320.2144,-0.0015824349718127628,0.01060187514409068,16.169724770642176,-5.40830151848661,352.140075354011,296.4469246459891
2026-02-20,314.98,304.32,316.5,303.9,53.21M,4.01%,314.98,53210000.0,311.462,320.23960000000005,0.04005283143470373,0.018959575587884723,32.07165109034267,-4.913297030399178,351.4963870669225,295.5346129330774
2026-02-23,311.49,319.05,319.52,309.86,31.42M,-1.11%,311.49,31420000.0,310.325,320.12780000000004,-0.011080068575782587,0.017747391265088786,24.032258064516114,-4.747885570724975,351.09116059674045,294.2958394032595
2026-02-24,310.9,310.52,312.27,305.93,25.62M,-0.19%,310.9,25620000.0,308.983,319.9416,-0.0018941218016630401,0.01754240208353761,25.42228288687936,-4.611248266755524,349.98219341063066,293.1688065893694
2026-02-25,312.9,312.06,313.64,309.44,29.96M,0.64%,312.9,29960000.0,308.415,319.95099999999996,0.006432936635574205,0.017115509256899378,31.33110863922873,-4.292102250634116,348.46462705312746,292.52137294687253
2026-02-26,307.38,312.64,313.14,302.35,36.43M,-1.76%,307.38,36430000.0,308.057,319.9128,-0.017641418983700752,0.01630465306978299,29.304664470261812,-4.433488109791028,346.61678893734023,291.5062110626597
2026-02-27,311.76,304.14,312.37,303.8,44.64M,1.42%,311.76,44640000.0,308.33299999999997,319.9836,0.014249463205153301,0.016853563738125365,39.65710026090195,-4.144334716141316,343.92126051937737,291.55273948062256
2026-03-02,306.52,303.23,308.49,301.3,34.79M,-1.68%,306.52,34790000.0,308.41299999999995,319.9826,-0.016807800872466028,0.01743226619036685,34.50557103064067,-4.288566846858657,340.96688772581933,291.3591122741806
2026-03-03,303.58,298.59,303.94,296.71,35.50M,-0.96%,303.58,35500000.0,308.56899999999996,320.1198,-0.009591543781808709,0.017249344780536385,36.27379209370424,-4.587226586345366,335.8855394881652,292.42946051183475
2026-03-04,303.13,302.89,305.47,300.75,29.54M,-0.15%,303.13,29540000.0,308.549,320.1332,-0.0014823110876869272,0.017209147176568657,41.75268590688857,-4.804840609175756,330.9340014783915,293.7229985216084
2026-03-05,300.88,303.04,303.3,297.99,35.75M,-0.74%,300.88,35750000.0,308.352,320.00759999999997,-0.0074225579784250595,0.017369634929644603,41.49916247906197,-5.100067087357047,327.22996073266745,294.2110392673326
2026-03-06,298.52,296.09,300.53,295.18,25.58M,-0.78%,298.52,25580000.0,306.706,319.7824,-0.007843658601435877,0.0099641552403635,42.314261315115246,-5.461511569267088,323.36317202373766,294.80482797626235
2026-03-09,306.36,294.36,306.8,294.08,29.31M,2.63%,306.36,29310000.0,306.193,319.62260000000003,0.02626289695832784,0.013814334899129322,54.25657120439391,-5.057042014418641,321.0119528468929,295.50604715310715
2026-03-10,307.04,306.17,309.51,305.57,23.24M,0.22%,307.04,23240000.0,305.807,319.4816,0.002219610915263015,0.013864894977638946,53.68421052631583,-4.628274790370256,317.66636950840694,297.123630491593
2026-03-11,308.7,306.75,311.42,305.92,24.13M,0.54%,308.7,24130000.0,305.387,319.3854,0.005406461698801435,0.013806090347902304,55.67630506501064,-4.107180528903598,315.7607015513071,298.0412984486928
2026-03-12,303.55,306.82,308.94,301.03,24.93M,-1.67%,303.55,24930000.0,305.004,319.1852,-0.016682863621639066,0.013682530946538375,37.17171717171717,-4.062936528849605,315.29473707907505,297.7662629209249
2026-03-13,302.28,307.01,307.69,300.44,23.69M,-0.42%,302.28,23690000.0,304.056,318.9538,-0.004183824740569997,0.01257103344598831,39.12119064493264,-4.08328169656977,315.07459832800726,297.31440167199264
2026-03-16,305.56,304.35,306.49,303.02,23.52M,1.09%,305.56,23520000.0,303.96,318.805,0.010850866746063392,0.012236846130093458,44.06930253220794,-3.7910360963895755,315.068686252881,297.30431374711907
2026-03-17,310.92,305.86,311.42,305.5,21.96M,1.75%,310.92,21960000.0,304.694,318.7204,0.017541563031810536,0.012923444937945006,47.953699875981854,-3.0912877076855807,315.5265448062138,297.73645519378624
2026-03-18,307.69,309.27,312.47,306.93,20.01M,-1.04%,307.69,20010000.0,305.15,318.5434,-0.010388524379261632,0.013518988492008426,50.33629854632242,-2.7654872583284487,315.6166479488589,298.0823520511411
2026-03-19,307.13,304.01,308.06,302.35,25.08M,-0.18%,307.13,25080000.0,305.775,318.3992,-0.0018200136501024256,0.013217360195893353,44.52330257866101,-2.5233873363725934,315.62615397859685,298.5008460214031
2026-03-20,301.0,305.46,306.0,298.27,44.36M,-2.00%,301.0,44360000.0,306.023,317.9796,-0.019958975026861614,0.014705289425563229,43.60518999073219,-2.7939542084997697,314.47671943797224,298.2522805620278
2026-03-23,302.06,302.11,305.98,300.93,29.33M,0.35%,302.06,29330000.0,305.59299999999996,317.51199999999994,0.0035215946843853985,0.011828467018374918,48.1589147286822,-2.889538462063854,313.84549341893705,297.940506581063
2026-03-24,290.44,299.2,299.92,290.33,36.86M,-3.85%,290.44,36860000.0,303.933,316.7494,-0.03846917830894525,0.01652874662476454,37.90276453765493,-3.858448763721526,315.05972444229076,294.68027555770925
2026-03-25,290.93,293.44,296.0,289.24,29.46M,0.17%,290.93,29460000.0,302.156,315.9308,0.0016870954413992223,0.01629834031786094,40.18544091536795,-4.534507276259944,315.000254957431,292.542745042569
2026-03-26,280.92,287.91,287.95,278.5,39.08M,-3.44%,280.92,39080000.0,299.893,314.8298,-0.03440690200391838,0.01843780389482259,34.91600959890303,-5.811025970969354,317.4787617899018,287.41823821009825
2026-03-27,274.34,277.27,279.37,273.95,35.89M,-2.34%,274.34,35890000.0,297.09900000000005,313.5998,-0.02342303858749839,0.01904000180822499,21.95164681149265,-7.269825222140923,319.53139183752967,281.6236081624703
2026-03-30,273.5,276.42,277.09,272.11,35.14M,-0.31%,273.5,35140000.0,293.89300000000003,312.4142,-0.0030618940001456707,0.017860584100913613,20.702306079664595,-8.396920644316424,321.16823059811907,276.684769401881
2026-03-31,287.56,278.04,288.08,277.09,43.88M,5.14%,287.56,43880000.0,291.557,311.5654,0.05140767824497261,0.025447408199547734,34.82194141298109,-8.062685768307972,320.8110367556962,275.4399632443038
2026-04-01,297.39,290.83,300.52,290.41,37.68M,3.42%,297.39,37680000.0,290.527,311.0732,0.03418417026011955,0.028592746066274,45.85575888051667,-6.924778833904611,320.4023651737297,275.2746348262703
2026-04-02,295.77,290.69,298.08,289.45,21.67M,-0.54%,295.77,21670000.0,289.39099999999996,310.421,-0.005447392313124189,0.028598643033301563,45.640819606267584,-6.083572217675169,320.11756021780394,275.048439782196
2026-04-06,299.99,295.87,300.62,295.18,16.95M,1.43%,299.99,16950000.0,289.29,309.81,0.01426784325658459,0.028443940950761453,46.316624785081345,-5.018540570000539,320.2135064036441,275.0994935963558
2026-04-07,305.46,302.73,305.63,297.72,23.21M,1.82%,305.46,23210000.0,289.63,309.36060000000003,0.018233941131371,0.029019504330284364,46.39461172741677,-3.6905694435317855,320.0988824504541,275.1241175495459
2026-04-08,317.32,320.45,322.08,315.02,33.55M,3.88%,317.32,33549999.999999996,292.318,309.0418,0.03882668761867358,0.027442655060217702,55.708358032009485,-1.6619815872552977,321.95045681775156,274.3005431822484
2026-04-09,318.49,315.9,319.54,311.06,23.74M,0.37%,318.49,23740000.0,295.074,308.7206,0.0036871297113325596,0.027388835039795625,56.685499058380415,0.0396411672319914,323.7225006616148,273.50749933838523
2026-04-10,317.24,320.02,321.83,316.32,19.15M,-0.39%,317.24,19150000.0,298.706,308.3452,-0.003924770008477463,0.02336970535475944,60.13986013986015,1.2726545370755389,325.6873037816782,272.9116962183217
2026-04-13,321.31,317.14,321.63,315.47,18.87M,1.28%,321.31,18870000.0,303.40299999999996,308.0064,0.012829403606102519,0.01970707163009216,61.583824768323495,2.548859832114431,328.40461463189774,272.0973853681023
2026-04-14,332.91,324.79,333.29,323.75,27.72M,3.61%,332.91,27720000.0,309.344,307.9046,0.03610220659176511,0.01936441050277383,75.56277837967978,4.445045065183535,333.2944821182736,269.94251788172636
2026-04-15,337.12,332.89,337.48,330.9,24.92M,1.26%,337.12,24920000.0,314.3,307.7732,0.012646060496830813,0.015963532286560105,76.61020854937203,6.21584494789937,338.18847837118074,267.66852162881924
2026-04-16,336.02,338.75,339.88,334.52,20.54M,-0.33%,336.02,20540000.0,318.163,307.69939999999997,-0.003262933080208863,0.015649643202281446,85.37493579866457,7.4446386457776725,342.5625487384819,266.12745126151816
2026-04-17,341.68,337.65,342.32,336.24,25.58M,1.68%,341.68,25580000.0,322.754,307.8722,0.01684423546217495,0.014360124578951968,93.75,8.774039535616396,347.78384081554873,264.36115918445125
2026-04-20,337.42,340.76,341.4,336.61,18.78M,-1.25%,337.42,18780000.0,326.49699999999996,307.9956,-0.012467806134394688,0.016727657224336775,89.76113461059964,9.375774824970222,351.7949097723442,263.9920902276558
2026-04-21,332.29,337.68,339.34,331.35,23.12M,-1.52%,332.29,23120000.0,329.18,308.1842,-0.015203603817201095,0.01857252646359015,81.30160951714484,9.331142646259138,354.5254290293072,264.28457097069276
2026-04-22,339.32,337.02,339.82,335.17,20.29M,2.12%,339.32,20290000.0,331.38,308.4842,0.021156218965361573,0.0160468094638858,80.53896576839037,9.750634327938428,357.92919458108713,265.76880541891296
2026-04-23,338.89,341.18,341.96,336.18,18.65M,-0.13%,338.89,18650000.0,333.41999999999996,308.8904,-0.0012672403630791251,0.016230421054440468,81.95967981025791,9.93387556768215,360.73339556505584,267.76060443494407
2026-04-24,344.4,338.73,345.27,335.39,26.43M,1.63%,344.4,26430000.0,336.136,309.55920000000003,0.016258963085366895,0.016065532934862233,82.2981818181818,10.403778241923703,362.9857776710233,271.8562223289767
2026-04-27,350.34,345.98,353.18,342.73,28.58M,1.72%,350.34,28580000.0,339.03900000000004,310.386,0.01724738675958193,0.016261539430007178,82.41837619185205,11.127220186222132,364.264663461766,278.1773365382339
2026-04-28,349.78,348.55,352.42,346.12,27.82M,-0.16%,349.78,27820000.0,340.726,311.2672,-0.001598447222697974,0.013337189350844363,78.02140883977899,11.522541137610062,363.554950538298,286.51504946170206
2026-04-29,349.94,347.57,355.79,344.21,35.38M,0.05%,349.94,35380000.0,342.008,312.2256,0.00045743038481327325,0.013119544869318808,77.63134774204883,11.713718052371462,363.8996113758152,292.4083886241848
2026-04-30,384.8,374.07,385.84,365.82,72.04M,9.96%,384.8,72040000.0,346.88599999999997,313.855,0.09961707721323654,0.03269101314791991,87.31771984091912,14.510865571886825,373.43422524961784,291.61477475038214
2026-05-01,385.69,381.63,386.76,379.05,30.11M,0.23%,385.69,30110000.0,351.287,315.5118,0.0023128898128896846,0.03287812292246445,86.85596519349667,16.607994077810474,380.59988550567044,293.4411144943295
2026-05-04,383.25,385.63,387.38,379.79,26.30M,-0.63%,383.25,26300000.0,355.87,316.87719999999996,-0.006326324250045312,0.03241081406061975,82.19493476592477,17.86713471261885,385.76416811380113,296.6028318861988
2026-05-05,388.43,386.23,392.82,384.02,23.88M,1.35%,388.43,23880000.0,361.48400000000004,318.416,0.013515981735159777,0.030842328331992807,82.41313960833858,19.06324621040187,391.3347072887447,299.3292927112553
2026-05-06,398.04,394.24,399.85,392.76,31.31M,2.47%,398.04,31310000.0,367.356,320.1588,0.024740622505985632,0.030927846311205907,85.37531371206937,20.549735318802732,399.0403121435211,299.6956878564789
2026-05-07,397.99,399.92,400.1,392.68,24.43M,-0.01%,397.99,24430000.0,373.26599999999996,321.86060000000003,-0.00012561551602852106,0.030857018901846077,84.31444241316271,21.476189915768657,405.2832365476973,301.4027634523026
2026-05-08,400.8,397.0,402.0,396.36,21.46M,0.71%,400.8,21460000.0,378.906,323.729,0.007060478906505185,0.031005392701855962,89.31761786600495,22.181461296117845,410.6625594723853,304.37944052761475
2026-05-11,388.64,393.64,397.44,388.47,30.75M,-3.03%,388.64,30750000.0,382.736,325.2666,-0.030339321357285454,0.034224498974208976,82.15223097112857,21.511215667660736,412.88873394284127,308.8862660571587
2026-05-12,387.35,387.34,388.52,382.77,26.02M,-0.33%,387.35,26020000.0,386.49300000000005,326.8832,-0.003319267188143127,0.03429874561657734,79.32592502137013,20.638046406987428,415.1417020835331,312.0772979164668
2026-05-13,402.62,385.6,403.7,385.0,28.14M,3.94%,402.62,28140000.0,391.761,328.86400000000003,0.03942171163030839,0.03519976631663374,82.94221027602606,20.93686768244862,419.6392659009336,314.1297340990664
2026-05-14,401.07,397.28,402.93,395.84,21.14M,-0.38%,401.07,21140000.0,393.38800000000003,330.8228,-0.00384978391535451,0.018870069321026237,80.5432790772879,20.808743409007093,422.9006561918901,317.3733438081099
2026-05-15,396.78,396.32,399.54,393.18,20.31M,-1.07%,396.78,20310000.0,394.497,332.74080000000004,-0.010696387164335408,0.019462134962368954,75.48287971905178,20.12900224424226,425.1509993660037,320.6330006339963
2026-05-18,396.94,395.68,408.61,394.53,26.84M,0.04%,396.94,26840000.0,395.86600000000004,334.7092,0.0004032461313574487,0.019218324233773555,75.99206349206348,19.379814696415167,426.3711032292928,325.3648967707073
2026-05-19,387.66,396.96,397.15,386.11,39.55M,-2.34%,387.66,39550000.0,395.789,336.3352,-0.023378848188642998,0.020611468866702818,68.89022435897436,17.8317069059932,424.9805080837025,332.29249191629754
2026-05-20,388.91,387.7,393.86,382.9,31.74M,0.32%,388.91,31740000.0,394.87600000000003,337.97259999999994,0.0032244750554608625,0.018782794557279835,53.102823493884955,16.51530670659156,423.7618929471793,338.47010705282065
2026-05-21,387.66,385.7,392.5,383.02,24.85M,-0.32%,387.66,24850000.0,393.843,339.5518,-0.0032141112339615363,0.01877101582918045,51.479201081243446,15.196015305845549,421.333792838373,345.77520716162707
2026-05-22,382.97,387.35,388.74,381.77,20.44M,-1.21%,382.97,20440000.0,392.06,341.1402,-0.01209823040808955,0.01866777739214641,49.79662986635679,13.615077424282788,418.48201312717606,352.48398687282395
2026-05-26,388.88,384.51,389.26,382.6,27.75M,1.54%,388.88,27750000.0,392.084,342.8722,0.015432018173747286,0.017146192279521126,50.32341526520051,12.692746292867184,415.9708609629766,358.84913903702346
2026-05-27,388.83,386.67,393.88,385.9,23.09M,-0.01%,388.83,23090000.0,392.23199999999997,344.53759999999994,-0.00012857436741409156,0.017103215513444896,42.32627895350771,11.821486901668436,411.7675632200368,366.95743677996325
2026-05-28,390.13,388.0,391.87,385.16,24.36M,0.33%,390.13,24360000.0,390.983,346.1218,0.0033433634236041954,0.010522640721117091,43.58472086190009,11.107862171792817,403.9387172784701,378.8052827215299
