Date,Price,Open,High,Low,Vol.,Change %,Close,Volume,MA10,MA50,Returns,Volatility,RSI,MACD,UpperBand,LowerBand
2021-08-10,286.44,288.8,289.25,285.2,18.62M,-0.66%,286.44,18620000.0,286.98300000000006,272.443,-0.006554989075018169,0.0054918528814554635,61.11111111111115,4.245244448613562,292.48195317198315,277.8430468280169
2021-08-11,286.95,287.21,288.66,285.86,13.96M,0.18%,286.95,13960000.0,287.056,273.23400000000004,0.00178047758692923,0.005504052863542323,52.19512195121952,3.9653351497937024,292.63421280737975,278.13478719262025
2021-08-12,289.81,286.63,289.97,286.34,14.57M,1.00%,289.81,14570000.0,287.387,274.0842,0.009966893186966308,0.0063081035148775215,50.39370078740153,3.928992136190743,293.02614651653255,278.6208534834675
2021-08-13,292.85,289.48,292.9,289.3,18.25M,1.05%,292.85,18250000.0,288.181,275.027,0.010489631137641897,0.006448025803711619,59.405940594059444,4.098250548482554,293.8657017233432,278.9912982766569
2021-08-16,294.6,293.19,294.82,290.02,22.52M,0.60%,294.6,22520000.0,289.159,275.90319999999997,0.005975755506231861,0.006420232734079686,70.73045267489712,4.323757845309672,294.1954671839902,280.42053281600977
2021-08-17,293.08,292.39,293.43,291.08,20.08M,-0.52%,293.08,20080000.0,289.755,276.6886,-0.005159538357094484,0.006707163429276171,66.61821705426343,4.3299101964385045,294.24298124992055,281.7490187500794
2021-08-18,290.73,292.04,294.82,290.27,21.81M,-0.80%,290.73,21810000.0,290.177,277.4518,-0.008018288521905115,0.007345903433696898,59.31307793923384,4.09792232115268,293.98723433512436,282.9377656648756
2021-08-19,296.77,288.69,297.47,288.64,29.85M,2.08%,296.77,29850000.0,290.902,278.3154,0.02077528978777554,0.009224395454179026,71.83357879234158,4.351288831157774,295.53059302856406,282.457406971436
2021-08-20,304.36,299.72,305.84,298.06,40.82M,2.56%,304.36,40820000.0,292.392,279.2578,0.02557536139097638,0.011660620957162799,78.18811309867283,5.105678104453432,299.2188902088276,280.2381097911725
2021-08-23,304.65,303.25,305.4,301.85,22.83M,0.10%,304.65,22830000.0,294.024,280.19300000000004,0.0009528190300958084,0.011341043860098947,76.84532924961712,5.661673368665674,302.09654697227285,278.9204530277272
2021-08-24,302.62,305.02,305.65,302.0,18.18M,-0.67%,302.62,18180000.0,295.642,281.0476,-0.006663384211390011,0.011353973582738605,73.64250073378345,5.870824377736028,303.92706614186125,278.69793385813875
2021-08-25,302.01,304.3,304.59,300.42,20.01M,-0.20%,302.01,20010000.0,297.148,281.92060000000004,-0.002015729297468849,0.011556321823346049,69.71897694979481,5.919124178258528,305.33585864881695,278.868141351183
2021-08-26,299.09,300.99,302.43,298.95,17.67M,-0.97%,299.09,17670000.0,298.076,282.7548,-0.009668554021390108,0.012298404552126078,63.944396177237195,5.656577022790316,306.04090035819655,279.4220996418034
2021-08-27,299.72,298.99,300.87,296.83,22.61M,0.21%,299.72,22610000.0,298.76300000000003,283.5312,0.002106389381122842,0.012030951804119587,66.73523361739646,5.436671678502762,306.5958001556845,280.34819984431556
2021-08-30,303.59,301.12,304.22,301.06,16.35M,1.29%,303.59,16350000.000000002,299.662,284.4144,0.012912051247831124,0.012453443231176878,73.81282976950845,5.51114274291001,307.61347649854315,281.2075235014569
2021-08-31,301.88,304.42,304.5,301.5,26.29M,-0.56%,301.88,26290000.0,300.54200000000003,285.1994,-0.005632596594090655,0.012489065726223962,70.06181134103738,5.370273716529198,308.2855304663464,282.0114695336535
2021-09-01,301.83,302.87,305.19,301.49,18.98M,-0.02%,301.83,18980000.0,301.652,285.92580000000004,-0.00016562872664638295,0.011952382917916098,67.47093023255812,5.194717941256158,308.71290528717424,283.1160947128257
2021-09-02,301.15,302.2,303.36,300.18,16.29M,-0.23%,301.15,16290000.0,302.09,286.6434,-0.0022529238312958277,0.010445591063477583,62.95255930087385,4.943730163577754,309.1268234510924,283.8651765489076
2021-09-03,301.14,300.99,302.6,300.26,14.75M,0.00%,301.14,14750000.0,301.76800000000003,287.3324,-3.320604349987821e-05,0.0061454426445168775,60.79207920792074,4.689950791737658,309.41774183893654,284.74225816106343
2021-09-07,300.18,301.0,301.09,298.2,17.18M,-0.32%,300.18,17180000.0,301.321,288.0356,-0.003187886033074294,0.006135284202129991,61.93678547410902,4.361092870304674,309.362088484947,285.98291151505305
2021-09-08,300.21,299.78,300.61,297.47,15.05M,0.01%,300.21,15050000.0,301.08000000000004,288.6654,9.994003597824097e-05,0.0058647851739842246,67.28665207877461,4.0561347510019345,308.8225585031976,287.89944149680235
2021-09-09,297.25,300.82,302.14,297.0,19.93M,-0.99%,297.25,19930000.0,300.604,289.1824,-0.0098597648312847,0.006534215237995753,50.98603122432215,3.534858335582328,307.8856892872435,289.86631071275656
2021-09-10,295.71,298.42,299.92,295.38,19.63M,-0.52%,295.71,19630000.0,300.26599999999996,289.6786,-0.005180824222035363,0.006052412068709162,26.35319846910859,2.9633185988794253,307.27128693449134,291.07071306550864
2021-09-13,296.99,297.55,298.54,294.08,23.65M,0.43%,296.99,23650000.0,299.993,290.1864,0.004328565148287167,0.006222416707020535,30.13485477178429,2.5838693054640203,306.99535304213083,291.76064695786914
2021-09-14,299.79,299.56,301.39,298.1,21.85M,0.94%,299.79,21850000.0,299.61299999999994,290.6292,0.009427926866224512,0.005407453177114336,42.942643391521244,2.4804959923269507,306.91555605914374,292.35944394085624
2021-09-15,304.82,303.26,305.32,301.82,28.36M,1.68%,304.82,28360000.0,299.90700000000004,291.17240000000004,0.016778411554754902,0.007590642327544306,55.74172456068656,2.7724913054836975,307.1614202175968,293.28757978240316
2021-09-16,305.22,303.76,305.31,300.76,19.55M,0.13%,305.22,19550000.0,300.246,291.6782,0.001312249852372105,0.007579903780106157,63.96355353075183,3.001576051626614,306.62230925428696,295.27569074571295
2021-09-17,299.87,304.17,304.5,299.53,41.37M,-1.75%,299.87,41370000.0,300.11800000000005,292.1272,-0.01752834021361649,0.009608184511967722,50.28121484814394,2.7200717809222965,306.4569191249202,295.75108087507977
2021-09-20,294.3,296.33,298.72,289.52,38.28M,-1.86%,294.3,38280000.0,299.43399999999997,292.45439999999996,-0.01857471571014102,0.011191486608800594,33.62707084948896,2.024191548536635,306.52575591325245,294.67624408674754
2021-09-21,294.8,295.69,297.54,294.07,22.36M,0.17%,294.8,22360000.0,298.896,292.80400000000003,0.0016989466530750175,0.011251952136076996,36.96612665684835,1.4958045681942167,306.24971632046754,293.96728367953244
2021-09-22,298.58,296.73,300.22,294.51,26.63M,1.28%,298.58,26630000.0,298.733,293.156,0.012822252374491194,0.012166412260037895,44.73939786338621,1.3663184204251024,305.96510249649754,293.84789750350245
2021-09-23,299.56,298.85,300.9,297.53,18.60M,0.33%,299.56,18600000.0,298.964,293.497,0.0032822024248109205,0.011742763223136797,47.451106123757654,1.3274752172393391,305.76206305543667,293.8059369445633
2021-09-24,299.35,298.23,299.8,296.93,15.00M,-0.07%,299.35,15000000.0,299.328,293.8634,-0.0007010281746561153,0.011571900052261984,47.14877349474361,1.265162448734884,305.76983711128423,293.8241628887157
2021-09-27,294.17,296.14,296.47,292.94,23.57M,-1.73%,294.17,23570000.0,299.046,294.1318,-0.017304159011190978,0.012886947041715233,41.56135916877284,0.7887047247073724,306.00141484054205,293.03758515945793
2021-09-28,283.52,289.8,290.78,282.75,43.19M,-3.62%,283.52,43190000.0,297.419,294.26199999999994,-0.03620355576707357,0.016425126778531755,31.94895089768552,-0.4431491015216693,307.90633187015334,289.1256681298467
2021-09-29,284.0,285.1,286.77,283.01,26.35M,0.17%,284.0,26350000.0,295.337,294.3556,0.0016930022573364845,0.014766608532697949,34.857142857142904,-1.3649360126524357,308.8821778054595,286.36182219454054
2021-09-30,281.92,285.71,287.83,281.62,32.34M,-0.73%,281.92,32340000.000000004,293.00699999999995,294.366,-0.007323943661971755,0.014479432895240753,34.432151727252275,-2.2375048346192443,309.69542863969764,283.5575713603024
2021-10-01,289.1,282.12,289.98,281.29,30.09M,2.55%,289.1,30090000.0,291.93,294.4252,0.02546821793416565,0.01736966490647753,42.13986849970116,-2.32287921268869,309.32387162581625,282.72412837418375
2021-10-04,283.11,287.4,287.75,280.25,31.35M,-2.07%,283.11,31350000.0,290.81100000000004,294.29400000000004,-0.020719474230370127,0.017588156762660134,34.376170850505815,-2.8411311702907938,309.372561311042,280.87243868895814
2021-10-05,288.76,284.05,290.4,284.05,24.99M,2.00%,288.76,24990000.0,290.207,294.2882,0.019956907209211838,0.019097133647709107,35.12962962962963,-2.764079214904541,308.86334606872117,280.2396539312788
2021-10-06,293.11,285.78,293.63,285.51,28.00M,1.51%,293.11,28000000.0,289.66,294.4196,0.015064413353650163,0.019301300367570676,39.551337359792925,-2.3252028485489404,308.2675696484903,280.12543035150975
2021-10-07,294.85,295.18,296.64,293.92,20.43M,0.59%,294.85,20430000.0,289.189,294.5922,0.005936337893623689,0.019395119060576036,45.380934854619085,-1.816052386605918,308.0786912194985,280.0743087805015
2021-10-08,294.85,296.22,296.64,293.76,17.69M,0.00%,294.85,17690000.0,288.739,294.7592,0.0,0.019399246181281207,50.56387123231495,-1.3964495758345379,308.01984262414703,280.047157375853
2021-10-11,294.23,292.92,297.97,292.75,19.30M,-0.21%,294.23,19300000.0,288.745,294.94559999999996,-0.0021027641173477774,0.018588210207120225,49.417058703211296,-1.1012456690953059,307.81331361383695,279.977686386163
2021-10-12,292.88,295.34,295.44,292.35,17.97M,-0.46%,292.88,17970000.0,289.68100000000004,295.1068,-0.004588247289535441,0.013779652597851712,43.8656909169178,-0.9651030564751863,307.1920402857464,279.90795971425365
2021-10-13,296.31,294.91,297.28,293.49,23.42M,1.17%,296.31,23420000.0,290.91200000000003,295.29060000000004,0.011711281070745816,0.014009004024285659,46.67757104886527,-0.5738220573400667,305.781794090138,280.467205909862
2021-10-14,302.75,299.21,303.27,297.83,27.26M,2.17%,302.75,27260000.0,292.995,295.6154,0.02173399480274041,0.01433070124470371,53.083061298512845,0.25300860645342027,305.20132596631106,280.800674033689
2021-10-15,304.21,302.34,304.45,300.52,25.38M,0.48%,304.21,25380000.0,294.50600000000003,295.9092,0.004822460776217952,0.01282152410404045,59.762738234150085,1.0143943560756838,306.06974180290183,280.3662581970982
2021-10-18,307.29,303.57,308.21,302.69,22.73M,1.01%,307.29,22730000.0,296.92400000000004,296.2658,0.010124584990631513,0.009055151424238229,77.10376282782211,1.8450596088443376,308.1794969918516,279.55550300814843
2021-10-19,308.23,308.35,309.3,307.22,17.68M,0.31%,308.23,17680000.0,298.871,296.66380000000004,0.0030589996420320453,0.008163877304491448,77.34145791017828,2.549825153220411,310.22910133810586,278.8488986618941
2021-10-20,307.41,309.21,309.7,306.11,16.54M,-0.27%,307.41,16540000.0,300.30100000000004,297.0832,-0.0026603510365635907,0.008039375924885347,79.60511033681762,3.007520948350191,311.6177194982098,278.3432805017902
2021-10-21,310.76,307.17,311.02,306.36,16.92M,1.09%,310.76,16920000.0,301.892,297.5594,0.010897498454832233,0.00826690177594311,77.61346251912283,3.5990772442684147,313.52607840399764,277.55492159600226
2021-10-22,309.16,310.4,311.09,307.8,17.45M,-0.51%,309.16,17450000.0,303.323,297.9464,-0.005148667782211236,0.008778168290820742,87.39592305483782,3.8938968237568474,314.96413208442675,277.0978679155734
2021-10-25,308.13,309.36,309.4,306.46,17.55M,-0.33%,308.13,17550000.0,304.713,298.252,-0.0033316082287490056,0.008893148912350537,82.05892088712343,3.998340690036855,316.3886299156694,277.06937008433056
2021-10-26,310.11,311.0,312.39,308.6,28.11M,0.64%,310.11,28110000.0,306.43600000000004,298.56219999999996,0.006425859215266394,0.00828121078555222,80.53160919540227,4.192553511879737,317.5526397672016,278.5643602327984
2021-10-27,323.17,316.0,326.1,316.0,52.59M,4.21%,323.17,52590000.0,309.122,299.164,0.04211408854922438,0.014184373058542496,86.15934627170579,5.338759528857793,321.34814165277044,278.68585834722955
2021-10-28,324.35,324.32,324.87,321.36,26.30M,0.37%,324.35,26300000.0,311.28200000000004,299.83639999999997,0.0036513290218771477,0.013488363568757341,86.56420426375803,6.270074675733895,324.3144084783947,279.96259152160525
2021-10-29,331.62,324.13,332.0,323.9,34.77M,2.24%,331.62,34770000.0,314.023,300.53340000000003,0.022414058887004762,0.014296424686323816,89.78506065120236,7.508226717580044,329.16290703000124,279.3660929699989
2021-11-01,329.37,331.36,331.49,326.37,27.07M,-0.68%,329.37,27070000.0,316.231,301.0336,-0.0067848742536638085,0.015094128898772732,88.09772395072042,8.21323784190298,331.7942219999168,281.3607780000832
2021-11-02,333.13,330.31,333.45,330.0,26.49M,1.14%,333.13,26490000.0,318.721,301.6032,0.01141573306615662,0.015079105219880921,88.17917876399835,8.971941852789541,335.1920989143239,282.3999010856761
2021-11-03,334.0,333.9,334.9,330.65,21.50M,0.26%,334.0,21500000.0,321.38,302.23080000000004,0.0026115930717738323,0.01475763054486956,86.6354044548652,9.5335254299481,338.4283428412156,283.2526571587843
2021-11-04,336.44,332.89,336.54,329.51,23.99M,0.73%,336.44,23990000.0,323.948,302.9194,0.007305389221556879,0.014734500979426511,86.93559477423794,10.059512273249595,341.67788221468544,284.1621177853146
2021-11-05,336.06,338.51,338.79,334.42,22.57M,-0.11%,336.06,22570000.0,326.63800000000003,303.6588,-0.001129473308762341,0.01438461058149614,85.14537014414856,10.326658520585568,344.1888135065134,285.77218649348663
2021-11-08,336.99,337.3,337.65,334.44,20.90M,0.28%,336.99,20900000.0,329.524,304.4042,0.0027673629708979686,0.013951444384569708,85.14173998044969,10.492466452024416,346.1910424992115,288.0459575007886
2021-11-09,335.95,337.11,338.72,334.53,21.31M,-0.31%,335.95,21310000.0,332.108,305.0514,-0.003086144989465578,0.014467169755970394,84.68643655809427,10.41983772079243,347.1406004029821,291.403399597018
2021-11-10,330.8,334.57,334.63,329.92,25.50M,-1.53%,330.8,25500000.0,332.871,305.6298,-0.01532966215210585,0.010268124800707535,73.3348858872846,9.833364068450692,347.09466712660986,294.8983328733902
2021-11-11,332.43,331.25,333.77,330.51,16.85M,0.49%,332.43,16850000.0,333.679,306.2418,0.004927448609431728,0.010293530000136742,77.07703048638581,9.391843525237618,347.565778110772,297.395221889228
2021-11-12,336.72,333.92,337.23,333.79,23.83M,1.29%,336.72,23830000.0,334.18899999999996,306.9532,0.01290497247540845,0.008540584151431883,80.92147955872812,9.281115538102199,348.4073765258816,299.8046234741184
2021-11-15,336.07,337.54,337.88,334.03,16.72M,-0.19%,336.07,16719999.999999998,334.85900000000004,307.6518,-0.0019303872653837484,0.008142216425766046,78.90868596881955,9.03674329133679,349.04904354909877,302.04095645090115
2021-11-16,339.51,335.68,340.67,335.51,20.89M,1.02%,339.51,20890000.0,335.497,308.4384,0.010235962745856586,0.007998644701790814,73.15759637188202,9.016716678727562,349.9142643045425,304.3037356954576
2021-11-17,339.12,338.94,342.19,338.0,19.05M,-0.11%,339.12,19050000.0,336.009,309.2166,-0.001148714323583988,0.008051138800997094,71.41200347926932,8.86716059558671,350.0994561157183,307.2895438842816
2021-11-18,341.27,338.18,342.45,337.12,22.46M,0.63%,341.27,22460000.0,336.492,310.097,0.006339938664779332,0.00797995096620881,66.42832822608099,8.820446734486723,350.5658083100552,309.87419168994484
2021-11-19,343.11,342.64,345.1,342.2,21.96M,0.54%,343.11,21960000.0,337.197,311.045,0.005391625399244093,0.008011657487456534,73.72237569060772,8.830110270838816,350.4492365051085,313.3857634948914
2021-11-22,339.83,344.62,349.67,339.55,31.03M,-0.96%,339.83,31030000.0,337.48100000000005,311.9018,-0.00955961644953518,0.008807599253200836,61.76264044943816,8.475400958626437,348.5657908615276,318.4392091384724
2021-11-23,337.68,337.05,339.45,333.56,30.43M,-0.63%,337.68,30430000.0,337.654,312.6596,-0.006326692758143682,0.009026411055178941,56.182795698924735,7.929399064914492,345.2431292264329,324.518870773567
2021-11-24,337.91,336.28,338.16,333.91,21.66M,0.07%,337.91,21660000.0,338.36499999999995,313.3214,0.0006811182184316422,0.007114057067294385,52.66787658802182,7.429603859699512,344.45797046911184,326.77802953088815
2021-11-26,329.68,334.35,337.93,328.12,24.22M,-2.44%,329.68,24220000.0,338.09000000000003,313.8106,-0.024355597644343252,0.010876390151749528,40.98870056497177,6.296834352939129,343.5355844776569,328.2334155223431
2021-11-29,336.63,334.94,339.03,334.74,28.56M,2.11%,336.63,28560000.0,338.081,314.5458,0.02108104828925006,0.012240876787971587,49.56542732979236,5.891994034503568,343.5216950091314,328.7483049908686
2021-11-30,330.59,335.32,337.78,328.99,42.89M,-1.79%,330.59,42890000.0,337.533,315.2716,-0.017942548198318642,0.013508968533402091,44.22662645411461,5.025842855848964,343.36439378617814,329.0276062138219
2021-12-01,330.08,335.13,339.28,329.39,33.40M,-0.15%,330.08,33400000.0,336.59,315.9772,-0.0015426963913003355,0.012864264758874255,49.13834370512203,4.249276059400415,343.6054943763138,328.4815056236863
2021-12-02,329.49,330.3,333.49,327.8,30.77M,-0.18%,329.49,30770000.0,335.627,316.5954,-0.001787445467765325,0.012857079435621118,46.3917525773196,3.545364454668288,343.88845710568927,327.7475428943108
2021-12-03,323.01,331.99,332.7,318.03,41.78M,-1.97%,323.01,41780000.0,333.801,317.0644,-0.019666757716470973,0.013420324979616044,34.032145352900045,2.436540668001612,345.0302245802876,325.2627754197124
2021-12-06,326.19,323.95,327.45,319.23,30.03M,0.98%,326.19,30030000.0,332.109,317.6012,0.009844896442834594,0.013884184361169796,39.13330400351959,1.793712451462227,345.3007733773203,324.00522662267974
2021-12-07,334.92,331.64,335.8,330.1,31.02M,2.68%,334.92,31020000.0,331.618,318.4162,0.02676354272050041,0.016957587351023738,45.4778325123153,1.966041199740971,345.14172251913027,323.95727748086966
2021-12-08,334.97,335.31,335.5,330.8,24.76M,0.01%,334.97,24760000.0,331.34700000000004,319.4452,0.00014928938253921942,0.016868781652617657,45.883753223566785,2.082640176885377,345.07449486326976,323.9265051367302
2021-12-09,333.1,334.41,336.49,332.12,22.21M,-0.56%,333.1,22210000.0,330.86600000000004,320.4272,-0.005582589485625622,0.01692891221025777,41.8511869140236,2.001085071492639,345.06938565382234,324.16161434617766
2021-12-10,342.54,334.98,343.0,334.79,38.10M,2.83%,342.54,38100000.0,332.152,321.63960000000003,0.028339837886520503,0.017156083018363955,49.50632253594319,2.66743266616794,346.09473304040785,324.1472669595921
2021-12-13,339.4,340.68,343.79,339.08,28.90M,-0.92%,339.4,28900000.0,332.42900000000003,322.6456,-0.009166812635020838,0.016455369054982457,49.62667129710019,2.9086174464273427,346.37541555452384,324.13458444547615
2021-12-14,328.34,333.22,334.64,324.11,44.44M,-3.26%,328.34,44440000.0,332.204,323.5502,-0.03258691809074843,0.01880631075968733,42.977443609022544,2.1821540412581157,346.3993981254273,323.3376018745728
2021-12-15,334.65,328.61,335.19,324.5,35.38M,1.92%,334.65,35380000.0,332.661,324.468,0.019217883900834565,0.019800903290121557,47.75420225957561,2.091481526766472,345.94749438447747,323.3035056155225
2021-12-16,324.9,335.71,336.76,323.02,35.03M,-2.91%,324.9,35030000.0,332.202,325.10380000000004,-0.029134917077543676,0.022071740230306156,46.77462887989202,1.2188294823441197,345.81907934887744,322.0099206511225
2021-12-17,323.8,320.88,324.92,317.25,47.98M,-0.34%,323.8,47980000.0,332.281,325.68280000000004,-0.0033856571252691703,0.021137450046994834,40.60073260073263,0.43348865571869055,345.2333615431973,320.8486384568027
2021-12-20,319.91,320.05,322.8,317.57,28.33M,-1.20%,319.91,28330000.0,331.653,326.184,-0.012013588634959826,0.02118763422097896,41.92133131618764,-0.49706029569125576,344.44855538762766,319.3134446123723
2021-12-21,327.29,323.29,327.73,319.8,24.74M,2.31%,327.29,24740000.0,330.89,326.8452,0.023068988152918024,0.020661051977870222,48.088255447444176,-0.6317404109475433,343.3957893418183,319.11221065818177
2021-12-22,333.2,328.3,333.61,325.75,24.83M,1.81%,333.2,24830000.0,330.713,327.6516,0.018057380304928206,0.021631871368436886,52.369395835994375,-0.25860670739109537,342.83320563058754,319.2267943694125
2021-12-23,334.69,332.75,336.39,332.73,19.62M,0.45%,334.69,19620000.0,330.87199999999996,328.4192,0.004471788715486147,0.021593648002814016,57.96725784447476,0.1555419971889478,342.36080192915745,319.3771980708426
2021-12-27,342.45,335.46,342.48,335.43,19.95M,2.32%,342.45,19950000.0,330.863,329.2132,0.023185634467716376,0.020910978398747098,60.43913713405238,1.097276258644058,344.08855823513375,318.92644176486624
2021-12-28,341.25,343.15,343.81,340.32,15.66M,-0.35%,341.25,15660000.0,331.04799999999994,329.954,-0.003504161191414723,0.020705668515247314,54.49893390191897,1.7268711784890343,344.8730543069471,318.6039456930529
2021-12-29,341.95,341.3,344.3,339.68,15.04M,0.21%,341.95,15040000.0,332.409,330.6472,0.0020512820512819108,0.017093667245249394,54.91549295774646,2.2563045637979258,346.19293150705164,318.4200684929483
2021-12-30,339.32,341.91,343.13,338.82,15.99M,-0.77%,339.32,15990000.0,332.87600000000003,331.269,-0.0076911829214797445,0.016577338952854223,54.33389074693421,2.435589357828519,346.95462854720876,318.5823714527913
2021-12-31,336.32,338.51,339.36,335.85,18.00M,-0.88%,336.32,18000000.0,334.018,331.8472,-0.008841211835435625,0.01333376709038057,45.238824249846886,2.3089824089029207,347.29265656950264,318.9273434304974
2022-01-03,334.75,335.35,338.0,329.78,28.92M,-0.47%,334.75,28920000.0,335.113,332.32700000000006,-0.0046681731684110606,0.013413711111528484,46.3529411764706,2.05823357531267,347.0681395412513,320.3258604587487
2022-01-04,329.01,334.83,335.2,326.12,32.67M,-1.71%,329.01,32670000.0,336.023,332.724,-0.017147124719940288,0.014147787367618833,50.57333561526614,1.3804305452882772,346.9324369063649,320.74356309363515
2022-01-05,316.38,325.86,326.07,315.98,40.05M,-3.84%,316.38,40050000.0,334.93199999999996,332.889,-0.03838789094556394,0.017389140264676566,35.89189189189189,-0.1738644844491546,348.1348025542425,317.6871974457575
2022-01-06,313.88,313.15,318.7,311.49,39.65M,-0.79%,313.88,39650000.0,333.0,332.9644,-0.007901890132119616,0.01571207534155822,40.41739130434782,-1.58906583840934,349.24724076083487,314.4657592391651
2022-01-07,314.04,314.15,316.5,310.09,32.72M,0.05%,314.04,32720000.0,330.935,332.7818,0.000509748948642974,0.015471171252779721,41.37199434229137,-2.6669692828122606,350.0114870597016,311.7955129402984
2022-01-10,314.27,309.49,314.72,304.69,44.29M,0.07%,314.27,44290000.0,328.11699999999996,332.58020000000005,0.0007323907782446071,0.01195625500621268,44.66918714555761,-3.462740137739729,349.14814468945684,309.8318553105432
2022-01-11,314.98,313.38,316.61,309.89,29.39M,0.23%,314.98,29390000.0,325.49,332.24739999999997,0.002259203869284576,0.012355267739164446,36.686134544667944,-3.990107729061947,348.3641304915825,308.1738695084175
2022-01-12,318.27,319.67,323.41,317.08,34.37M,1.04%,318.27,34370000.0,323.12199999999996,332.0254,0.010445107625880912,0.013352009988971947,32.88236642971792,-4.095366010250984,348.35176263977337,307.1792373602266
2022-01-13,304.8,320.47,320.88,304.0,45.37M,-4.23%,304.8,45370000.0,319.66999999999996,331.4588,-0.04232255632010551,0.01740680382260515,23.115668285662863,-5.20569240137911,348.9769955676725,303.5690044323276
2022-01-14,310.2,304.25,310.82,303.75,39.85M,1.77%,310.2,39850000.0,317.058,330.9828,0.017716535433070835,0.019583365093038062,19.706932181100825,-5.585512879882629,349.35369990794544,301.7223000920546
2022-01-18,302.65,304.07,309.8,301.74,42.43M,-2.43%,302.65,42430000.0,313.848,330.307,-0.024339136041263698,0.02020342496814875,17.606579389056662,-6.421719660705776,350.40595871288946,298.55504128711056
2022-01-19,303.33,306.29,313.91,302.7,45.93M,0.22%,303.33,45930000.0,311.28,329.6524,0.0022468197587972583,0.020354710580826163,17.578912021490908,-6.949440418778579,351.20173757658677,296.10126242341335
2022-01-20,301.6,309.07,311.65,301.14,35.38M,-0.57%,301.6,35380000.0,309.802,328.9446,-0.00570335937757549,0.01731276482905676,17.848619161268303,-7.421706648963436,351.55010693751393,293.1838930624861
2022-01-21,296.03,302.69,304.11,295.61,57.98M,-1.85%,296.03,57980000.0,308.017,328.1462,-0.018468169761273412,0.01784840715948766,17.099461048505603,-8.151468434447736,351.467074885602,289.5499251143979
2022-01-24,296.37,292.2,297.11,276.05,86.04M,0.11%,296.37,86040000.0,306.25,327.45759999999996,0.0011485322433537615,0.01787419482698848,18.016666666666666,-8.603202386785028,350.58160859059876,286.6033914094013
2022-01-25,288.49,291.52,294.99,285.17,72.85M,-2.66%,288.49,72850000.0,303.672,326.5788,-0.026588386138947873,0.018854993410810202,17.3962021242356,-9.48768679517707,348.50733471918875,283.28166528081124
2022-01-26,296.71,307.99,308.5,293.03,90.43M,2.85%,296.71,90430000.0,301.84499999999997,325.7786,0.028493188672050973,0.02205093395781993,32.96379698596914,-9.416810627448058,345.0498241398901,282.2851758601099
2022-01-27,299.84,302.66,307.3,297.93,53.48M,1.05%,299.84,53480000.0,300.002,325.05400000000003,0.010549020929527142,0.022059429870757253,37.971213159698394,-9.004280175495694,340.51087006248804,282.613129937512
2022-01-28,308.26,300.23,308.48,294.45,49.74M,2.81%,308.26,49740000.0,300.348,324.42900000000003,0.028081643543223178,0.020241995573590073,45.661963374362024,-7.906778765270985,335.8540303886367,284.1639696113632
2022-01-31,310.98,308.95,312.38,306.37,46.44M,0.88%,310.98,46440000.0,300.42600000000004,323.8662,0.00882372023616429,0.019627316814505563,47.61973665171469,-6.7398271901345765,331.4502406558566,286.03375934414345
2022-02-01,308.76,310.41,310.63,305.13,40.95M,-0.71%,308.76,40950000.0,301.037,323.216,-0.007138722747443649,0.017893099874100822,45.596148399886694,-5.925835760154371,326.57756109626996,288.30743890373003
2022-02-02,313.46,309.63,315.12,308.88,36.64M,1.52%,313.46,36640000.0,302.05,322.623,0.015222179038735462,0.018365572508731394,46.66111342496182,-4.845633520025672,323.19680857428887,290.13319142571106
2022-02-03,301.25,309.49,311.23,299.96,43.73M,-3.90%,301.25,43730000.0,302.015,321.8514,-0.03895233841638479,0.02270276244395648,47.491875088314245,-4.918117422830562,321.94578192615694,289.87121807384307
2022-02-04,305.94,300.21,308.8,299.97,35.10M,1.56%,305.94,35100000.0,303.006,321.21659999999997,0.015568464730290499,0.022151559356248615,46.95974878675422,-4.544728829041389,321.1048687322895,289.9181312677104
2022-02-07,300.95,306.17,307.84,299.9,28.53M,-1.63%,300.95,28530000.0,303.464,320.4774,-0.016310387657710645,0.023029905102970916,48.74074074074075,-4.598458804516667,320.0365015520443,289.67749844795566
2022-02-08,304.56,301.25,305.56,299.95,32.42M,1.20%,304.56,32420000.0,305.07099999999997,319.975,0.011995348064462563,0.02088195561426287,50.87320744001138,-4.300173642230789,318.89010117229265,289.8528988277074
2022-02-09,311.21,309.87,311.93,307.39,31.28M,2.18%,311.21,31280000.0,306.521,319.46659999999997,0.021834778040451752,0.020165932199251887,56.37690776376904,-3.486985282693581,318.2112843607249,290.1547156392751
2022-02-10,302.38,304.04,309.12,300.7,45.39M,-2.84%,302.38,45390000.0,306.775,318.9024,-0.028373124256932614,0.022580532002486498,54.038926345248704,-3.514521635959966,315.75950391620813,291.0174960837919
2022-02-11,295.04,303.19,304.29,294.22,39.18M,-2.43%,295.04,39180000.0,305.453,318.2016,-0.02427409220186516,0.021674474347320265,49.22322158626329,-4.081571238821539,315.79595407457896,290.0050459254211
2022-02-14,295.0,293.77,296.76,291.35,36.36M,-0.01%,295.0,36360000.0,303.85499999999996,317.5118,-0.00013557483731030384,0.0212593252027202,54.18541854185418,-4.482518121532792,315.01621107898814,289.2647889210119
2022-02-15,300.47,300.01,300.8,297.02,27.38M,1.85%,300.47,27380000.0,303.026,317.06100000000004,0.018542372881356073,0.022495040435967888,52.505998400426584,-4.309214190648049,314.925946417786,289.13705358221387
2022-02-16,299.5,298.37,300.87,293.68,29.98M,-0.32%,299.5,29980000.0,301.63,316.5272,-0.003228275701401273,0.02162069089736788,49.76667581663466,-4.201705820973132,314.7669689531573,288.91303104684266
2022-02-17,290.73,296.36,296.8,290.0,32.46M,-2.93%,290.73,32460000.0,300.57800000000003,315.6434,-0.029282136894824617,0.02006019692399241,38.027591859035674,-4.769194068994523,315.14699993397926,287.4460000660208
2022-02-18,287.93,293.05,293.86,286.31,34.26M,-0.96%,287.93,34260000.0,298.777,314.7026,-0.009630929040690739,0.01897051717892157,34.27479874471278,-5.382819402128177,315.8220018423114,285.9609981576886
2022-02-22,287.72,285.0,291.54,284.5,41.74M,-0.07%,287.72,41740000.0,297.454,313.795,-0.0007293439377625832,0.01865647742572424,35.24130190796859,-5.818989456268412,316.4074219975091,284.5105780024908
2022-02-23,280.27,290.18,291.7,280.1,37.81M,-2.59%,280.27,37810000.0,295.025,312.5496,-0.02589322952870865,0.01881967924123653,27.583412130217482,-6.688706855309704,317.6346762965037,282.4613237034963
2022-02-24,294.59,272.51,295.16,271.52,56.99M,5.11%,294.59,56990000.0,293.363,311.6534,0.05109358832554323,0.025189939137130465,45.626477541371145,-6.1515486140422695,317.6386004466545,282.2453995533455
2022-02-25,297.31,295.14,297.63,291.65,32.55M,0.92%,297.31,32549999.999999996,292.856,311.0328,0.009233171526528583,0.02412933990736223,44.18228394229474,-5.443614965025972,317.5512972533133,282.0797027466867
2022-02-28,298.79,294.31,299.14,293.0,34.63M,0.50%,298.79,34630000.0,293.231,310.3156,0.004977969123137527,0.022788136876557757,48.47155392018117,-4.708867918474425,316.6285077901541,282.05549220984585
2022-03-01,294.95,296.4,299.97,292.15,31.22M,-1.29%,294.95,31220000.0,293.226,309.71659999999997,-0.012851835737474615,0.023239547613430937,43.22189307377627,-4.385873874384515,315.02276795202096,282.05823204797895
2022-03-02,300.19,295.36,301.47,293.7,31.87M,1.78%,300.19,31870000.0,293.198,309.2444,0.017765723003899003,0.02317272524726644,42.06966033390907,-3.6648286959734833,313.9068687204057,282.3171312795942
2022-03-03,295.92,302.89,303.13,294.05,27.31M,-1.42%,295.92,27310000.0,292.84,308.7646,-0.014224324594423465,0.02360742418174927,45.02464571780656,-3.398769610939496,311.29413151469487,283.17586848530516
2022-03-04,289.86,294.29,295.66,287.17,32.37M,-2.05%,289.86,32369999.999999996,292.753,308.016,-0.0204785077047851,0.022575230610341106,45.930232558139544,-3.6350051470417384,310.96062169275405,282.37037830724597
2022-03-07,278.91,288.53,289.69,278.53,43.16M,-3.78%,278.91,43160000.0,291.851,306.9302,-0.03777685779341744,0.025468353869023234,39.2085848423877,-4.652169682198348,310.963955641441,279.66404435855895
2022-03-08,275.85,277.8,283.96,270.0,48.16M,-1.10%,275.85,48160000.0,290.664,305.75339999999994,-0.010971281058405946,0.025577585406707445,32.935957859717234,-5.640179848692014,311.7043815636399,276.41361843636014
2022-03-09,288.5,283.44,289.6,280.78,35.20M,4.59%,288.5,35200000.0,291.48699999999997,304.6744,0.045858256298712874,0.028610550509450928,43.43832020997376,-5.340869525019627,310.34211550815525,276.1698844918447
2022-03-10,285.59,283.02,286.6,280.58,30.63M,-1.01%,285.59,30630000.0,290.587,303.5612,-0.010086655112651721,0.02329322301688284,46.70343766033861,-5.27763927684299,307.1254392849333,276.82456071506675
2022-03-11,280.07,287.96,289.51,279.43,27.21M,-1.93%,280.07,27210000.0,288.863,302.3236,-0.019328407857417962,0.02339709440024296,45.12890431333663,-5.608297751612383,306.0694226268883,275.64957737311175
2022-03-14,276.44,280.34,285.4,275.82,30.66M,-1.30%,276.44,30660000.0,286.62800000000004,301.066,-0.012961045452922426,0.02317307649020736,43.293697978596896,-6.093021083678309,306.29390742973777,273.56509257026227
2022-03-15,287.15,280.35,287.82,278.73,34.25M,3.87%,287.15,34250000.0,285.848,300.08259999999996,0.03874258428592081,0.02723769076199971,53.937728937728934,-5.548994963972916,305.7653392152232,273.30866078477675
2022-03-16,294.39,289.11,294.57,283.2,37.83M,2.52%,294.39,37830000.0,285.268,299.2754,0.025213303151663036,0.02794143497070563,49.87543597409069,-4.481977406209751,304.81387910499126,273.65212089500875
2022-03-17,295.22,293.29,295.61,289.37,30.82M,0.28%,295.22,30820000.0,285.19800000000004,298.5996,0.002819389245558801,0.027603676890015375,48.666921801250176,-3.5287074973501262,304.11619374412055,273.92180625587946
2022-03-18,300.43,295.37,301.0,292.73,43.39M,1.76%,300.43,43390000.0,286.255,298.2806,0.017647855836325332,0.027072992724165326,50.9985387238188,-2.326017882176984,305.43294670585715,273.5750532941429
2022-03-21,299.16,298.89,300.14,294.9,28.35M,-0.42%,299.16,28350000.0,288.28,297.9862,-0.004227274240255596,0.023122866662200522,52.646134506599644,-1.45854290866896,306.5431026296665,273.58789737033345
2022-03-22,304.06,299.8,305.0,298.77,27.60M,1.64%,304.06,27600000.0,291.101,297.7866,0.016379195079555986,0.02232933825717747,52.44287337457393,-0.3713925116621226,308.4544511842365,273.3105488157636
2022-03-23,299.49,300.51,303.23,297.72,25.72M,-1.50%,299.49,25720000.0,292.2,297.491,-0.015029928303624263,0.019601690297238312,52.24500062885171,0.12003748612562504,309.07057449886975,274.61642550113027
2022-03-24,304.1,299.14,304.2,298.31,24.48M,1.54%,304.1,24480000.0,294.051,297.2734,0.015392834485291607,0.019231667620892397,59.121188829105826,0.8714423278553909,310.37052846714465,274.2674715328554
2022-03-25,303.68,305.23,305.5,299.29,22.57M,-0.14%,303.68,22570000.0,296.412,296.9816,-0.0013811246300559077,0.017297302302297462,68.33999703835332,1.4167145847336542,311.27508158583225,273.9999184141677
2022-03-28,310.7,304.33,310.8,304.33,29.58M,2.31%,310.7,29580000.0,299.838,297.0996,0.023116438356164393,0.016100458552150643,74.37403832703873,2.3877772978464122,313.396884441982,273.069115558018
2022-03-29,315.41,313.91,315.82,309.05,30.39M,1.52%,315.41,30390000.0,302.664,297.2038,0.01515931766977796,0.0131907526854127,71.17230527143982,3.497096776235651,316.7303422361478,271.78165776385225
2022-03-30,313.86,313.76,315.95,311.58,28.16M,-0.49%,313.86,28160000.0,304.611,297.42800000000005,-0.004914238610063126,0.01263417519184717,72.72873452323529,4.202722045330006,318.9525109250035,270.92648907499654
2022-03-31,308.31,313.9,315.14,307.89,33.42M,-1.77%,308.31,33420000.0,305.92,297.5276,-0.01768304339514437,0.014778683036700489,72.69366763098682,4.264933044816075,320.3065701305915,270.8114298694085
2022-04-01,309.42,309.37,310.13,305.54,27.11M,0.36%,309.42,27110000.0,306.819,297.684,0.0036002724530506125,0.014033207200399465,77.6214405360134,4.353617639344236,321.8752158637504,271.19878413624957
2022-04-04,314.97,310.09,315.11,309.71,24.34M,1.79%,314.97,24340000.0,308.4,298.0628,0.017936784952491847,0.014500189004657172,75.50421708837551,4.816221038027663,323.5284175554457,273.1515824445544
2022-04-05,310.88,313.27,314.87,309.87,23.16M,-1.30%,310.88,23160000.0,309.082,298.353,-0.012985363685430462,0.014963624152819778,66.04397742751505,4.7975060821468105,323.5043361329759,276.6786638670241
2022-04-06,299.5,305.19,307.0,296.71,40.11M,-3.66%,299.5,40110000.0,309.08299999999997,298.57320000000004,-0.0366057642820381,0.01880568896270972,53.45495640942845,3.8203646656345995,323.4159143376105,277.8670856623895
2022-04-07,301.37,296.66,303.65,296.35,31.41M,0.62%,301.37,31410000.0,308.81000000000006,298.6664,0.006243739565943152,0.018195095688285704,50.80204778156996,3.1604348986733157,323.07467459004414,279.78632540995585
2022-04-08,296.97,300.44,301.12,296.28,24.36M,-1.46%,296.97,24360000.0,308.139,298.60900000000004,-0.014599993363639263,0.018718586699796487,48.22614612020087,2.2563824043455156,321.60411797003803,282.946882029962
2022-04-11,285.26,291.79,292.61,285.0,34.57M,-3.94%,285.26,34570000.0,305.59499999999997,298.149,-0.039431592416742545,0.01978601428797031,36.28538079953314,0.5882343543240722,319.8398485104585,285.59315148954147
2022-04-12,282.06,289.24,290.74,280.49,30.97M,-1.12%,282.06,30970000.0,302.26000000000005,297.5706,-0.011217836359812106,0.017983015187843055,37.02545779365791,-0.9806934267961083,320.6760646638537,284.24793533614627
2022-04-13,287.62,282.73,288.58,281.3,21.91M,1.97%,287.62,21910000.0,299.636,297.14779999999996,0.019712117989080236,0.020424283689272703,37.90369935408105,-1.7552015923256477,321.2004017400651,283.04659825993497
2022-04-14,279.83,288.09,288.31,279.32,28.22M,-2.71%,279.83,28220000.0,296.788,296.47520000000003,-0.027084347402823283,0.021099014787440865,34.20320572261228,-2.9634321881983396,322.708935729243,279.99906427075695
2022-04-18,280.52,278.91,282.46,278.34,20.78M,0.25%,280.52,20780000.0,293.898,296.0606,0.0024657827966980683,0.02102400432285213,28.181029496819008,-3.821237558888413,323.66216790646575,277.05483209353423
2022-04-19,285.3,279.38,286.17,278.41,22.30M,1.70%,285.3,22300000.0,290.93100000000004,295.64779999999996,0.017039783259660712,0.020895187272397177,28.253647262747393,-4.068449885680991,323.92400472677684,275.4069952732232
2022-04-20,286.36,289.4,289.7,285.37,22.91M,0.37%,286.36,22910000.0,288.479,295.356,0.0037153873116018143,0.02126283945803178,29.99709048588889,-4.131212251279976,323.6477970405988,273.91320295940113
2022-04-21,280.81,288.58,293.3,280.06,29.45M,-1.94%,280.81,29450000.0,286.61,294.881,-0.0193811984914094,0.019292287001226642,29.99709048588889,-4.5760407456805865,323.9729337002747,271.72006629972526
2022-04-22,274.03,281.68,283.2,273.38,29.41M,-2.41%,274.03,29410000.0,283.87600000000003,294.1374,-0.024144439300594844,0.01949721468048525,26.219594140572525,-5.413259187211736,324.34756436481877,268.33843563518116
2022-04-25,280.72,273.29,281.11,270.77,35.68M,2.44%,280.72,35680000.0,282.25100000000003,293.70419999999996,0.024413385395759768,0.022052955708072693,27.33289212442098,-5.473834784568453,323.8089557411768,266.5810442588233
2022-04-26,270.22,277.5,278.36,270.0,46.52M,-3.74%,270.22,46520000.0,280.74699999999996,293.2078,-0.037403818751781115,0.021711861438756627,25.195217179111836,-6.296521252189052,322.873088461041,263.468911538959
2022-04-27,283.22,282.1,290.97,279.16,63.48M,4.81%,283.22,63480000.0,280.863,292.9722,0.04810894826437706,0.027274214275923338,40.260827949270194,-5.832283911980824,319.6334236211132,263.48957637888674
2022-04-28,289.63,285.19,290.98,281.46,33.65M,2.26%,289.63,33650000.0,281.06399999999996,292.7554,0.022632582444742422,0.027514464023038712,43.338629142078986,-4.890761392877721,316.3876617917027,264.3123382082973
2022-04-29,277.52,288.61,289.88,276.5,37.07M,-4.18%,277.52,37070000.0,280.83299999999997,292.31579999999997,-0.041811966992369665,0.02950879665037573,39.85182093290201,-5.063406013034864,314.00429746140844,263.61670253859154
2022-05-02,284.47,277.71,284.94,276.22,35.15M,2.50%,284.47,35150000.0,281.228,292.1906,0.025043240126837896,0.03059909942973442,49.56626770616011,-4.586550305032176,310.8593454102536,264.2666545897464
2022-05-03,281.78,283.96,284.13,280.15,25.98M,-0.95%,281.78,25980000.0,280.876,292.06759999999997,-0.009456181671178121,0.030280382181930136,49.84540636042401,-4.375263920642283,305.39784063625314,266.4091593637469
2022-05-04,289.98,282.59,290.88,276.73,33.60M,2.91%,289.98,33600000.0,281.238,292.11280000000005,0.02910071687131821,0.03173287597132672,51.26609442060086,-3.5057345434634044,300.593750771509,269.123249228491
2022-05-05,277.35,285.54,286.35,274.34,43.26M,-4.36%,277.35,43260000.0,280.892,292.0544,-0.043554727912269775,0.03433237194982297,48.735210118319074,-3.7920493101355532,298.2137578355825,269.28824216441757
2022-05-06,274.73,274.81,279.25,271.27,37.78M,-0.94%,274.73,37780000.0,280.962,291.6572,-0.009446547683432449,0.03352258915381983,47.10413123937183,-4.182158608125121,294.8076941667827,270.03030583321726
2022-05-09,264.58,270.06,272.36,263.32,47.73M,-3.69%,264.58,47730000.0,279.348,291.00260000000003,-0.036945364539730075,0.034318625706252034,40.16517941902413,-5.249826478537102,293.63917121239064,267.9598287876093
2022-05-10,269.5,271.69,273.75,265.07,39.34M,1.86%,269.5,39340000.0,279.276,290.4168,0.018595509864691273,0.03305697305796516,42.280219780219795,-5.634012684944935,293.6105344471557,266.4124655528442
2022-05-11,260.55,265.68,271.36,259.3,48.98M,-3.32%,260.55,48980000.0,277.00899999999996,289.72880000000004,-0.033209647495361705,0.02981212761211067,41.00355239786859,-6.584768115208135,295.02689235692986,262.8451076430702
2022-05-12,255.35,257.69,259.88,250.02,51.03M,-2.00%,255.35,51030000.0,273.581,288.832,-0.019957781615812742,0.027948718782695878,41.58710142316702,-7.669436693161288,296.0092517100723,258.6357482899278
2022-05-13,261.12,257.35,263.04,255.35,34.93M,2.26%,261.12,34930000.0,271.94100000000003,288.13599999999997,0.02259643626395147,0.027778199113568512,41.09900090826522,-7.971562368843479,296.373337543964,256.4006624560361
2022-05-16,261.5,259.95,265.82,255.78,32.55M,0.15%,261.5,32549999.999999996,269.644,287.56879999999995,0.001455269607843146,0.025806892685061537,45.63912782556511,-8.087113113394025,296.3813327548345,254.4906672451656
2022-05-17,266.82,266.11,268.33,262.46,28.83M,2.03%,266.82,28830000.0,268.148,287.327,0.020344168260038265,0.027307564659906133,41.11592632719393,-7.6610960259234275,295.25463100604287,253.76936899395716
2022-05-18,254.08,263.0,263.6,252.77,31.36M,-4.77%,254.08,31360000.0,264.55800000000005,286.89160000000004,-0.04774754516153201,0.02742575569422721,31.97809996958334,-8.256312313222281,294.75259662598324,251.0434033740168
2022-05-19,253.14,253.9,257.67,251.88,32.69M,-0.37%,253.14,32689999.999999996,262.13700000000006,286.18440000000004,-0.003699622166246974,0.02526885418151065,36.06219986279446,-8.703546586026562,294.72161549232084,248.30738450767916
2022-05-20,252.56,257.24,258.54,246.44,39.20M,-0.23%,252.56,39200000.0,259.92,285.5238,-0.0022912222485580447,0.02534973781346276,30.32433099025775,-9.001025898496835,295.0991075809544,245.78289241904554
2022-05-23,260.65,255.49,261.5,253.43,33.18M,3.20%,260.65,33180000.0,259.527,285.13539999999995,0.03203199239784604,0.02600060450276336,37.7847149959533,-8.4861618168311,293.9674875555192,244.90751244448077
2022-05-24,259.62,257.89,261.33,253.5,29.04M,-0.40%,259.62,29040000.0,258.539,284.79900000000004,-0.003951659313255251,0.025054795424035093,30.862329803328294,-8.06823512245677,293.8213489282828,243.9936510717172
2022-05-25,262.52,258.14,264.58,257.12,28.55M,1.12%,262.52,28550000.0,258.736,284.30640000000005,0.011170171789538497,0.02304636911811361,39.344733438712424,-7.417514947406119,291.9899860128331,243.755013987167
2022-05-26,265.9,262.27,267.11,261.43,25.00M,1.29%,265.9,25000000.0,259.79100000000005,283.7366,0.01287520950784704,0.022046754840623548,43.7242359630419,-6.553531733934506,288.52367232632264,244.84832767367743
2022-05-27,273.24,268.48,273.34,267.56,26.91M,2.76%,273.24,26910000.0,261.003,283.297,0.027604362542309246,0.02255998802391394,56.41101569440334,-5.216410620998772,287.9434602253965,245.00053977460348
2022-05-31,271.87,272.53,274.77,268.93,37.83M,-0.50%,271.87,37830000.0,262.03999999999996,282.7258,-0.0050139071878202435,0.02275777721821329,51.851851851851855,-4.218650083844011,285.774171931202,245.90982806879796
2022-06-01,272.42,275.19,277.69,270.04,25.29M,0.20%,272.42,25290000.0,262.6,282.19100000000003,0.002023025710817805,0.022033565054532717,60.67638064400073,-3.344978436969541,284.13568705241863,246.61231294758127
2022-06-02,274.58,264.45,274.65,261.6,44.01M,0.79%,274.58,44010000.0,264.65,281.6014,0.007928933264811588,0.013275851157094152,68.29686013320648,-2.4500507542391574,280.09213793980325,249.11586206019675
2022-06-03,270.02,270.31,273.45,268.41,28.06M,-1.66%,270.02,28060000.0,266.338,281.012,-0.01660718187777699,0.015036219754266802,58.66770549279314,-2.084736464302466,278.7733183735813,249.70168162641875
2022-06-06,268.75,272.06,274.18,267.22,22.40M,-0.47%,268.75,22400000.0,267.957,280.305,-0.0047033553070142675,0.015212605222985915,56.9404556768141,-1.8760744255849886,277.79573945320385,250.08126054679622
2022-06-07,272.5,266.63,273.13,265.94,22.86M,1.40%,272.5,22860000.0,269.142,279.6814,0.013953488372093092,0.012683586873177619,55.6060007895776,-1.392067706640205,278.71182933988916,249.9571706601109
2022-06-08,270.41,271.71,273.0,269.61,17.37M,-0.77%,270.41,17370000.0,270.221,278.87559999999996,-0.007669724770642095,0.01301006948318672,70.40739815046246,-1.1637197905820926,278.83172726883885,249.92827273116117
2022-06-09,264.79,267.78,272.71,264.63,26.44M,-2.08%,264.79,26440000.0,270.448,277.8632,-0.02078325505713552,0.014884852073933452,63.034235846945705,-1.4198720524672694,278.93112072472235,250.25287927527762
2022-06-10,252.99,260.58,260.58,252.53,31.45M,-4.46%,252.99,31450000.0,269.157,276.6458,-0.044563616450772336,0.019985056104783117,50.38454659273833,-2.545690809756536,279.16780592739156,249.78019407260845
2022-06-13,242.26,245.11,249.02,241.53,46.14M,-4.24%,242.26,46140000.0,266.059,275.3248,-0.042412743586703106,0.019639590988107396,34.29547395388556,-4.2546862371512475,281.2420740261049,245.81992597389512
2022-06-14,244.49,243.86,245.74,241.51,28.65M,0.92%,244.49,28650000.0,263.321,274.0262,0.009204986378271274,0.02067185745287918,37.33891213389121,-5.3672645778491415,282.32983583986095,243.03116416013904
2022-06-15,251.76,248.31,255.3,246.42,33.11M,2.97%,251.76,33110000.0,261.255,272.762,0.029735367499693188,0.024091483474686048,41.609482220835936,-5.597834336768017,282.057287171732,241.797712828268
2022-06-16,244.97,245.98,247.42,243.02,33.17M,-2.70%,244.97,33170000.0,258.294,271.44379999999995,-0.026970130282809035,0.024121070814257812,34.503183770176236,-6.25633959704038,282.7301304322362,240.21386956776388
2022-06-17,247.65,244.7,250.5,244.03,43.08M,1.09%,247.65,43080000.0,256.057,270.4068,0.010940115116136795,0.02497770994964222,29.64848099252424,-6.487176030620844,283.04232101696965,239.35267898303033
2022-06-21,253.74,250.25,254.75,249.51,29.93M,2.46%,253.74,29930000.0,254.55599999999998,269.4542,0.024591156874621545,0.027079358116396588,36.58825270010357,-6.108290888490245,283.0092748018323,239.50372519816773
2022-06-22,253.13,251.89,257.17,250.37,25.96M,-0.24%,253.13,25960000.0,252.61900000000006,268.5774,-0.0024040356270198515,0.026262288234810267,35.74279379157426,-5.7904943709976635,282.9352877365788,238.82571226342117
2022-06-23,258.86,255.57,259.37,253.63,25.86M,2.26%,258.86,25860000.0,251.464,268.04940000000005,0.022636589894520665,0.027879529168226884,38.96377422072454,-5.018425938534847,282.9090480332912,238.77595196670885
2022-06-24,267.7,261.81,267.98,261.72,33.92M,3.41%,267.7,33920000.0,251.75500000000002,267.76219999999995,0.03414973344665051,0.029566601623265888,48.463576158940405,-3.651153794143397,283.37160861884195,238.83139138115803
2022-06-27,264.89,268.2,268.3,263.28,24.62M,-1.05%,264.89,24620000.0,252.94500000000002,267.30760000000004,-0.010496824803884919,0.025329601825982016,47.49480789200414,-2.762480133504539,283.2798356112474,238.82216438875255
2022-06-28,256.48,263.98,266.91,256.32,27.38M,-3.17%,256.48,27380000.0,254.36700000000002,266.8406,-0.03174902789837275,0.023256152370947216,40.19583843329255,-2.705627776781739,281.7602690661906,238.66573093380947
2022-06-29,260.26,257.59,261.97,255.76,20.07M,1.47%,260.26,20070000.0,255.94400000000002,266.4354,0.014737991266375428,0.023407162753781224,43.914138385897566,-2.328713505539895,280.47137952842695,238.79362047157318
2022-06-30,256.83,257.05,259.53,252.9,31.73M,-1.32%,256.83,31730000.0,256.451,265.86600000000004,-0.013179128563743925,0.022597307943475052,45.09852216748766,-2.280490489546537,278.8261989900223,238.87980100997768
2022-07-01,259.58,256.39,259.77,254.61,22.84M,1.07%,259.58,22840000.0,257.91200000000003,265.3304,0.010707471868551144,0.02020267567156363,54.56687456687455,-1.997347209329007,276.6664117780757,239.53958822192428
2022-07-05,262.85,256.16,262.98,254.74,22.97M,1.26%,262.85,22970000.0,259.432,264.9712,0.012597272517143265,0.020254490447393296,65.91436079765036,-1.4918948136105996,275.60241816122266,239.88658183877723
2022-07-06,266.21,263.75,267.99,262.4,23.82M,1.28%,266.21,23820000.0,260.679,264.8148,0.012782956058588368,0.0193861098821448,66.49954421148587,-0.8108492635337257,275.1795462481269,240.055453751873
2022-07-07,268.4,265.12,269.06,265.02,20.86M,0.82%,268.4,20860000.0,262.20599999999996,264.5684,0.008226588032004711,0.01922713011192735,63.697728021073424,-0.09332526545603059,274.32685998447795,240.4981400155221
2022-07-08,267.66,264.79,268.1,263.29,19.66M,-0.28%,267.66,19660000.0,263.086,264.5172,-0.002757078986587058,0.0184531537000535,70.74419455110629,0.4108696078579328,273.78434089666825,240.7656591033317
2022-07-11,264.51,265.65,266.53,262.18,19.52M,-1.18%,264.51,19520000.0,262.76699999999994,264.143,-0.0117686617350371,0.01544786624564122,65.28281363306743,0.5499297552366329,273.7439620485833,240.7780379514168
2022-07-12,253.67,265.88,265.94,252.04,35.87M,-4.10%,253.67,35870000.0,261.645,263.42379999999997,-0.04098143737476845,0.019882001642957694,49.94157903521948,-0.21211633733264534,273.7436371216035,240.8463628783965
2022-07-13,252.72,250.19,253.55,248.11,29.50M,-0.37%,252.72,29500000.0,261.269,262.92780000000005,-0.0037450230614577418,0.017375033665737526,49.6597510373444,-0.882527192338955,272.85870071157035,242.77729928842962
2022-07-14,254.08,250.57,255.14,245.94,25.10M,0.54%,254.08,25100000.0,260.651,262.32,0.005381449825894391,0.016649948133870836,45.72297780959198,-1.2892305437844698,272.1105096952981,244.48449030470192
2022-07-15,256.72,255.72,260.37,254.77,29.77M,1.04%,256.72,29770000.0,260.64,261.8188,0.010390428211586977,0.016602809957498528,38.949275362318865,-1.3825823941331237,272.03870214814924,245.05229785185077
2022-07-18,254.25,259.75,260.84,253.3,20.98M,-0.96%,254.25,20980000.0,260.10699999999997,261.1042,-0.00962137737612978,0.016400762635381906,39.21767328739361,-1.6370024205415348,271.1027090121199,246.91629098788013
2022-07-19,259.53,257.57,259.72,253.68,25.01M,2.08%,259.53,25010000.0,259.775,260.74780000000004,0.02076696165191727,0.01738012786918292,53.300151482363084,-1.3964824706274044,270.4502123809001,248.75678761909987
2022-07-20,262.27,259.9,264.87,258.91,22.79M,1.06%,262.27,22790000.0,259.381,260.49859999999995,0.010557546333757273,0.017195417791387866,52.224928049590424,-0.9735510857017857,270.57249146625577,249.4875085337443
2022-07-21,264.84,259.79,264.89,257.03,22.40M,0.98%,264.84,22400000.0,259.025,260.50379999999996,0.009799062035307005,0.017299649098920945,59.03859174001352,-0.42608574325919335,270.8403870280862,250.3906129719138
2022-07-22,260.36,265.24,265.33,259.07,21.88M,-1.69%,260.36,21880000.0,258.29499999999996,260.32099999999997,-0.016915873735085185,0.01800641769896841,50.8470894874023,-0.3496831445561952,270.88312370025596,250.497876299744
2022-07-25,258.83,261.0,261.5,256.81,21.06M,-0.59%,258.83,21060000.0,257.727,260.2866,-0.005876478721769995,0.01776838714490118,45.46275395033855,-0.40788984762866676,269.91376367768885,250.58023632231107
2022-07-26,251.9,259.86,259.88,249.57,39.35M,-2.68%,251.9,39350000.0,257.55,260.2176,-0.026774330641733846,0.014591346225654956,35.05326927094215,-1.0016655853905831,269.68707747799675,249.50792252200333
2022-07-27,268.74,261.16,270.05,258.85,45.99M,6.69%,268.74,45990000.0,259.15199999999993,260.37,0.0668519253672093,0.025729740692675186,50.27191298784392,-0.1120976809545482,270.9700646067395,249.45093539326052
2022-07-28,276.41,269.75,277.84,267.87,33.46M,2.85%,276.41,33460000.0,261.385,260.6682,0.02854059685941812,0.026648158866022658,56.29949604031677,1.197986548229835,273.98986688671283,248.04613311328708
2022-07-29,280.74,277.7,282.0,276.63,32.15M,1.57%,280.74,32150000.0,263.787,260.9466,0.015665135125357166,0.02673581599411982,61.48945207418945,2.5561666531665423,277.7197829710806,246.70721702891933
2022-08-01,278.01,277.82,281.28,275.84,21.54M,-0.97%,278.01,21540000.0,266.163,261.42519999999996,-0.009724300064116287,0.026743927624370913,69.46577095329495,3.3733599928957005,280.10384885839994,246.16615114160004
2022-08-02,274.82,276.0,277.89,272.38,22.75M,-1.15%,274.82,22750000.0,267.692,261.85880000000003,-0.011474407395417385,0.027146854642672455,67.06300185299567,3.7206954015963447,281.4862916559402,245.98070834405982
2022-08-03,282.47,276.76,283.5,276.61,23.52M,2.78%,282.47,23520000.0,269.712,262.457,0.027836402008587502,0.028001040511635725,69.97888810696692,4.560679606115684,284.16776480713844,244.92523519286163
2022-08-04,283.65,281.8,283.8,280.17,18.10M,0.42%,283.65,18100000.0,271.593,262.91700000000003,0.0041774347718339655,0.028012714641058183,69.34904440293143,5.260944386224992,286.66901074315354,243.94898925684643
2022-08-05,282.91,279.15,283.65,278.68,16.77M,-0.26%,282.91,16770000.0,273.848,263.3828,-0.0026088489335447385,0.026989098217394942,71.11700559976427,5.690599762251054,288.82800354699674,243.3149964530033
2022-08-08,280.32,284.05,285.92,279.32,18.76M,-0.92%,280.32,18760000.0,275.997,263.73879999999997,-0.009154854900851994,0.027204363370846335,65.95059076262086,5.755764518257251,290.47248527110577,243.2515147288942
2022-08-09,282.3,279.64,283.08,277.61,23.41M,0.71%,282.3,23410000.0,279.037,264.0668,0.007063356164383583,0.02430192663347867,65.54882782176684,5.899175486430124,292.00772160468364,244.57927839531635
2022-08-10,289.16,288.17,289.81,286.94,24.69M,2.43%,289.16,24690000.0,281.07900000000006,264.3852,0.024300389656394028,0.015820843777246307,67.7001455604076,6.4915439032444056,294.3846647331002,245.8463352668998
2022-08-11,287.02,290.85,291.21,286.51,20.07M,-0.74%,287.02,20070000.0,282.14,264.6882,-0.007400746991285234,0.014530100390828256,70.08740204942731,6.710960253702979,295.9202551022273,247.60474489777266
2022-08-12,291.91,288.48,291.91,286.94,22.62M,1.70%,291.91,22620000.0,283.257,265.078,0.017037140268970852,0.014659771468751406,73.72346528973034,7.1964749413419895,298.1874009537807,248.8565990462194
2022-08-15,293.47,291.0,294.18,290.11,18.09M,0.53%,293.47,18090000.0,284.803,265.45579999999995,0.005344112911513932,0.01384344697224623,82.29992229992226,7.619297275630743,299.9323754952042,251.0336245047958
2022-08-16,292.71,291.99,294.04,290.42,18.10M,-0.26%,292.71,18100000.0,286.592,265.9096,-0.002589702524960158,0.012883990953765493,74.82908638906142,7.803111956049179,301.536315645037,252.747684354963
2022-08-17,291.32,289.74,293.35,289.47,18.25M,-0.47%,291.32,18250000.0,287.477,266.36100000000005,-0.004748727409381259,0.01081460559434444,67.75422719695158,7.747318763145756,302.71824543234175,254.47075456765833
2022-08-18,290.17,290.19,291.91,289.08,17.19M,-0.39%,290.17,17190000.0,288.129,266.7144,-0.003947549086914637,0.011031211104645451,62.148930687966995,7.523579722971874,303.6008717683807,256.12112823161925
2022-08-19,286.15,288.9,289.25,285.56,20.57M,-1.39%,286.15,20570000.0,288.45300000000003,267.0292,-0.013853947685839474,0.012110872347480997,60.14962593516204,6.941863042231944,303.1697188541641,259.13128114583594
2022-08-22,277.75,282.08,282.46,277.22,25.06M,-2.94%,277.75,25060000.0,288.196,267.2884,-0.029355233269264258,0.01529652341336052,53.23328183623924,5.736907089604017,301.55484338705696,262.638156612943
2022-08-23,276.44,276.44,278.86,275.4,17.53M,-0.47%,276.44,17530000.0,287.61,267.7574,-0.004716471647164711,0.015074360382655735,42.26327944572746,4.622973997492636,297.00049301363185,269.6465069863681
2022-08-24,275.79,275.41,277.23,275.11,18.14M,-0.24%,275.79,18140000.0,286.273,268.428,-0.0023513239762695815,0.011939094601166073,39.77627471383983,3.6456990792003694,296.0740107063142,271.2779892936858
2022-08-25,278.85,277.33,279.02,274.52,16.58M,1.11%,278.85,16579999.999999998,285.456,269.1152,0.011095398672903212,0.012863916149176959,45.01962708537784,3.08258398276962,295.9403445234647,271.6556554765353
2022-08-26,268.09,279.08,280.34,267.98,27.55M,-3.86%,268.09,27550000.0,283.074,269.4418,-0.038587053971669505,0.015151673660376992,37.50255466993668,1.7479202008621542,297.1558146573165,269.1751853426835
2022-08-29,265.23,265.85,267.4,263.85,20.34M,-1.07%,265.23,20340000.0,280.25,269.847,-0.010668059233839178,0.014366978074316975,32.864886568962106,0.45417598197894904,298.5307682135995,266.5222317864005
2022-08-30,262.97,266.67,267.05,260.66,22.77M,-0.85%,262.97,22770000.0,277.27599999999995,270.1534,-0.008520906383139182,0.014149113840431497,21.035169210351754,-0.7449019784791631,299.89708659446376,263.9709134055363
2022-08-31,261.47,265.39,267.11,261.33,24.79M,-0.57%,261.47,24790000.0,274.29100000000005,270.308,-0.005704072707913399,0.014108643453383465,21.337222346870178,-1.795519731220054,301.0367445172898,260.73125548271025
2022-09-01,260.4,258.87,260.89,255.41,23.26M,-0.41%,260.4,23260000.0,271.31399999999996,270.4534,-0.004092247676597882,0.01410106534037396,11.33742331288343,-2.6835476602196877,301.79338092049767,257.6496190795023
2022-09-02,256.06,261.69,264.74,254.47,22.86M,-1.67%,256.06,22860000.0,268.305,270.3974,-0.016666666666666607,0.014199223029884736,7.029634734665748,-3.694925124134272,302.77788513415493,253.9801148658451
2022-09-06,253.25,256.2,257.83,251.94,21.33M,-1.10%,253.25,21330000.0,265.855,270.1084,-0.010973990470983352,0.012659065002758626,6.713470820535321,-4.669367010402027,303.85345672624885,250.1975432737512
2022-09-07,258.09,254.7,258.83,253.22,24.13M,1.91%,258.09,24130000.0,264.02,269.9724,0.01911154985192498,0.015502865752297852,16.112584132163946,-4.993509604937685,303.80066587982253,247.82933412017746
2022-09-08,258.52,257.51,260.43,254.79,20.32M,0.17%,258.52,20320000.0,262.293,270.0132,0.0016660854740595532,0.015680147413976993,17.24280687228314,-5.156259391483388,302.5459592818701,246.02004071812993
2022-09-09,264.46,260.5,265.23,260.29,22.09M,2.30%,264.46,22090000.0,260.854,270.0972,0.022976945690855732,0.017492962400469853,28.409317141150694,-4.751162963375577,301.07627315752404,245.23372684247602
2022-09-12,266.65,265.78,267.45,265.16,18.75M,0.83%,266.65,18750000.0,260.71,270.2936,0.008281025485895821,0.013318066219447264,37.392094502498836,-4.2049345600047445,298.4953227841585,245.2886772158414
2022-09-13,251.99,258.84,260.4,251.59,33.35M,-5.50%,251.99,33350000.0,259.38599999999997,270.1418,-0.05497843615225939,0.021776996234018395,28.690953459996493,-4.89851704101045,295.7985583992547,243.83744160074536
2022-09-14,252.22,253.53,254.23,249.86,23.91M,0.09%,252.22,23910000.0,258.31100000000004,269.9292,0.0009127346323265506,0.02180654417789222,29.306409130816476,-5.367750984351005,292.5443581669454,243.04264183305457
2022-09-15,245.38,249.77,251.4,244.02,31.53M,-2.71%,245.38,31530000.0,256.70199999999994,269.5126,-0.02711918166679883,0.02301628135990586,22.4436028322081,-6.219854489995612,289.5719002207591,241.4210997792408
2022-09-16,244.74,244.26,245.3,242.06,39.79M,-0.26%,244.74,39790000.0,255.13600000000002,269.0394,-0.002608199527263766,0.02303535750955612,26.93143647500493,-6.867629550087543,286.0380835037185,240.41191649628152
2022-09-19,244.52,242.47,245.14,240.85,26.83M,-0.09%,244.52,26830000.0,253.98200000000003,268.57660000000004,-0.0008989131323036137,0.022757495340696845,28.413591828225947,-7.3144318957426435,282.7122066444899,239.57479335551014
2022-09-20,242.45,242.06,243.51,239.64,26.66M,-0.85%,242.45,26660000.0,252.90199999999996,268.1354,-0.008465565188941704,0.022690255286175545,28.52658015906232,-7.746263569452594,281.0026086460719,237.75439135392807
2022-09-21,238.95,244.27,247.66,238.9,28.63M,-1.44%,238.95,28630000.0,250.988,267.841,-0.014435966178593551,0.02131333301369606,27.380474085978264,-8.275518999630435,279.39878995945634,235.6092100405437
2022-09-22,240.98,237.87,243.86,237.57,31.06M,0.85%,240.98,31060000.0,249.234,267.6062,0.008495501150868279,0.021743573393052763,30.86322428064642,-8.433932581682797,277.0640641388174,234.46293586118264
2022-09-23,237.92,239.54,241.13,235.2,34.18M,-1.27%,237.92,34180000.0,246.58,267.283,-0.012698149224002031,0.01908180778877199,31.661949049737117,-8.706035159282976,273.48823066745126,233.94576933254874
2022-09-26,237.45,237.04,241.45,236.9,27.69M,-0.20%,237.45,27690000.0,243.66,266.8976,-0.0019754539340954835,0.01822545775620452,33.234295415959224,-8.857499741057666,272.0151954763912,232.35480452360875
2022-09-27,236.41,239.98,241.8,234.5,27.02M,-0.44%,236.41,27020000.0,242.102,266.5408,-0.004379869446199169,0.009895989014834409,24.976915974145882,-8.958191367906124,270.7704198130028,230.71758018699722
2022-09-28,241.07,236.81,242.33,234.73,29.03M,1.97%,241.07,29030000.0,240.987,266.1716,0.019711518125290706,0.012785678482887702,31.650893796004198,-8.563255276486473,269.25111470869786,230.0468852913021
2022-09-29,237.5,238.89,239.95,234.41,27.48M,-1.48%,237.5,27480000.0,240.199,265.67620000000005,-0.014808976645787508,0.010797196771728811,20.163789287295245,-8.441031782907118,267.9402430244274,228.96075697557256
2022-09-30,232.9,238.29,240.54,232.73,35.69M,-1.94%,232.9,35690000.0,239.01500000000001,265.0374,-0.01936842105263159,0.011934904241268971,14.540869930657692,-8.616030108075392,266.8931045873177,227.25789541268233
2022-10-03,240.74,235.41,241.61,234.66,28.88M,3.37%,240.74,28880000.0,238.637,264.645,0.033662516101331086,0.017102217681288688,36.20309050772626,-8.02953557528042,265.84723727674384,226.7717627232561
2022-10-04,248.88,245.09,250.36,244.97,34.89M,3.38%,248.88,34890000.0,239.28000000000003,264.44599999999997,0.03381241173049765,0.02012694250880352,46.569433032046014,-6.829181903429344,265.3983052986445,226.78369470135542
2022-10-05,249.2,245.99,250.58,244.1,20.35M,0.13%,249.2,20350000.0,240.30499999999998,264.392,0.0012857602057216866,0.019224677265723807,54.5303605313093,-5.785381369603783,264.1846850868989,227.10831491310103
2022-10-06,246.79,247.93,250.34,246.08,20.24M,-0.97%,246.79,20240000.0,240.88599999999997,263.95300000000003,-0.009670947030497534,0.019645622167366254,52.3332574550421,-5.093909368804788,262.5985674263537,227.52143257364628
2022-10-07,234.24,240.9,241.32,233.17,37.77M,-5.09%,234.24,37770000.0,240.51799999999997,263.1096,-0.05085295190242711,0.025707503634066344,40.863846427301816,-5.495247153149705,259.1503250449516,227.94767495504834
2022-10-10,229.25,233.05,234.56,226.73,29.74M,-2.13%,229.25,29740000.0,239.698,262.0798,-0.02130293715846998,0.026482267087624894,38.84758364312268,-6.145124367059253,254.3033172196957,229.0546827803043
2022-10-11,225.41,227.62,229.06,224.11,30.47M,-1.68%,225.41,30470000.0,238.598,261.0278,-0.01675027262813522,0.026830594712310404,38.62567204301076,-6.89058230539797,253.96162351584832,226.73837648415167
2022-10-12,225.75,225.4,227.86,223.96,21.90M,0.15%,225.75,21900000.0,237.06599999999997,260.0464,0.0015083625393728095,0.025600146520229846,36.832094068822414,-7.368982886086172,252.92305356744936,225.1299464325507
2022-10-13,234.24,219.85,236.1,219.13,42.55M,3.76%,234.24,42550000.0,236.74,259.0818,0.03760797342192701,0.028816791267591367,47.09136895352515,-6.982556185644313,252.18565332757777,224.75334667242225
2022-10-14,228.56,235.54,237.24,228.34,30.20M,-2.42%,228.56,30200000.0,236.30599999999998,257.98,-0.02424863387978149,0.029201062963289875,43.50810573974004,-7.0533323470001505,251.72366947881366,223.59733052118636
2022-10-17,237.53,235.82,238.96,235.13,28.14M,3.92%,237.53,28140000.0,235.98499999999999,257.0724,0.03924571228561424,0.029990655514998518,50.732984293193724,-6.312848344108005,250.99881078956346,223.62318921043655
2022-10-18,238.5,243.24,243.93,235.37,26.33M,0.41%,238.5,26330000.0,234.94699999999997,256.23600000000005,0.004083694691196849,0.02753641525209961,48.23270526750103,-5.5833768507411605,250.60163166416456,223.62536833583547
2022-10-19,236.48,237.04,239.61,234.29,19.99M,-0.85%,236.48,19990000.0,233.675,255.31959999999998,-0.008469601677148941,0.02750469870657696,49.28330522765597,-5.109364975872637,250.45253749446363,223.5274625055364
2022-10-20,236.15,235.77,241.31,234.87,21.81M,-0.14%,236.15,21810000.0,232.61100000000002,254.2594,-0.0013954668470905762,0.027469171799295297,52.42936163851099,-4.706086555666559,250.08234024914952,223.4146597508505
2022-10-21,242.12,234.74,243.0,234.5,26.30M,2.53%,242.12,26300000.0,233.39899999999997,253.3614,0.02528054202837171,0.023291058641172594,51.0612119347893,-3.860257747178423,250.50069336197046,223.41630663802957
2022-10-24,247.25,243.76,247.84,241.29,24.91M,2.12%,247.25,24910000.0,235.19899999999998,252.4682,0.021187840740128916,0.02209734643315277,48.68569585550718,-2.744349048252616,251.75329238799088,223.14370761200917
2022-10-25,250.66,247.26,251.04,245.83,34.78M,1.38%,250.66,34780000.0,237.72400000000002,251.612,0.013791708796764501,0.02036945305418811,51.121351766513065,-1.5667641810229895,253.62090249851266,222.70109750148734
2022-10-26,231.32,231.17,238.3,230.06,82.68M,-7.72%,231.32,82680000.0,238.281,250.3842,-0.07715630734859968,0.03460043670503044,40.57052297939778,-2.1690921148912707,253.3604013746248,221.98659862537525
2022-10-27,226.75,231.04,233.69,225.78,40.42M,-1.98%,226.75,40420000.0,237.53199999999998,249.09279999999998,-0.01975618191250217,0.032939249008091344,44.94260634706279,-2.980840870886169,253.56696742516036,220.7050325748397
2022-10-28,235.87,226.24,236.6,226.05,40.65M,4.02%,235.87,40650000.0,238.263,248.0068,0.040220507166482955,0.034533039045852046,54.233819391148636,-2.8553352994190675,253.607601453247,220.96139854675295
2022-10-31,232.13,233.76,234.92,231.15,28.36M,-1.59%,232.13,28360000.0,237.723,246.9264,-0.01585619197015309,0.03257207334405316,54.30327868852459,-3.0228128682192903,253.24738171979448,220.4606182802055
2022-11-01,228.17,234.6,235.74,227.32,30.59M,-1.71%,228.17,30590000.0,236.69,245.9348,-0.017059406367121888,0.03283239338780338,51.48102815177477,-3.435476913652849,251.61903999744615,220.01796000255385
2022-11-02,220.1,229.46,231.3,220.04,38.41M,-3.54%,220.1,38410000.0,235.052,244.808,-0.035368365692246995,0.034314838745590874,41.30167322834645,-4.3633991496631666,250.33411284789088,218.39288715210915
2022-11-03,214.25,220.09,220.41,213.98,36.63M,-2.66%,214.25,36630000.0,232.862,243.5772,-0.02657882780554288,0.03481005436176418,41.21546961325967,-5.507345070757708,249.9578432754506,215.51515672454946
2022-11-04,221.39,217.55,221.59,213.43,36.79M,3.33%,221.39,36790000.0,230.78900000000004,242.428,0.033325554259043155,0.03577330921310716,39.864355689525226,-5.771264580780382,250.02342938007564,214.16457061992435
2022-11-07,227.87,221.99,228.41,221.28,33.50M,2.93%,227.87,33500000.0,228.85100000000003,241.6236,0.029269614707078118,0.036595965343349066,43.756607541407256,-5.39534665181489,250.01104546806582,214.0389545319342
2022-11-08,228.87,228.7,231.65,225.84,28.19M,0.44%,228.87,28190000.0,226.67200000000003,240.8964,0.004388467108439098,0.03610512898672858,45.476162168588765,-4.9595665461944805,249.98156378943807,214.41443621056183
2022-11-09,224.51,227.37,228.63,224.33,27.85M,-1.91%,224.51,27850000.0,225.99099999999999,240.1272,-0.019050115786254262,0.027461533900906956,43.39686861810755,-4.909430377446938,250.02256467267696,214.24943532732297
2022-11-10,242.98,235.43,243.33,235.0,46.27M,8.23%,242.98,46270000.0,227.61399999999998,239.7574,0.08226805042091656,0.03751157859995494,50.42726550079491,-3.340811665437343,251.09189402177827,214.05410597822174
2022-11-11,247.11,242.99,247.99,241.93,34.62M,1.70%,247.11,34620000.0,228.738,239.4916,0.01699728372705578,0.03595104610555184,49.92974708952229,-1.7443062738009303,253.00501982707056,213.99598017292948
2022-11-14,241.55,241.99,243.91,239.21,31.12M,-2.25%,241.55,31120000.0,229.67999999999998,239.2014,-0.022500101169519615,0.03644213713425393,45.5251006975145,-0.9171375906236392,253.46203725565059,213.94096274434938
2022-11-15,241.97,245.66,247.0,240.03,31.39M,0.17%,241.97,31390000.0,231.06,238.97580000000002,0.0017387704409024263,0.03567934545121689,56.4257270423555,-0.22511497456596885,253.87244667912847,213.87755332087153
2022-11-16,241.73,242.79,243.8,240.42,24.09M,-0.10%,241.73,24090000.0,233.223,238.64860000000002,-0.0009918584948547249,0.032737404419520465,59.53654188948305,0.30048810040304375,254.41479752055773,213.86020247944225
2022-11-17,241.68,237.78,243.25,237.63,23.12M,-0.02%,241.68,23120000.0,235.96599999999998,238.3118,-0.00020684234476475716,0.030456227985491618,54.18166114869728,0.7048724115564937,254.9559308271067,213.87206917289328
2022-11-18,241.22,243.51,243.74,239.03,27.61M,-0.19%,241.22,27610000.0,237.94899999999998,237.847,-0.0019033432638199121,0.029813427560447577,56.86659616256232,0.9769698358327616,254.84368567975056,213.89431432024938
2022-11-21,242.05,241.43,244.67,241.19,26.39M,0.34%,242.05,26390000.0,239.36700000000002,237.355,0.0034408423845453395,0.028969236255544168,61.00539169045355,1.2452288453274605,254.0192522123219,214.19874778767806
2022-11-22,245.03,243.59,245.31,240.71,19.67M,1.23%,245.03,19670000.0,240.98300000000003,237.21579999999997,0.012311505887213414,0.02901586724825053,71.50250129377264,1.678933438574603,252.89377761535113,214.7612223846489
2022-11-23,247.58,245.1,248.28,244.27,19.51M,1.04%,247.58,19510000.0,243.29000000000002,237.123,0.010406888952373183,0.027509826888625317,80.48289738430583,2.203016143385611,254.62132393855498,214.65967606144508
2022-11-25,247.49,247.31,248.7,246.73,9.20M,-0.04%,247.49,9200000.0,243.74099999999999,237.16519999999997,-0.0003635188625898955,0.010743730938663945,77.40445191096177,2.581337166888403,256.08235275099634,215.27264724900368
2022-11-28,241.76,246.08,246.65,240.8,24.81M,-2.32%,241.76,24810000.0,243.206,237.10559999999998,-0.0231524506040649,0.011910694958727784,64.81758054192443,2.391231562317813,256.55776779694753,215.38623220305254
2022-11-29,240.33,241.4,242.79,238.21,17.96M,-0.59%,240.33,17960000.0,243.084,237.02179999999996,-0.005914956982130959,0.009709073988283738,62.11416490486258,2.100963848624957,256.9722118800056,215.7917881199944
2022-11-30,255.14,240.57,255.33,239.86,47.59M,6.16%,255.14,47590000.0,244.40099999999998,237.27560000000003,0.061623600882120266,0.02195888436764698,76.51948051948051,3.0310280176847186,259.552032075123,215.90896792487695
2022-12-01,254.69,253.87,256.12,250.92,26.04M,-0.18%,254.69,26040000.0,245.69699999999997,237.59039999999996,-0.0017637375558516855,0.021985677343788073,64.73697457840424,3.6892717054929562,260.87724931968165,218.0427506803183
2022-12-02,255.02,249.82,256.06,249.69,21.53M,0.13%,255.02,21530000.0,247.031,237.8712,0.0012956928030154469,0.021947840518387992,61.00751461174506,4.189271498442508,260.42927725210365,222.5677227478963
2022-12-05,250.2,252.01,253.82,248.06,23.44M,-1.89%,250.2,23440000.0,247.92900000000003,238.1168,-0.01890047839385156,0.023214904559723328,62.29042341574307,4.148766817722731,259.68566709968604,226.192332900314
2022-12-06,245.12,250.82,251.86,243.78,22.46M,-2.03%,245.12,22460000.0,248.23600000000002,238.27020000000002,-0.020303756994404454,0.024448443903637773,53.95232120451694,3.664510822085049,258.9842149295478,228.61878507045225
2022-12-07,244.37,244.83,246.16,242.21,20.48M,-0.31%,244.37,20480000.0,248.17,238.4294,-0.0030597258485639545,0.02417654222165106,53.27056491575819,3.1835181095816267,258.0344771296203,231.11852287037965
2022-12-08,247.4,244.84,248.74,243.06,22.61M,1.24%,247.4,22610000.0,248.152,238.55599999999998,0.012399230674796424,0.024279941788893512,56.5989847715736,3.012101960360013,255.3391471024588,236.1028528975412
2022-12-09,245.42,244.7,248.31,244.16,20.61M,-0.80%,245.42,20610000.0,247.94500000000002,238.71439999999998,-0.008003233629749418,0.024418947692308353,54.68123049487293,2.685526892333314,255.3762815358842,236.30971846411578
2022-12-12,252.51,247.45,252.54,247.17,30.67M,2.89%,252.51,30670000.0,249.01999999999998,239.1066,0.028889251079781575,0.024618065483873304,60.230829420970245,2.9646429855621648,256.09279031529053,236.13320968470947
2022-12-13,256.92,261.69,263.92,253.07,42.20M,1.75%,256.92,42200000.0,250.679,239.4302,0.017464654865154028,0.024615921167215022,61.31303520456708,3.501333451931629,257.7126486002327,236.05035139976735
2022-12-14,257.22,257.13,262.59,254.31,35.41M,0.12%,257.22,35410000.0,250.88700000000003,239.597,0.0011676786548342477,0.01539820986953577,59.58250497017893,3.905847823566603,259.14570769930793,236.1422923006921
2022-12-15,249.01,253.72,254.2,247.34,35.57M,-3.19%,249.01,35570000.0,250.31900000000002,239.5932,-0.031918202317082756,0.018601292436106944,51.3009243409791,3.523335176573312,259.17764608591193,236.83835391408803
2022-12-16,244.69,248.55,249.84,243.51,86.10M,-1.73%,244.69,86100000.0,249.286,239.5512,-0.01734870085538731,0.019149759319835133,52.569724609717596,2.8388784283412463,259.04670950919416,237.27029049080585
2022-12-19,240.45,244.86,245.21,238.71,29.70M,-1.73%,240.45,29700000.0,248.31099999999998,239.67539999999997,-0.017328047733867424,0.019019473257905088,50.100300902708106,1.9320376321099673,259.11641855573663,237.1235814442634
2022-12-20,241.8,239.4,242.91,238.42,25.15M,0.56%,241.8,25150000.0,247.97899999999998,239.9264,0.005614472863381348,0.018272498674812596,35.61259706643665,1.3072246136140961,259.13349965632915,237.0815003436709
2022-12-21,244.43,241.69,245.62,240.11,23.69M,1.09%,244.43,23690000.0,247.98499999999999,240.3068,0.010876757650951197,0.018643636367009726,39.43139678615578,1.0126021676288701,259.1419539903955,237.01304600960438
2022-12-22,238.19,241.26,241.99,233.87,28.65M,-2.55%,238.19,28650000.0,247.064,240.55559999999997,-0.025528781246164534,0.019709417277793226,34.545454545454575,0.2724552123113426,259.52536212424206,235.69063787575794
2022-12-23,238.73,236.11,238.87,233.94,21.21M,0.23%,238.73,21210000.0,246.39499999999998,240.6454,0.0022670976951173483,0.01972271965785702,38.568865856089324,-0.2674599830207569,259.73209670733877,234.60790329266123
2022-12-27,236.96,238.7,238.93,235.83,16.69M,-0.74%,236.96,16690000.000000002,244.84,240.8134,-0.007414233653080804,0.01633610394346466,41.293213828425124,-0.8286190678761614,260.0961751629459,233.76382483705405
2022-12-28,234.53,236.89,239.72,234.17,17.46M,-1.03%,234.53,17460000.0,242.60100000000003,240.7534,-0.010254895340985892,0.01406566713626838,39.86402966625465,-1.4526768230434755,260.64692911234357,232.63307088765646
2022-12-29,241.01,235.65,241.92,235.65,19.77M,2.76%,241.01,19770000.0,240.97999999999996,240.80360000000002,0.027629727540186666,0.018099151341417305,43.854587420657815,-1.4081331631541332,259.5553543833955,232.31164561660452
2022-12-30,239.82,238.21,239.96,236.66,21.94M,-0.49%,239.82,21940000.0,240.061,240.87040000000002,-0.004937554458321225,0.015716821589537425,44.53125000000001,-1.4521159576778189,258.416994725712,231.963005274288
2023-01-03,239.58,243.08,245.75,237.4,25.74M,-0.10%,239.58,25740000.0,239.55,240.93900000000002,-0.001000750562922148,0.014964984774521396,35.42277339346114,-1.489172381219987,257.01668096689474,231.81931903310533
2023-01-04,229.1,232.27,232.87,225.96,50.62M,-4.37%,229.1,50620000.0,238.41500000000002,240.67860000000002,-0.04374321729693642,0.019587199172799996,22.41174137247124,-2.3372459622719077,257.37728759667937,229.3487124033206
2023-01-05,222.31,227.2,227.55,221.76,39.59M,-2.96%,222.31,39590000.0,236.46599999999998,240.1798,-0.02963771278917504,0.02067672031839192,19.328764716218586,-3.51670821566276,259.0624785910704,225.3825214089296
2023-01-06,224.93,223.0,225.76,219.35,43.61M,1.18%,224.93,43610000.0,234.51600000000002,239.6652,0.01178534478880855,0.020771516393986573,26.53936087295402,-4.1917090328132645,259.7326466912298,222.7683533087703
2023-01-09,227.12,226.45,231.24,226.41,27.37M,0.97%,227.12,27370000.0,233.40900000000002,239.5812,0.009736362423865108,0.020472066304404863,32.14067899979672,-4.498086208269484,259.5065588861071,220.96644111389298
2023-01-10,228.85,227.76,231.31,227.33,27.03M,0.76%,228.85,27030000.0,232.421,239.6232,0.007617118703768799,0.020738391379804818,37.574978577549274,-4.548859366153749,259.15853640844733,219.65746359155264
2023-01-11,235.77,231.29,235.95,231.11,28.67M,3.02%,235.77,28670000.0,232.302,239.6212,0.030238147258029313,0.02331238757356271,44.22966507177033,-3.984777260608354,257.3800615340008,219.76193846599918
2023-01-12,238.51,235.26,239.9,233.56,27.27M,1.16%,238.51,27270000.0,232.7,239.74880000000002,0.011621495525300007,0.02329634826117057,44.34682964094727,-3.2788465253735524,254.3637490463276,220.93725095367245
2023-01-13,239.23,237.0,239.37,234.92,21.33M,0.30%,239.23,21330000.0,232.52200000000002,239.97,0.0030187413525637474,0.021511397462725217,51.110162254483335,-2.630965219701011,250.74481652920292,222.75718347079703
2023-01-17,240.35,237.97,240.91,237.09,29.83M,0.47%,240.35,29830000.0,232.575,240.375,0.0046816870793797705,0.02150748719303475,51.70814002530578,-2.0040386671689703,249.2069811773405,223.42901882265957
2023-01-18,235.81,241.57,242.38,235.52,30.03M,-1.89%,235.81,30030000.0,232.198,240.8062,-0.0188891200332848,0.022366621009998023,48.85435345686391,-1.8521840899182394,248.14568482407435,223.60231517592558
2023-01-19,231.93,233.78,235.52,230.68,28.62M,-1.65%,231.93,28620000.0,232.481,241.017,-0.016453924769941897,0.01782399470000224,47.482571649883816,-2.0216178645517857,247.64211868593557,223.25388131406444
2023-01-20,240.22,234.85,240.74,234.51,35.39M,3.57%,240.22,35390000.0,234.27200000000002,241.26399999999998,0.035743543310481574,0.017164586439666306,49.26099158091675,-1.4700162023467556,247.40935128008047,223.32864871991953
2023-01-23,242.58,241.1,245.16,239.65,31.93M,0.98%,242.58,31930000.0,236.03699999999998,241.5382,0.009824327699608837,0.017126551207206044,52.526547052361785,-0.8328352282277365,247.04920218949215,223.5037978105079
2023-01-24,242.04,242.5,243.95,240.44,40.23M,-0.22%,242.04,40230000.0,237.529,241.8888,-0.0022260697501855775,0.017385402515050746,52.23962126729787,-0.36720528863901336,247.5637903530643,223.3742096469357
2023-01-25,240.61,234.48,243.3,230.9,66.53M,-0.59%,240.61,66530000.0,238.705,241.84140000000002,-0.005908114361262484,0.017811251386251527,62.54632657510358,-0.11228490533005697,247.79297026292156,223.33302973707848
2023-01-26,248.0,243.65,248.31,242.0,33.45M,3.07%,248.0,33450000.000000004,239.92800000000003,241.85920000000002,0.030713602925896533,0.017886095803729768,77.64148913277384,0.6782343112833189,249.54788267061355,222.68211732938647
2023-01-27,248.16,248.99,249.83,246.83,26.50M,0.06%,248.16,26500000.0,240.89299999999997,241.99140000000003,0.00064516129032266,0.017785611356885198,76.39172915246536,1.3026213406951115,251.23608050857155,222.3569194914284
2023-01-30,242.71,244.51,245.6,242.2,25.87M,-2.20%,242.71,25870000.0,241.24099999999999,242.00619999999998,-0.021961637653126975,0.019616711218169373,66.49037444467952,1.342210935354558,251.44499766405337,222.31800233594666
2023-01-31,247.81,243.45,247.95,242.95,26.54M,2.10%,247.81,26540000.0,241.987,242.12779999999998,0.021012731243047256,0.020557431184198803,68.72037914691946,1.764770179770295,252.602527888643,221.959472111357
2023-02-01,252.75,248.0,255.18,245.47,31.26M,1.99%,252.75,31260000.0,243.68099999999998,242.3492,0.019934627335458588,0.019553276872083004,67.44759556103577,2.4697978478479286,254.7379391192296,221.14106088077043
2023-02-02,264.6,258.82,264.69,257.25,39.94M,4.69%,264.6,39940000.0,246.948,242.8168,0.04688427299703268,0.021249043263634287,72.58092435520169,3.939323253346373,259.7671879416342,219.6618120583658
2023-02-03,258.35,259.54,264.2,257.1,29.08M,-2.36%,258.35,29080000.0,248.76100000000002,243.1428,-0.02362055933484508,0.022584261641744777,65.10268562401268,4.54719275049365,261.4608702912911,221.57212970870893
2023-02-06,256.77,257.44,258.3,254.78,22.52M,-0.61%,256.77,22520000.0,250.18,243.37760000000003,-0.006115734468744138,0.0229636624838634,62.87641154328732,4.845584034577797,262.5551236008728,223.6618763991272
2023-02-07,267.56,260.53,268.77,260.08,50.84M,4.20%,267.56,50840000.0,252.73200000000003,243.77720000000002,0.04202204307356783,0.025354764936094336,72.67533209541493,5.884886789520323,265.939339695524,224.321660304476
2023-02-08,266.73,273.2,276.76,266.21,54.69M,-0.31%,266.73,54690000.0,255.344,244.162,-0.003102107938406262,0.025169564501959462,75.98566308243727,6.565880266589005,268.47959923440624,225.56940076559385
2023-02-09,263.62,273.8,273.98,262.8,42.38M,-1.17%,263.62,42380000.0,256.906,244.59920000000002,-0.01165973081393179,0.024980984757448955,68.93816769180964,6.776506150143234,270.4049958637794,226.42900413622058
2023-02-10,263.1,261.53,264.09,260.66,25.82M,-0.20%,263.1,25820000.0,258.4,245.05460000000002,-0.001972536226386379,0.02506161918990649,67.11711711711712,6.822819806487502,272.04809888561283,227.24490111438712
2023-02-13,271.32,267.64,274.6,267.15,44.63M,3.12%,271.32,44630000.0,261.261,245.3782,0.03124287343215504,0.024059915134438847,71.65039929015086,7.437078998136315,275.063641401714,227.43835859828607
2023-02-14,272.17,272.67,274.97,269.28,37.05M,0.31%,272.17,37050000.0,263.697,245.72780000000003,0.0031328320802006537,0.023935390260481564,73.5381861575179,7.901389430361036,277.81186023189355,227.87213976810645
2023-02-15,269.32,268.32,270.73,266.18,28.96M,-1.05%,269.32,28960000.0,265.354,246.0138,-0.010471396553624612,0.02441371752118403,67.05599999999998,7.947770658681122,279.1703980894908,229.86460191050924
2023-02-16,262.15,264.02,266.74,261.9,29.60M,-2.66%,262.15,29600000.0,265.10900000000004,246.25279999999998,-0.02662260507945946,0.02188316699157072,60.0633002445691,7.321570530912737,278.45631663353913,233.60068336646088
2023-02-17,258.06,259.39,260.09,256.0,30.00M,-1.56%,258.06,30000000.0,265.08,246.5116,-0.015601754720579675,0.02108291781335465,61.261922230374154,6.4212533877219755,278.08446189653955,235.75653810346049
2023-02-21,252.67,254.48,255.49,251.59,28.40M,-2.09%,252.67,28400000.0,264.66999999999996,246.67759999999998,-0.020886615515771534,0.022060402007264245,53.550555230859125,5.212728521829263,277.60792399660943,237.24207600339062
2023-02-22,251.51,254.09,254.34,250.34,22.49M,-0.46%,251.51,22490000.0,263.065,246.75979999999998,-0.004590968456880451,0.015944829702245544,49.04113826167646,4.11393862949933,276.97573611781894,238.82126388218109
2023-02-23,254.77,255.56,256.84,250.48,29.22M,1.30%,254.77,29220000.0,261.869,246.9468,0.012961711263965725,0.017046314873334963,41.23417157125022,3.4662378462835477,275.95487747608996,241.25812252391
2023-02-24,249.22,249.96,251.0,248.1,24.99M,-2.18%,249.22,24990000.0,260.429,246.88099999999997,-0.021784354515837823,0.01780606917776274,41.755463247245785,2.476543638963136,275.86678746994943,241.4682125300506
2023-02-27,250.16,252.46,252.82,249.39,21.19M,0.38%,250.16,21190000.0,259.135,246.74579999999997,0.003771767915897506,0.01802239370266298,43.96126438881785,1.7479052299347302,275.7311985478205,241.80380145217956
2023-02-28,249.42,249.07,251.49,248.73,22.49M,-0.30%,249.42,22490000.0,256.945,246.5898,-0.0029581068116405485,0.012930537659597788,29.70008952551477,1.0980841945998066,274.95876315613447,243.24723684386558
2023-03-01,246.27,250.76,250.93,245.79,27.57M,-1.26%,246.27,27570000.0,254.35499999999996,246.535,-0.012629299975944086,0.012328025573574231,28.2340425531915,0.3251693185442548,275.12575665067016,242.92624334932975
2023-03-02,251.11,246.55,251.4,245.61,24.83M,1.97%,251.11,24830000.0,252.53400000000002,246.6634,0.019653226133918178,0.015452451664719983,37.16396470346811,0.10200046330365353,275.1943485306837,242.6936514693163
2023-03-03,255.29,252.19,255.62,251.39,30.76M,1.66%,255.29,30760000.0,251.848,246.96020000000001,0.01664609135438644,0.015364153798303998,42.5462874594388,0.25943796460168755,274.5793548645312,242.3776451354689
2023-03-06,256.87,256.42,260.12,255.98,24.11M,0.62%,256.87,24110000.0,251.72899999999998,247.2616,0.006189039915390326,0.014842497523564192,34.207650273224075,0.5058697623183832,274.5214377723614,242.28756222763855
2023-03-07,254.15,256.3,257.69,253.39,21.47M,-1.06%,254.15,21470000.0,251.877,247.456,-0.010589013898080757,0.013562370205140494,31.07937841243175,0.4761981535514792,274.4886680452938,242.05833195470612
2023-03-08,253.7,254.04,254.54,250.81,17.34M,-0.18%,253.7,17340000.0,252.09599999999995,247.76620000000003,-0.0017706079087154158,0.013469888948135646,32.728881026094655,0.411626971143761,273.30174472774826,241.8592552722517
2023-03-09,252.32,255.82,259.56,251.58,26.65M,-0.54%,252.32,26650000.0,251.85099999999997,248.03799999999998,-0.005439495467087108,0.012890953093257062,37.53487192493028,0.24626063767740902,272.13002843551175,241.5899715644883
2023-03-10,248.59,251.08,252.79,247.6,28.33M,-1.48%,248.59,28330000.0,251.788,248.2706,-0.014782815472415889,0.01177161944378257,37.88072690043513,-0.18365612657888164,271.4569143189305,240.76008568106948
2023-03-13,253.92,247.4,257.91,245.73,33.34M,2.14%,253.92,33340000.000000004,252.16400000000004,248.6584,0.021440926827305917,0.013614343960085457,51.60215329402717,-0.09320736778730065,270.66297110887865,240.63602889112147
2023-03-14,260.79,256.75,261.07,255.86,33.62M,2.71%,260.79,33620000.0,253.30100000000002,249.05399999999997,0.0270557655954633,0.015658617299804996,60.37567084078715,0.5267534246310106,268.46850284987727,241.7774971501227
2023-03-15,265.44,259.98,266.48,259.21,46.03M,1.78%,265.44,46030000.0,255.21800000000002,249.5664,0.017830438283676475,0.01488296830485275,61.57015831706787,1.3774149751053812,266.57018412591077,243.0028158740892
2023-03-16,276.2,265.2,276.56,263.28,54.83M,4.05%,276.2,54830000.0,257.727,250.2988,0.040536467751657534,0.017914825955443657,76.28604832424007,2.886538241430287,268.9298965924631,241.3311034075369
2023-03-17,279.43,278.26,283.33,276.32,69.53M,1.17%,279.43,69530000.0,260.14099999999996,251.30539999999996,0.011694424330195519,0.017769706468377052,77.29901137847418,4.293668569845124,273.35005906695613,238.63894093304387
2023-03-20,272.23,276.98,277.48,269.85,43.47M,-2.58%,272.23,43470000.0,261.677,252.30380000000002,-0.02576673943384744,0.02096135965073922,68.98618278674883,4.77283143604086,275.5098241813911,237.89617581860887
2023-03-21,273.78,274.88,275.0,269.52,34.56M,0.57%,273.78,34560000.0,263.64,253.28079999999997,0.005693714873452382,0.02014423360743411,73.52488455618266,5.217499420256502,277.93214750570627,237.58485249429376
2023-03-22,272.29,273.4,281.04,272.18,34.87M,-0.54%,272.29,34870000.0,265.499,254.18420000000003,-0.0054423259551462655,0.02036723541602429,69.2126269956459,5.387566935864072,279.74187030251073,237.8531296974893
2023-03-23,277.66,277.94,281.06,275.2,36.61M,1.97%,277.66,36610000.0,268.033,255.1604,0.019721620331264456,0.020174285669196983,69.8632569703428,5.887790010076742,282.40620366529953,237.47779633470049
2023-03-24,280.57,277.24,280.63,275.28,28.20M,1.05%,280.57,28200000.0,271.231,256.0564,0.010480443708132059,0.018243521743996426,70.55863983344904,6.444742105142723,285.1669416688713,237.85205833112872
2023-03-27,276.38,280.5,281.46,275.52,26.84M,-1.49%,276.38,26840000.0,273.477,256.8138,-0.014933884592080449,0.019785040516585736,68.80392488580615,6.473411215463443,286.73438187467775,238.90661812532224
2023-03-28,275.23,275.79,276.14,272.05,21.88M,-0.42%,275.23,21880000.0,274.921,257.5338,-0.004160937839206791,0.019012392698660303,67.99866243103168,6.330363809413143,287.76426184249686,240.45773815750312
2023-03-29,280.51,278.96,281.14,278.41,25.09M,1.92%,280.51,25090000.0,276.428,258.337,0.019183955237437766,0.01911395818577286,72.123685449694,6.56734531396728,288.9906808461639,242.65531915383605
2023-03-30,284.05,284.23,284.46,281.48,25.05M,1.26%,284.05,25050000.0,277.213,259.3018,0.01261987094934236,0.015072048048157162,77.91246851385398,6.960566204270833,290.915438564333,244.02456143566695
2023-03-31,288.3,283.73,289.27,283.0,32.77M,1.50%,288.3,32770000.000000004,278.1,260.4292,0.01496215455025518,0.015317116956082908,77.53042921204364,7.528353896625163,293.58131418363945,244.65968581636054
2023-04-03,287.23,286.52,288.27,283.95,24.88M,-0.37%,287.23,24880000.0,279.6,261.36940000000004,-0.003711411723898661,0.011879019418333966,73.34039548022606,7.802052471585114,295.660036218567,245.61696378143307
2023-04-04,287.18,287.23,290.45,285.67,25.82M,-0.02%,287.18,25820000.0,280.94,262.26140000000004,-0.00017407652404000107,0.012009375031808567,70.88777863182175,7.923587794170999,297.0884235492203,247.49157645077975
2023-04-05,284.34,285.85,287.15,282.92,22.06M,-0.99%,284.34,22060000.0,282.145,263.1074,-0.009889268054878553,0.012505122075862938,59.224841341795106,7.701957772901608,297.547369588385,250.09663041161502
2023-04-06,291.6,283.21,292.08,282.03,29.77M,2.55%,291.6,29770000.0,283.53900000000004,264.12719999999996,0.025532812829710982,0.013398818334546383,62.63759086188997,8.01968971893956,298.4984722518193,253.07352774818068
2023-04-10,289.39,289.21,289.6,284.71,23.10M,-0.76%,289.39,23100000.0,284.421,264.955,-0.007578875171467936,0.013788109335049066,69.87951807228913,8.000936232571064,297.3602197990621,258.2917802009378
2023-04-11,282.83,285.75,285.98,281.64,27.28M,-2.27%,282.83,27280000.0,285.066,265.6484,-0.022668371401914356,0.015074366624252584,59.39381357691509,7.371759726355606,295.3259209684357,263.2170790315642
2023-04-12,283.49,284.79,287.01,281.96,27.40M,0.23%,283.49,27400000.0,285.892,266.464,0.0023335572605451826,0.014898616429401827,61.82931981411065,6.847456085003273,293.976990081526,266.83600991847396
2023-04-13,289.84,283.59,289.9,283.17,24.22M,2.24%,289.84,24220000.0,286.825,267.30460000000005,0.02239937916681356,0.015314147590956508,62.60347682119198,6.865195897789874,293.8522558586759,269.400744141324
2023-04-14,286.14,287.0,288.48,283.69,20.99M,-1.28%,286.14,20990000.0,287.034,267.9724,-0.012765663814518269,0.01571165031949267,55.67094278151088,6.505702065667833,294.2279824668233,270.0190175331768
2023-04-17,288.8,289.93,291.6,286.16,23.84M,0.93%,288.8,23840000.0,287.08399999999995,268.4564,0.009296148738379806,0.015241063096355206,63.05170239596468,6.362102031205666,294.97954654779704,270.2044534522029
2023-04-18,288.37,291.57,291.76,287.01,20.16M,-0.15%,288.37,20160000.0,287.198,269.0568,-0.0014889196675900163,0.015192561246487657,64.02048655569777,6.142790300146032,295.02368317622114,271.77431682377886
2023-04-19,288.45,285.99,289.05,284.54,17.15M,0.03%,288.45,17150000.0,287.325,269.6904,0.0002774213683809368,0.015191007310561987,59.5295247239558,5.9073433279466485,295.0302059391868,273.23479406081316
2023-04-20,286.11,285.25,289.03,285.08,23.24M,-0.81%,286.11,23240000.0,287.50199999999995,270.0614,-0.008112324492979606,0.015065267356944067,52.54572417202175,5.468889508383597,294.2068677603757,275.44013223962423
2023-04-21,285.76,285.01,286.27,283.06,21.68M,-0.12%,285.76,21680000.0,286.918,270.442,-0.001223305721575696,0.012289593411566862,46.52625820568927,5.035127803502178,293.98853911311465,276.46846088688534
2023-04-24,281.77,282.09,284.95,278.72,26.61M,-1.40%,281.77,26610000.0,286.156,270.805,-0.013962765957446832,0.012770688396290888,43.0851063829787,4.319615039808809,293.92982610438037,276.64717389561963
2023-04-25,275.42,279.51,281.6,275.37,45.77M,-2.25%,275.42,45770000.0,285.415,271.0514,-0.022536111012527837,0.012747633021226114,37.15596330275233,3.2032490279144668,294.0981377390324,276.3828622609676
2023-04-26,295.37,296.7,299.57,292.73,64.60M,7.24%,295.37,64599999.99999999,286.60299999999995,271.5324,0.07243482680996283,0.027026607365176248,58.76927969470507,3.883552021126377,294.8899895901543,277.6050104098457
2023-04-27,304.83,295.97,305.2,295.25,46.46M,3.20%,304.83,46460000.0,288.102,272.18559999999997,0.03202762636692946,0.027895363311476212,60.16285143647256,5.126939813288118,299.04940118704275,275.8775988129573
2023-04-28,307.26,304.01,308.93,303.31,36.47M,0.80%,307.26,36470000.0,290.21400000000006,272.9444,0.00797165633303809,0.027156337859304554,63.680906446179776,6.2365235272235395,303.06751232980315,274.1804876701969
2023-05-01,305.56,306.97,308.6,305.15,21.29M,-0.55%,305.56,21290000.0,291.89,273.81260000000003,-0.005532773546833236,0.02744874228556374,68.80066170388754,6.899171468030772,305.7916601023373,273.18233989766264
2023-05-02,305.41,307.76,309.18,303.91,26.40M,-0.05%,305.41,26400000.0,293.594,274.75960000000003,-0.000490901950517042,0.027420345731854433,68.28495161828499,7.327751233984827,308.13487482339605,272.657125176604
2023-05-03,304.4,306.62,308.61,304.09,22.36M,-0.33%,304.4,22360000.0,295.18899999999996,275.79420000000005,-0.0033070298942406984,0.027527921315690644,63.33333333333335,7.499456164758158,309.9828021822439,272.5311978177561
2023-05-04,305.41,306.24,307.76,303.4,22.52M,0.33%,305.41,22520000.0,297.11899999999997,276.8722,0.0033180026281209862,0.027123773331102764,68.56097091119247,7.629088732574758,311.7547777132394,272.8662222867606
2023-05-05,310.65,305.72,311.97,304.27,28.20M,1.72%,310.65,28200000.0,299.608,277.9898,0.017157264005762674,0.02713717466417844,70.0495503762158,8.06171722607695,314.35711002850877,272.1688899714912
2023-05-08,308.65,310.13,310.2,306.09,21.32M,-0.64%,308.65,21320000.0,302.296,279.1784,-0.006438113632705633,0.026536380978546773,68.08776311095255,8.149255593053567,316.3109044896255,272.1410955103745
2023-05-09,307.0,308.0,310.04,306.31,21.34M,-0.53%,307.0,21340000.0,305.454,280.3152,-0.005345861007613695,0.024728553634606958,66.09404823876456,7.993346842473386,317.5389224915354,273.3300775084646
2023-05-10,312.31,308.62,313.0,307.67,30.08M,1.73%,312.31,30080000.0,307.148,281.57300000000004,0.01729641693811068,0.012843874971138635,71.61716171617162,8.203693583842494,319.4538216708807,274.2971783291193
2023-05-11,310.11,310.1,311.12,306.26,31.68M,-0.70%,310.11,31680000.0,307.67600000000004,282.8498,-0.0070442829240178195,0.00941990584680945,69.49559647718178,8.099507200768812,320.9521534795466,274.8258465204534
2023-05-12,308.97,310.55,310.65,306.6,19.77M,-0.37%,308.97,19770000.0,307.847,284.007,-0.0036761149269614046,0.0092854417371555,72.81879194630879,7.834637445360499,321.90432827600273,276.1566717239972
2023-05-15,309.46,309.1,309.9,307.59,16.34M,0.16%,309.46,16340000.0,308.23699999999997,285.0904,0.0015859144900798317,0.009033017554258147,81.67100855973207,7.576923107700225,322.8578975342062,277.26910246579376
2023-05-16,311.74,309.83,313.71,309.83,26.73M,0.74%,311.74,26730000.0,308.87,286.1878,0.007367672720222318,0.009199669994701388,72.69198780149713,7.4705438048872,323.89809580292604,278.565904197074
2023-05-17,314.0,312.29,314.43,310.74,24.32M,0.72%,314.0,24320000.0,309.83000000000004,287.3848,0.007249631102842047,0.009116685701426855,65.88153792864571,7.482348695220196,325.02182969777,279.99717030223
2023-05-18,318.52,314.53,319.04,313.72,27.28M,1.44%,318.52,27280000.0,311.141,288.6812,0.0143949044585987,0.009787978954896238,68.18475452196385,7.766898410492786,326.3357166655709,281.9242833344291
2023-05-19,318.34,316.74,318.75,316.37,27.55M,-0.06%,318.34,27550000.0,311.90999999999997,290.0016,-0.0005651136506341636,0.008740636230223805,71.70516304347825,7.886965584447182,327.05189567709886,284.4661043229012
2023-05-22,321.18,318.6,322.59,318.01,24.12M,0.89%,321.18,24120000.0,313.163,291.4534,0.008921279135515547,0.008339183049375,74.54092748210392,8.11770806450329,326.85934934048066,288.5996506595194
2023-05-23,315.26,320.03,322.72,315.25,30.80M,-1.84%,315.26,30800000.0,313.989,292.6802,-0.018432031882433586,0.010672324823359365,64.65982721382292,7.733729003983058,321.6132154266941,297.82978457330586
2023-05-24,313.85,314.73,316.5,312.61,23.38M,-0.45%,313.85,23380000.0,314.143,293.7414,-0.004472498889805165,0.00952491065882586,61.27136752136755,7.23227841236195,320.5472775650316,300.74372243496833
2023-05-25,325.92,323.24,326.9,320.0,43.30M,3.85%,325.92,43300000.0,315.724,294.95099999999996,0.03845786203600454,0.014871137442417042,67.2464422859725,7.7198338928598105,323.33448232399525,300.06551767600473
2023-05-26,332.89,324.02,333.4,323.88,36.63M,2.14%,332.89,36630000.0,318.116,296.0848,0.02138561610211087,0.01533548238269627,74.61413484971574,8.569857885923852,327.77426676017825,298.1887332398217
2023-05-30,331.21,335.23,335.74,330.52,29.50M,-0.50%,331.21,29500000.0,320.291,297.1204,-0.005046712127129149,0.015761494863752994,74.5687030647453,9.00415180771563,330.7035330961991,297.8244669038009
2023-05-31,328.39,332.29,335.94,327.33,45.95M,-0.85%,328.39,45950000.0,321.956,298.2436,-0.008514235681289839,0.016495139752696335,67.18683197947843,9.016841896780818,332.4484010349337,298.37759896506634
2023-06-01,332.58,325.93,333.53,324.72,26.77M,1.28%,332.58,26770000.0,323.81399999999996,299.4196,0.012759219221048168,0.016657306558673736,73.03670289112159,9.258273255486813,334.6645117419919,298.97948825800813
2023-06-02,335.4,334.25,337.5,332.55,25.87M,0.85%,335.4,25870000.0,325.50199999999995,300.6818,0.00847916290817241,0.01642508131159966,76.19425173439048,9.566878755835035,337.13988773227015,299.5031122677299
2023-06-05,335.94,335.22,338.56,334.66,21.31M,0.16%,335.94,21310000.0,327.262,301.8474,0.001610017889087656,0.01635306596349929,76.21782178217823,9.742716355756329,339.5949773535977,299.5770226464023
2023-06-06,333.68,335.33,335.37,332.17,20.40M,-0.67%,333.68,20400000.0,328.512,302.9096,-0.006727391796154003,0.01673513589823351,71.7313787638669,9.589167850216029,341.0959655469195,300.57903445308045
2023-06-07,323.38,331.65,334.49,322.5,40.72M,-3.09%,323.38,40720000.0,329.32399999999996,303.8496,-0.030867897386717802,0.018904573362398928,58.014354066985646,8.537935626784474,340.85627223000677,302.4567277699931
2023-06-08,325.26,323.93,326.64,323.35,23.28M,0.58%,325.26,23280000.0,330.46500000000003,304.85020000000003,0.0058135939142804904,0.018749771864951355,56.03078024337868,7.766993735186816,341.04456382907154,303.5634361709284
2023-06-09,326.79,324.99,329.99,324.41,22.53M,0.47%,326.79,22530000.0,330.552,305.7758,0.004703929164360909,0.014319020832436162,57.3824917001573,7.196517965585315,341.06041125694526,305.2155887430547
2023-06-12,331.85,328.58,332.1,325.16,24.31M,1.55%,331.85,24310000.0,330.448,306.7318,0.015483949937268537,0.01345146847133102,58.973927670311205,7.0711991379421875,341.2943974609206,307.2696025390795
2023-06-13,334.29,334.46,336.98,330.39,22.95M,0.74%,334.29,22950000.0,330.75600000000003,307.65160000000003,0.007352719602229829,0.013529458182205667,67.00017866714315,7.087075279954604,341.5786343156837,309.4683656843163
2023-06-14,337.34,334.34,339.04,332.81,26.00M,0.91%,337.34,26000000.0,331.65099999999995,308.6538,0.00912381465194878,0.013297674999246932,70.38708557542091,7.2620543054065365,342.3040715004965,311.3029284995035
2023-06-15,348.1,337.48,349.84,337.2,38.90M,3.19%,348.1,38900000.0,333.203,309.87219999999996,0.03189660283393625,0.01599751677428179,69.69804618117229,8.174735259188992,345.5084532816663,311.50854671833366
2023-06-16,342.33,351.32,351.47,341.95,46.55M,-1.66%,342.33,46550000.0,333.896,311.032,-0.01657569663889702,0.017250521888360387,58.56624319419236,8.336354408059094,347.08417444624,312.3138255537599
2023-06-20,338.05,339.31,342.08,335.86,26.38M,-1.25%,338.05,26380000.0,334.107,311.961,-0.012502556013203603,0.017868653966830045,55.92720970537264,8.026553406084872,347.58637467023397,313.78262532976595
2023-06-21,333.56,336.37,337.73,332.07,25.12M,-1.33%,333.56,25120000.0,334.09499999999997,312.8444,-0.013282058867031488,0.01828950415561059,54.35405086744148,7.334184491078474,347.63698678409446,314.9700132159055
2023-06-22,339.71,334.12,340.12,333.34,23.56M,1.84%,339.71,23560000.0,335.72799999999995,313.98199999999997,0.018437462525482617,0.015431785376946968,55.81281591390836,7.19874805349707,347.3981108118473,317.65388918815273
2023-06-23,335.02,334.36,337.96,333.45,23.15M,-1.38%,335.02,23150000.0,336.704,315.01259999999996,-0.013805893261899849,0.016531249607128633,49.6993670886076,6.63646881546606,345.59872047758694,321.57027952241305
2023-06-26,328.6,333.72,336.11,328.49,21.52M,-1.92%,328.6,21520000.0,336.885,315.7878,-0.019163035042683907,0.01793459178440223,44.687319050376395,5.608170622530508,345.4287173560602,322.0082826439398
2023-06-27,334.57,331.86,336.15,329.3,24.35M,1.82%,334.57,24350000.0,337.15700000000004,316.7564,0.01816798539257447,0.018198625703722757,50.611347712597876,5.214852430087717,345.5117961269809,322.093203873019
2023-06-28,335.85,334.66,337.98,333.81,20.26M,0.38%,335.85,20260000.0,337.313,317.6974,0.003825806258779929,0.018094955327079987,59.777324760859365,4.9493768954947654,345.71134073170225,322.3576592682978
2023-06-29,335.05,334.71,336.11,332.62,17.00M,-0.24%,335.05,17000000.0,337.084,318.631,-0.0023820157808546183,0.017857855411550733,57.80826288084226,4.621162423714054,345.7425324464482,322.9924675535518
2023-06-30,340.54,337.75,342.73,337.2,26.83M,1.64%,340.54,26830000.0,336.32800000000003,319.6728,0.01638561408744965,0.015204029552081154,60.31507876969243,4.749300231592883,346.4305218940783,323.10047810592175
2023-07-03,337.99,339.19,340.9,336.57,12.51M,-0.75%,337.99,12510000.0,335.89399999999995,320.7104,-0.007488107123979626,0.014497119083781745,54.78640473963205,4.592151218032427,346.64686345805177,323.1431365419482
2023-07-05,338.15,335.09,341.65,334.73,18.17M,0.05%,338.15,18170000.0,335.904,321.7582,0.00047338678659114564,0.013941192764379755,53.11994827028771,4.429460096661387,346.84000525948136,323.1709947405186
2023-07-06,341.27,337.3,342.99,335.5,28.20M,0.92%,341.27,28200000.0,336.675,322.9482,0.009226674552713199,0.013341675033388773,53.17293718714678,4.50040625402977,347.5234148796011,323.2465851203989
2023-07-07,337.22,339.32,341.79,337.0,21.21M,-1.19%,337.22,21210000.0,336.42600000000004,324.1842,-0.011867436340727178,0.012712946627936357,40.148496921405275,4.181627246224025,346.8330530816178,325.3209469183822
2023-07-10,331.83,334.6,335.23,327.59,32.79M,-1.60%,331.83,32790000.0,336.107,324.9134,-0.015983630864124465,0.012978975469254105,40.426695842450755,3.4542462316044293,346.1215907776657,326.68940922233435
2023-07-11,332.47,331.06,332.86,327.0,26.70M,0.19%,332.47,26700000.0,336.494,325.4662,0.0019286984299191623,0.011280453121812188,44.550781250000014,2.8960503229241112,345.5132561520827,327.8657438479173
2023-07-12,337.2,336.6,341.65,335.67,30.00M,1.42%,337.2,30000000.0,336.757,326.065,0.014226847535115938,0.010675500390464766,53.53810264385691,2.803035860876321,345.48234821019645,328.43165178980354
2023-07-13,342.66,339.56,343.74,339.02,20.57M,1.62%,342.66,20570000.0,337.438,326.80699999999996,0.016192170818505547,0.011725149363689708,52.90640394088675,3.13377340929037,346.16719338815983,328.58380661184015
2023-07-14,345.24,347.59,351.43,344.31,28.35M,0.75%,345.24,28350000.0,338.457,327.60360000000003,0.007529329364384552,0.011725794533128992,60.5057565789474,3.562997717486155,347.2392796690431,328.3017203309568
2023-07-17,345.73,345.68,346.99,342.2,20.36M,0.14%,345.73,20360000.0,338.976,328.43019999999996,0.0014193025141930882,0.010750915460780006,70.0538515570124,3.8977689251325387,346.6226975613202,328.6813024386799
2023-07-18,359.49,345.83,366.78,342.17,64.87M,3.98%,359.49,64870000.00000001,341.12600000000003,329.5118,0.039799843808752566,0.01562228009861862,74.67326732673266,5.21329885790243,351.6692672968255,325.3507327031746
2023-07-19,355.08,361.75,362.46,352.43,39.73M,-1.23%,355.08,39730000.0,342.819,330.4004,-0.012267378786614436,0.016636394070840596,67.92839828454218,5.832779017674795,354.45693155010923,324.26606844989084
2023-07-20,346.87,353.57,357.97,345.37,33.78M,-2.31%,346.87,33780000.0,343.379,331.1648,-0.02312155007322292,0.018739634283508944,59.68217562254259,5.596727530115572,355.2187887793244,324.83521122067555
2023-07-21,343.77,349.15,350.3,339.83,69.41M,-0.89%,343.77,69410000.0,344.034,331.90020000000004,-0.00893706575950648,0.018524087547187915,52.75362318840576,5.1007130879524425,355.5121877739318,324.9478122260682
2023-07-24,345.11,345.85,346.92,342.31,26.72M,0.39%,345.11,26720000.0,345.36199999999997,332.55619999999993,0.0038979550280711095,0.017403103949683977,56.19777158774373,4.7608645866798724,355.9585799220675,325.51042007793257
2023-07-25,350.98,347.11,351.89,345.07,41.64M,1.70%,350.98,41640000.0,347.213,333.3736,0.01700906957202042,0.017845014512704944,60.15835312747429,4.90860875705971,356.6047772328299,327.1022227671701
2023-07-26,337.77,341.44,344.67,333.11,58.38M,-3.76%,337.77,58380000.0,347.27,333.9496,-0.0376374722206394,0.02208432853048529,47.61059530311305,3.9146350015788585,356.4991695428644,327.5278304571356
2023-07-27,330.72,340.48,341.33,329.05,39.64M,-2.09%,330.72,39640000.0,346.076,334.37480000000005,-0.020872191135979934,0.02224693857749418,45.73714585519413,2.528876247266737,356.87027767577473,326.6437223242253
2023-07-28,338.37,333.67,340.01,333.17,28.48M,2.31%,338.37,28480000.0,345.389,334.9074,0.023131349782293142,0.023598253754000348,54.165605095541416,2.0246051292470497,356.79713735666945,327.04886264333055
2023-07-31,335.92,336.92,337.7,333.36,25.45M,-0.72%,335.92,25450000.0,344.408,335.34579999999994,-0.007240594615361862,0.023627586651983532,52.147926783713096,1.4110069014055284,356.79826165046927,326.58573834953074
2023-08-01,336.34,335.19,338.54,333.7,18.38M,0.13%,336.34,18380000.0,342.093,335.70219999999995,0.0012502976899260165,0.018532259327552814,49.43421052631578,0.9476919718840122,356.8185616686867,326.40043833131335
2023-08-02,327.5,333.63,333.63,326.36,27.76M,-2.63%,327.5,27760000.0,339.33500000000004,335.8854,-0.026282927989534355,0.019522224306942993,40.450995212899954,-0.13128914921560408,357.4938566771385,324.6601433228616
2023-08-03,326.66,326.0,329.88,325.95,18.36M,-0.26%,326.66,18360000.0,337.314,335.995,-0.002564885496183167,0.018808260573024222,38.03451828954147,-1.0421571027926007,357.9821555994062,322.71084440059377
2023-08-04,327.78,331.88,335.14,327.24,23.74M,0.34%,327.78,23740000.0,335.715,336.2454,0.0034286414008446453,0.018986548174884113,38.53328222818444,-1.6545789227997147,358.3478885131481,321.4011114868519
2023-08-07,330.11,328.37,331.11,327.52,17.74M,0.71%,330.11,17740000.0,334.21500000000003,336.57060000000007,0.007108426383550137,0.01917221900982778,28.022142429682802,-1.92967204191865,358.4347777716267,321.14222222837327
2023-08-08,326.05,326.96,328.75,323.0,22.33M,-1.23%,326.05,22330000.0,331.72200000000004,336.5732,-0.01229893065947718,0.01774545025154501,28.169649571364104,-2.447084918243604,358.8507405905023,320.08425940949775
2023-08-09,322.23,326.47,327.11,321.05,22.37M,-1.17%,322.23,22370000.0,330.168,336.36,-0.011715994479374325,0.014378837321505428,30.161030595813187,-3.129307714016761,359.57140049288364,317.86659950711635
2023-08-10,322.93,326.02,328.26,321.18,20.11M,0.22%,322.93,20110000.0,329.389,336.19440000000003,0.002172361356794772,0.013287404339085427,32.54606365159127,-3.572310671229161,359.63998382101994,315.82501617898
2023-08-11,321.01,320.26,322.41,319.21,24.36M,-0.59%,321.01,24360000.0,327.653,336.0468,-0.005945560957483109,0.009837087638086437,30.009953550099468,-4.031845060256217,359.3412568369662,313.70074316303385
2023-08-14,324.04,321.39,324.06,320.08,18.84M,0.94%,324.04,18840000.0,326.46500000000003,335.876,0.009438958287903976,0.01081935723096281,26.549442896935886,-4.104222771770196,358.4745758288226,312.39842417117734
2023-08-15,321.86,323.0,325.09,320.9,16.97M,-0.67%,321.86,16970000.0,325.017,335.6052,-0.0067275644982101035,0.010720489543192602,32.8592975651799,-4.288060320429054,354.35998978610314,312.75001021389687
2023-08-16,320.4,320.8,324.42,319.8,20.70M,-0.45%,320.4,20700000.0,324.307,335.29439999999994,-0.004536133722736757,0.007494884696083401,37.35913767760894,-4.499693040085674,350.7703473294041,312.87165267059595
2023-08-17,316.88,320.54,321.87,316.21,21.26M,-1.10%,316.88,21260000.0,323.329,334.9584,-0.01098626716604234,0.008000959956220908,20.714091032978956,-4.895021318562101,349.00112839143173,311.6418716085683
2023-08-18,316.48,314.49,318.38,311.55,24.76M,-0.13%,316.48,24760000.0,322.199,334.8204,-0.0012623074981065185,0.007714140399590217,21.939953810623507,-5.18087656445033,347.4866247583186,310.4273752416814
2023-08-21,321.88,317.93,322.77,317.04,24.04M,1.71%,321.88,24040000.0,321.37600000000003,334.7528,0.017062689585439772,0.009634755957179844,31.751640585562853,-4.915026668044277,344.92092643341203,310.670073566588
2023-08-22,322.46,325.5,326.08,321.46,16.10M,0.18%,322.46,16100000.000000002,321.017,334.66619999999995,0.0018019137566793741,0.009052275220912776,41.96428571428567,-4.604460205982036,339.69425413024493,313.0447458697551
2023-08-23,327.0,323.82,329.2,323.46,21.17M,1.41%,327.0,21170000.0,321.494,334.56919999999997,0.014079265645351446,0.009351802442070732,50.484883057615484,-3.94650118065141,338.0395783473368,313.6224216526632
2023-08-24,319.97,332.85,332.98,319.96,23.28M,-2.15%,319.97,23280000.0,321.198,334.2828,-0.02149847094801216,0.011832223140276226,40.468635587014965,-3.946829566154179,337.54228473026313,313.04471526973686
2023-08-25,322.98,321.47,325.36,318.8,21.68M,0.94%,322.98,21680000.0,321.395,333.9956,0.009407131918617306,0.01209183678440488,41.440576230492205,-3.6619947734152447,335.13849138528707,313.90950861471293
2023-08-28,323.7,325.66,326.15,321.72,14.81M,0.22%,323.7,14810000.0,321.361,333.5076,0.0022292402006314216,0.011720663009918681,46.93291568780994,-3.3396655794070966,333.0725681350689,314.75343186493114
2023-08-29,328.41,321.88,328.98,321.88,19.28M,1.46%,328.41,19280000.0,322.016,333.2292,0.014550509731232841,0.012289919497937481,57.8826530612245,-2.6733430988661553,330.9314557971442,316.1015442028558
2023-08-30,328.79,328.67,329.81,326.45,15.22M,0.12%,328.79,15220000.0,322.855,333.04400000000004,0.0011570902225876978,0.012079193228573492,57.536008230452694,-2.090516732643266,331.16242855583874,315.9995714441613
2023-08-31,327.76,329.2,330.91,326.78,26.41M,-0.31%,327.76,26410000.0,323.94300000000004,332.92800000000005,-0.003132698683050106,0.011325595748632454,58.88391682021584,-1.6922280783929864,331.32665160471987,315.94534839528006
2023-09-01,328.66,331.31,331.99,326.78,14.94M,0.27%,328.66,14940000.0,325.161,332.70700000000005,0.002745911642665577,0.011211056400048413,56.441717791411044,-1.2890990406938272,331.47977327605184,315.88022672394817
2023-09-05,333.55,329.0,334.85,328.66,18.55M,1.49%,333.55,18550000.0,326.328,332.67760000000004,0.014878597943163152,0.010942908905499673,65.15426497277677,-0.5684811445967739,332.36766383356183,315.33633616643823
2023-09-06,332.88,333.38,334.46,330.18,17.54M,-0.20%,332.88,17540000.0,327.37,332.7632,-0.0020086943486734565,0.0110788290577342,66.51667548967711,-0.050863349710539296,333.5832441812537,314.80375581874625
2023-09-07,329.91,331.29,333.08,329.03,18.38M,-0.89%,329.91,18380000.0,327.661,332.67,-0.008922134102379187,0.010965712887969511,67.49932849852274,0.11833422006878891,334.25295538163533,314.90204461836464
2023-09-08,334.27,330.09,336.16,329.46,19.55M,1.32%,334.27,19550000.0,329.091,332.63840000000005,0.013215725500894004,0.00822514864722136,71.59504734158776,0.5973541482997007,335.7023017548467,314.5866982451533
2023-09-11,337.94,337.24,338.42,335.43,16.58M,1.10%,337.94,16579999.999999998,330.587,332.69620000000003,0.010979148592455301,0.008345367262581862,70.3497212366954,1.2586107399529283,337.7943766801086,314.1876233198914
2023-09-12,331.77,335.82,336.79,331.48,17.57M,-1.83%,331.77,17570000.0,331.39400000000006,332.5208,-0.018257678877907413,0.011057570807584276,60.332963374028864,1.2701523916475708,338.41578432433715,314.33921567566284
2023-09-13,336.06,331.31,336.85,331.17,16.54M,1.29%,336.06,16540000.0,332.159,332.48220000000003,0.012930644723754492,0.010872067595359408,60.111607142857146,1.6069425473439765,339.6667843491486,314.50821565085147
2023-09-14,338.7,339.15,340.86,336.57,20.27M,0.79%,338.7,20270000.0,333.15,332.4932,0.007855740046420312,0.010995476510594827,73.1749566938876,2.0630950334611953,341.18155335630394,314.82344664369606
2023-09-15,330.22,336.92,337.4,329.65,37.68M,-2.50%,330.22,37680000.0,333.396,332.2722,-0.025036905816356536,0.014102126796943507,57.89014821272887,1.7205011689267735,340.7858212673035,316.55317873269644
2023-09-18,329.06,327.8,330.4,326.36,16.83M,-0.35%,329.06,16830000.0,333.43600000000004,332.10900000000004,-0.0035128096420569133,0.014146858799420414,55.785837651122634,1.339944709033034,339.9704569063224,318.6265430936776
2023-09-19,328.65,326.17,329.39,324.51,16.51M,-0.12%,328.65,16510000.000000002,332.946,332.04540000000003,-0.0012459733787152372,0.013174994015195994,50.285578296049444,0.9938113605803665,339.7320787385099,319.5419212614901
2023-09-20,320.77,329.51,329.59,320.51,21.44M,-2.40%,320.77,21440000.0,331.735,331.8114,-0.023976875095085948,0.014993687501314322,41.90226171243938,0.082694790019616,339.9250038848862,319.1799961151138
2023-09-21,319.53,319.26,325.35,315.0,35.56M,-0.39%,319.53,35560000.0,330.697,331.458,-0.0038656981637934518,0.014878976613952958,41.72531671023526,-0.7310027486250874,340.4385426662235,317.91945733377645
2023-09-22,317.01,321.32,321.45,316.15,21.45M,-0.79%,317.01,21450000.0,328.97099999999995,330.945,-0.007886583419397186,0.013763854937372122,38.6562804284323,-1.5612101905988425,340.8634529645282,317.1985470354718
2023-09-25,317.54,316.59,317.67,315.0,17.84M,0.17%,317.54,17840000.0,326.9309999999999,330.39099999999996,0.0016718715497934244,0.012831198633766196,32.964460523515655,-2.1515868452438554,341.3996343944684,316.1183656055316
2023-09-26,312.14,315.13,315.88,310.02,26.30M,-1.70%,312.14,26300000.0,324.968,329.7192,-0.01700573156137819,0.012705236045310484,29.94972931167827,-3.020382379848911,342.7115325001091,313.65046749989085
2023-09-27,312.79,312.3,314.3,309.69,19.41M,0.21%,312.79,19410000.0,322.64099999999996,328.7852,0.0020823989235601026,0.01129325125433889,32.67206477732796,-3.614790478130999,343.4756697494887,311.32433025051125
2023-09-28,313.64,310.99,315.48,309.45,19.68M,0.27%,313.64,19680000.0,320.135,327.9564,0.0027174781802485892,0.010635307491724946,27.52233602091964,-3.9714943673476455,343.8315930840614,309.45340691593856
2023-09-29,315.75,317.75,319.47,314.98,24.15M,0.67%,315.75,24150000.0,318.688,327.334,0.006727458232368422,0.00953761274051156,24.971802391157297,-4.037384943032009,343.8931041675271,308.19089583247296
2023-10-02,321.8,316.28,321.89,315.18,20.57M,1.92%,321.8,20570000.0,317.962,326.8946,0.01916072842438643,0.012124088535014467,38.72427052703014,-3.560377445997972,343.6018476417612,307.7961523582387
2023-10-03,313.39,320.83,321.39,311.21,21.03M,-2.61%,313.39,21030000.0,316.43600000000004,326.2602,-0.02613424487259175,0.014278281518399695,26.546658390233844,-3.8169627124699446,342.99822480333694,306.3837751966631
2023-10-04,318.95,314.03,320.04,314.0,20.72M,1.78%,318.95,20720000.0,316.254,325.6196,0.017741472286926907,0.01409770876140862,30.731707317073216,-3.5309601410451137,342.0481096113746,305.9408903886254
2023-10-05,319.36,319.09,319.98,314.9,16.97M,0.13%,319.36,16970000.0,316.23699999999997,325.2514,0.0012854679416838266,0.014054258265199088,37.424733672996794,-3.233938637609242,341.409019014473,305.52498098552695
2023-10-06,327.26,316.55,329.19,316.3,25.67M,2.47%,327.26,25670000.0,317.26200000000006,325.1822,0.024736973947895757,0.015700809091375598,48.19711538461538,-2.334176050728047,340.43291299309107,305.8000870069089
2023-10-09,329.82,324.75,330.3,323.18,19.89M,0.78%,329.82,19890000.0,318.48999999999995,325.0112,0.007822526431583432,0.015750406982036665,51.123487612828896,-1.398417031938152,338.9081625669109,306.51283743308903
2023-10-10,328.39,330.96,331.1,327.67,20.56M,-0.43%,328.39,20560000.0,320.11499999999995,324.8606,-0.0043356982596568505,0.014325816344924877,58.35160017536167,-0.7634101991890248,338.408322419254,306.674677580746
2023-10-11,332.42,331.21,332.82,329.14,20.06M,1.23%,332.42,20060000.0,322.078,324.7822,0.012271993666067793,0.01444287709001562,63.31336500722992,0.06428358942292789,337.6463274564784,307.07267254352155
2023-10-12,331.16,330.57,333.63,328.72,19.31M,-0.38%,331.16,19310000.0,323.83000000000004,324.85540000000003,-0.0037903856566993133,0.014760334607354103,65.0053022269353,0.6115162319032379,335.8814433524899,308.08355664751
2023-10-13,327.73,332.38,333.83,326.36,21.09M,-1.04%,327.73,21090000.0,325.028,324.8768,-0.010357531102790252,0.01557502955804881,60.17982017982015,0.7596726756481758,335.4882706464206,308.22772935357955
2023-10-16,332.64,331.05,336.14,330.6,22.16M,1.50%,332.64,22160000.0,326.11199999999997,324.974,0.014981844811277512,0.015169064572280167,70.68200161420498,1.2587733347002086,336.15095144043977,307.9230485595602
2023-10-17,332.06,329.59,333.46,327.41,18.34M,-0.17%,332.06,18340000.0,327.979,325.013,-0.0017436267436267139,0.011374995688744893,69.46857951101231,1.589193813049235,336.7341693034765,307.68083069652357
2023-10-18,330.11,332.49,335.59,328.3,23.15M,-0.59%,330.11,23150000.0,329.095,325.0942,-0.005872432692886842,0.011081993688657149,66.27792053765569,1.6744042298406612,337.6015922539463,307.7474077460536
2023-10-19,331.32,332.15,336.88,330.91,25.05M,0.37%,331.32,25050000.0,330.291,325.276,0.0036654448517159377,0.011054674530573278,65.66713624471726,1.818607214736005,338.59400140762614,307.9339985923739
2023-10-20,326.67,331.72,331.92,325.45,25.03M,-1.40%,326.67,25030000.0,330.23199999999997,325.3508,-0.014034770010865505,0.009570993142840165,55.0424518533858,1.5399217218222816,338.85443992384387,308.63956007615604
2023-10-23,329.32,325.47,332.73,324.39,24.37M,0.81%,329.32,24370000.0,330.182,325.517,0.008112162120794686,0.0095981637400263,68.72795673642139,1.5154254328235197,339.34272186230385,309.3292781376962
2023-10-24,330.53,331.3,331.84,327.6,31.15M,0.37%,330.53,31150000.0,330.396,325.6468,0.0036742378233936,0.00954041433718478,65.16500785751705,1.5754875946299194,339.341115619075,311.16988438092494
2023-10-25,340.67,345.02,346.2,337.62,55.05M,3.07%,340.67,55050000.0,331.221,326.02299999999997,0.03067800199679316,0.013125080262179529,72.23961594656652,2.413479458214624,341.05545706460583,312.24354293539415
2023-10-26,327.89,340.54,341.63,326.94,37.83M,-3.75%,327.89,37830000.0,330.894,326.1728,-0.03751431003610539,0.018258532510034977,50.5967039211972,2.023034571185974,340.4037444748493,314.32025552515074
2023-10-27,329.81,330.42,336.72,328.4,29.86M,0.59%,329.81,29860000.0,331.102,326.43140000000005,0.00585562231236092,0.018038117082863393,49.99041227229148,1.847238325551757,339.9343209134835,316.1956790865165
2023-10-30,337.31,333.41,339.45,331.83,22.83M,2.27%,337.31,22830000.0,331.569,326.848,0.022740365665079976,0.01886473911382996,57.660597732737905,2.2867456735527867,341.0092736267394,316.67172637326064
2023-10-31,338.11,338.85,339.0,334.69,20.27M,0.24%,338.11,20270000.0,332.17400000000004,327.17260000000005,0.0023717055527556763,0.01882961351801183,55.173667939625396,2.668846921433385,340.5397414721794,319.6132585278206
2023-11-01,346.07,339.79,347.42,339.65,28.16M,2.35%,346.07,28160000.0,333.77,327.6448,0.02354263405400614,0.01974414206093501,62.08461663154481,3.57278554103857,342.8134219402642,320.0515780597358
2023-11-02,348.32,347.24,348.83,344.77,24.35M,0.65%,348.32,24350000.0,335.47,328.0712,0.006501574825902301,0.01974466226777165,67.01371674103454,4.4197712339937425,345.13013067111814,320.63086932888194
2023-11-03,352.8,349.63,354.39,347.33,23.64M,1.29%,352.8,23640000.0,338.08299999999997,328.7278,0.012861736334405238,0.01863521247512489,66.7776298268975,5.3903751674031355,348.99227972446926,319.3227202755307
2023-11-06,356.53,353.45,357.54,353.35,23.83M,1.06%,356.53,23830000.0,340.804,329.3988,0.010572562358276638,0.018654815447517365,69.34999209236122,6.386940925289082,353.2123288455481,317.773671154452
2023-11-07,360.53,359.4,362.46,357.63,25.83M,1.12%,360.53,25830000.0,343.804,330.1354,0.011219252236838395,0.01860716749452652,73.29963235294116,7.4140287307520225,357.7021419428029,316.49785805719716
2023-11-08,363.2,361.68,363.87,360.55,26.77M,0.74%,363.2,26770000.0,346.057,330.8312,0.007405763736721083,0.016960858760174526,73.88372789931074,8.347228250921034,362.16084373367414,315.1171562663259
2023-11-09,360.69,362.3,364.79,360.36,24.85M,-0.69%,360.69,24850000.0,349.337,331.4692,-0.006910792951541844,0.009034257394061503,76.33126934984517,8.783014447624112,365.30855039928366,314.92244960071633
2023-11-10,369.67,361.49,370.1,361.07,28.07M,2.49%,369.67,28070000.0,353.323,332.3074,0.02489672572014756,0.010097647806849899,78.4435358804455,9.740704323130785,369.92111988243465,314.5038801175653
2023-11-13,366.68,368.22,368.47,365.9,19.99M,-0.81%,366.68,19990000.0,356.26,333.0678,-0.00808829496578034,0.010960635796720014,74.8590290193921,10.141507452680116,373.27966337430746,314.5493366256925
2023-11-14,370.27,371.01,371.95,367.35,27.68M,0.98%,370.27,27680000.0,359.476,333.8022,0.009790553070797348,0.010753583170934238,72.37001209189839,10.62633603050159,376.8668016975712,314.7831983024288
2023-11-15,369.67,371.28,373.13,367.11,26.86M,-0.16%,369.67,26860000.0,361.836,334.538,-0.0016204391390065576,0.009931769811904146,88.69951834012602,10.837226385997042,379.6593949458678,315.9466050541322
2023-11-16,376.17,370.96,376.35,370.18,27.18M,1.76%,376.17,27180000.0,364.621,335.4632,0.017583249925609223,0.010513002129194118,89.58333333333339,11.397471235618923,383.30006294768936,316.79093705231065
2023-11-17,369.85,373.61,374.37,367.0,40.33M,-1.68%,369.85,40330000.0,366.32599999999996,336.1748,-0.016800914480155194,0.012843445799279353,78.35482746601608,11.202364251868289,384.6664352635105,319.7425647364895
2023-11-20,377.44,371.22,378.87,371.0,52.53M,2.05%,377.44,52530000.0,368.41700000000003,336.9648,0.020521833175611626,0.013696904823985358,80.64516129032262,11.527310469706208,387.06385209350435,322.15714790649565
2023-11-21,373.07,375.67,376.22,371.12,28.42M,-1.16%,373.07,28420000.0,369.671,337.7908,-0.01157799915218316,0.014564370298775574,72.28458237041932,11.301928612232075,388.1035741130101,325.3714258869899
2023-11-22,377.85,378.0,379.79,374.96,23.36M,1.28%,377.85,23360000.0,371.136,338.62659999999994,0.012812608893773447,0.014822723933483498,73.39565837426719,11.377861018914984,390.3576177550838,326.83538224491616
2023-11-24,377.43,377.33,377.97,375.14,10.18M,-0.11%,377.43,10180000.0,372.81,339.40119999999996,-0.0011115522032553171,0.014454658089014761,70.85520745131245,11.27418571339399,390.384004152673,331.7629958473269
2023-11-27,378.61,376.78,380.64,376.2,22.18M,0.31%,378.61,22180000.0,373.704,340.369,0.0031264075457702045,0.012583148964373474,69.5398230088496,11.15860892743433,389.83860210905686,337.1883978909432
2023-11-28,382.7,378.35,383.0,378.16,20.45M,1.08%,382.7,20450000.0,375.306,341.4418,0.0108026729352102,0.012236255744834772,69.58826647817638,11.267161486270084,390.36492755063944,341.2010724493606
2023-11-29,378.85,383.76,384.3,377.44,28.96M,-1.01%,378.85,28960000.0,376.16400000000004,342.44579999999996,-0.01006009929448648,0.012850788946916733,63.54509260862044,10.916686579531472,389.30317432194266,346.3368256780573
2023-11-30,378.91,378.49,380.09,375.47,30.55M,0.02%,378.91,30550000.0,377.088,343.6086,0.0001583740266595246,0.01280167036447589,66.46782357194508,10.52247761750516,388.86495430569977,350.0590456943003
2023-12-01,374.51,376.76,378.16,371.31,33.04M,-1.16%,374.51,33040000.0,376.92199999999997,344.7082,-0.011612256208598404,0.012310848029603631,54.76941269215606,9.742713016287894,387.5201486807493,354.0228513192506
2023-12-04,369.14,369.1,369.52,362.9,32.06M,-1.43%,369.14,32060000.000000004,376.851,345.7508,-0.014338735948305814,0.011965586611951054,52.31551204819275,8.592382197484767,386.0892735183735,357.0877264816264
2023-12-05,372.52,366.45,373.08,365.62,23.07M,0.92%,372.52,23070000.0,376.35900000000004,346.85040000000004,0.009156417619331503,0.010195030106814289,52.12625212625213,7.862836602154857,385.03810355687176,359.7378964431283
2023-12-06,368.8,373.54,374.18,368.03,21.18M,-1.00%,368.8,21180000.0,375.932,347.9836,-0.00998604101793188,0.01002713575434525,49.223630198108154,6.904898182997101,384.3085802460506,361.29441975394934
2023-12-07,370.95,368.23,371.45,366.32,23.12M,0.58%,370.95,23120000.0,375.242,349.1468,0.005829718004338291,0.009155462154211761,44.949690402476755,6.247198302654283,383.8235749921062,362.5544250078938
2023-12-08,374.23,369.2,374.46,368.23,20.15M,0.88%,374.23,20150000.0,374.922,350.3586,0.008842162016444277,0.009760158576013606,54.50246710526316,5.922365652212932,382.72619460399267,365.0058053960073
2023-12-11,371.3,368.48,371.6,366.1,27.71M,-0.78%,371.3,27710000.0,374.191,351.4696,-0.007829409721294422,0.009883549030189035,43.01955434288315,5.366643596713743,382.6741630144626,365.2208369855374
2023-12-12,374.38,370.85,374.42,370.46,24.84M,0.83%,374.38,24840000.0,373.35900000000004,352.5212,0.008295179100457739,0.009551598138548329,51.5343171702975,5.115788497998267,382.36061605347027,366.3043839465298
2023-12-13,374.37,376.02,377.64,370.77,30.96M,0.00%,374.37,30960000.0,372.91099999999994,353.74080000000004,-2.671082856986473e-05,0.009147305140078395,45.41139240506327,4.86015229817275,382.3349027389413,366.74009726105874
2023-12-14,365.93,373.31,373.76,364.13,43.28M,-2.25%,365.93,43280000.0,371.613,354.6804,-0.022544541496380632,0.011340584571625493,37.483674357858064,3.931204821977019,382.7921847283109,365.90881527168915
2023-12-15,370.73,366.85,372.4,366.28,78.50M,1.31%,370.73,78500000.0,371.235,355.70779999999996,0.013117262864482226,0.012031270086162872,42.0500403551251,3.5415028982113768,382.62327316378963,365.5337268362103
2023-12-18,372.65,369.45,373.0,368.68,21.80M,0.52%,372.65,21800000.0,371.58599999999996,356.6156,0.005178971218946282,0.011169976430300778,39.39649715129771,3.348984263942441,382.56091988114065,365.87608011885936
2023-12-19,373.26,371.49,373.26,369.84,20.60M,0.16%,373.26,20600000.0,371.65999999999997,357.48439999999994,0.001636924728297462,0.010807349602105077,43.66930917327289,3.208646481948847,382.2205053874816,365.7984946125184
2023-12-20,370.62,375.0,376.03,370.53,26.32M,-0.71%,370.62,26320000.0,371.842,358.329,-0.00707281787493963,0.010536601884405116,41.129895142306836,2.8515311657778852,382.22907875138475,365.54492124861525
2023-12-21,373.54,372.56,374.41,370.04,17.71M,0.79%,373.54,17710000.0,372.101,359.15139999999997,0.0078786897630998,0.01066991762279262,48.92817679558014,2.7721783549228576,381.8025328857435,365.54046711425644
2023-12-22,374.58,373.68,375.18,372.71,17.11M,0.28%,374.58,17110000.0,372.13599999999997,360.01980000000003,0.002784173047063243,0.010325694485956988,56.64711632453569,2.761378536105667,381.4806033470643,365.5773966529357
2023-12-26,374.66,375.0,376.94,373.5,12.67M,0.02%,374.66,12670000.0,372.47200000000004,360.95840000000004,0.00021357253457221503,0.009941921115454075,52.844231791600265,2.7278302047120633,380.9405729084355,365.7224270915645
2023-12-27,374.07,373.69,375.06,372.81,14.91M,-0.16%,374.07,14910000.0,372.441,361.787,-0.0015747611167459263,0.009615842126334767,57.63989562191937,2.623393988324324,379.1250461845334,366.67495381546655
2023-12-28,375.28,375.37,376.46,374.16,14.33M,0.32%,375.28,14330000.0,372.53200000000004,362.65139999999997,0.003234688694629284,0.009671524872077768,56.45305514157971,2.6081987306037604,378.40976779660474,367.03323220339524
2023-12-29,376.04,376.0,377.16,373.48,18.73M,0.20%,376.04,18730000.0,373.543,363.57,0.0020251545512686153,0.005408923603951654,52.9165323880116,2.6271973323258067,377.72828706400725,367.4277129359927
2024-01-02,370.87,373.86,375.9,366.77,25.26M,-1.37%,370.87,25260000.0,373.55699999999996,364.361,-0.013748537389639437,0.006284307599807754,49.35377216711751,2.1997210535344607,377.51599342100707,367.27600657899296
2024-01-03,370.6,369.01,373.26,368.51,23.08M,-0.07%,370.6,23080000.0,373.35200000000003,365.2396,-0.0007280179038476886,0.006021338344305749,43.79514116874595,1.8181972333585463,377.4327757275345,367.5052242724655
2024-01-04,367.94,370.67,373.1,367.17,20.90M,-0.72%,367.94,20900000.0,372.82,366.01199999999994,-0.007177549919050286,0.006306466821927086,40.289942615524026,1.2863686308463116,377.6005969816409,366.879403018359
2024-01-05,367.75,368.97,372.06,366.5,21.00M,-0.05%,367.75,21000000.0,372.533,366.7564,-0.0005163885416100689,0.00598574081588756,53.66049879324213,0.839877633084825,377.7081287780325,366.6668712219675
2024-01-08,374.69,369.3,375.2,369.01,23.13M,1.89%,374.69,23130000.0,372.648,367.4368,0.01887151597552683,0.00830773942265915,57.333333333333286,1.034109727339171,377.9714746526793,366.7775253473207
2024-01-09,375.79,372.01,375.99,371.19,20.83M,0.29%,375.79,20830000.0,372.769,368.3948,0.0029357602284556528,0.008312834720907871,55.996944232238405,1.262250431072971,378.1998137889844,366.7051862110156
2024-01-10,382.77,376.37,384.17,376.32,25.51M,1.86%,382.77,25510000.0,373.58,369.454,0.018574203677585777,0.01011154768872283,64.60829493087553,1.983417644185522,380.3593367144836,365.6926632855163
2024-01-11,384.63,386.0,390.68,380.38,27.85M,0.49%,384.63,27850000.0,374.636,370.4004,0.004859314993338026,0.010049918253440877,72.04910292728982,2.674207709795894,382.5181384289881,364.5588615710119
2024-01-12,388.47,385.49,388.68,384.65,21.66M,1.00%,388.47,21660000.0,375.95500000000004,371.4076,0.009983620622416423,0.010303304380985921,72.83572958091153,3.4912744824558786,385.43869497489356,363.0483050251064
2024-01-16,390.27,393.66,394.03,387.62,27.20M,0.46%,390.27,27200000.0,377.37800000000004,372.29159999999996,0.004633562437253769,0.010294609664990977,73.45291479820621,4.2352296521187895,388.0549139246264,362.86608607537363
2024-01-17,389.47,387.98,390.11,384.81,22.23M,-0.20%,389.47,22230000.0,379.238,373.1146,-0.002049862915417422,0.008609593684613262,71.6710564822944,4.706018122343323,390.23695979321354,362.5580402067864
2024-01-18,393.87,391.72,393.99,390.12,23.39M,1.13%,393.87,23390000.0,381.56499999999994,373.936,0.011297404164633873,0.008569897597552405,76.06635071090051,5.372236802748944,393.20986187928463,361.7071381207154
2024-01-19,398.67,395.76,398.67,393.5,29.33M,1.22%,398.67,29330000.0,384.63800000000003,374.77880000000005,0.012186762129636763,0.007323114025237207,78.13326918450812,6.2158869164256885,396.95863221038366,360.4993677896163
2024-01-22,396.51,400.02,400.62,393.59,27.02M,-0.54%,396.51,27020000.0,387.514,375.49839999999995,-0.005418014899541079,0.008086506418371366,73.81894344891784,6.633722339774465,399.4652405274419,360.58175947255813
2024-01-23,398.9,395.75,399.38,393.93,20.53M,0.60%,398.9,20530000.0,389.93500000000006,376.2124,0.0060275907291114095,0.0070484832796230005,84.87185867131129,7.0761435707198075,402.205061729415,360.377938270585
2024-01-24,402.56,401.54,405.63,400.45,24.87M,0.92%,402.56,24870000.0,392.612,377.0498,0.009175231887691204,0.006993234308372064,86.6681964203763,7.634095890455114,405.38156893632834,359.99943106367175
2024-01-25,404.87,404.32,407.01,402.53,21.02M,0.57%,404.87,21020000.0,394.822,377.75380000000007,0.005738275039745666,0.00567085199793077,92.7133934767523,8.16851328180951,408.5990628221421,359.8029371778578
2024-01-26,403.93,404.37,406.17,402.43,17.80M,-0.23%,403.93,17800000.0,396.752,378.4988000000001,-0.0023217329019191713,0.006210195050372393,91.13233287858122,8.419142140770248,411.1147800617304,360.2732199382696
2024-01-29,409.72,406.06,409.98,404.33,24.51M,1.43%,409.72,24510000.0,398.877,379.2878,0.01433416681108124,0.006734210235399224,90.8942330142424,8.981439484505586,414.47934821934643,360.3526517806537
2024-01-30,408.59,412.26,413.05,406.45,33.48M,-0.28%,408.59,33479999.999999996,400.70899999999995,380.0662,-0.002757981060236392,0.007211577892052282,88.26411572561823,9.229490799574592,417.12221512653986,360.96478487346013
2024-01-31,397.58,406.96,415.32,397.21,47.87M,-2.69%,397.58,47870000.0,401.52,380.49440000000004,-0.026946327614479015,0.01228406023771634,65.7922798037961,8.440363017368497,417.3366360825161,363.4213639174839
2024-02-01,403.78,401.83,408.0,401.8,30.66M,1.56%,403.78,30660000.0,402.511,381.17299999999994,0.015594345792041775,0.01270813802511306,68.69022057388246,8.220500931396543,417.93343556608704,366.142564433913
2024-02-02,411.22,403.81,412.65,403.56,28.26M,1.84%,411.22,28260000.0,403.76599999999996,381.84860000000003,0.01842587547674479,0.013369178411220822,70.74594200255333,8.54806766254228,418.82035908849303,369.5836409115071
2024-02-05,405.65,409.9,411.16,403.99,25.35M,-1.35%,405.65,25350000.0,404.67999999999995,382.50019999999995,-0.01354506103788733,0.014173115766315733,63.12286689419791,8.262963903040486,417.80477217106886,374.3892278289312
2024-02-06,405.49,405.88,407.97,402.91,18.38M,-0.04%,405.49,18380000.0,405.339,383.05300000000005,-0.0003944286946874209,0.01413453640800644,63.81987577639747,7.932663648125583,417.2160802428852,378.0579197571148
2024-02-07,414.05,407.44,414.3,407.4,22.34M,2.11%,414.05,22340000.0,406.48799999999994,383.7854,0.021110261658733975,0.0152897169641627,66.24275595621373,8.266329674638087,417.5545058687647,381.54549413123533
2024-02-08,414.11,414.05,415.56,412.53,21.23M,0.01%,414.11,21230000.0,407.412,384.4954,0.0001449100350199295,0.015277618748310835,63.454165214360366,8.438332063790199,418.41370501020225,383.8202949897978
2024-02-09,420.55,415.25,420.82,415.09,22.03M,1.56%,420.55,22030000.0,409.074,385.25239999999997,0.015551423534809539,0.015707901005017483,69.49399935128119,8.990660635760776,420.4592937756832,385.36670622431683
2024-02-12,415.26,420.55,420.74,414.75,21.20M,-1.26%,415.26,21200000.0,409.628,385.98060000000004,-0.012578765901795297,0.016070814282449476,62.67038413878561,8.898944723364366,421.2376760444975,387.2673239555025
2024-02-13,406.32,404.94,410.07,403.39,27.82M,-2.15%,406.32,27820000.0,409.401,386.52880000000005,-0.021528680826470192,0.01763805788491367,52.6918671248568,8.012512658400055,420.7242195754821,389.3857804245178
2024-02-14,409.49,408.07,409.84,404.57,20.40M,0.78%,409.49,20400000.0,410.592,387.22839999999997,0.00780173262453232,0.015066093863923356,53.26732673267326,7.479581409115724,419.995554323444,392.11644567655594
2024-02-15,406.56,408.14,409.13,404.29,21.83M,-0.72%,406.56,21830000.0,410.87,387.9768,-0.00715524188624872,0.01467533064696539,51.809052139221336,6.743073092336147,419.395092580283,393.9859074197171
2024-02-16,404.06,407.96,408.29,403.44,22.30M,-0.61%,404.06,22300000.0,410.154,388.60760000000005,-0.006149153876426561,0.013394395240338303,45.9221902017291,5.889762324576168,419.1671609699705,394.7528390300296
2024-02-20,402.79,403.24,404.49,398.01,24.31M,-0.31%,402.79,24310000.0,409.86800000000005,389.2874,-0.003143097559768271,0.012758921662963314,45.829738280126584,5.052783662375987,418.6437167487483,395.9042832512517
2024-02-21,402.18,400.17,402.29,397.22,18.63M,-0.15%,402.18,18630000.0,409.537,389.912,-0.0015144368032969924,0.012761499553087549,53.88907676699358,4.290788600397207,418.38593150370997,396.49006849629
2024-02-22,411.65,410.19,412.83,408.57,27.01M,2.35%,411.65,27010000.0,409.297,390.6604,0.023546670644984724,0.013239450363070891,56.30507931421246,4.400327641862248,418.7420585648463,397.0429414351538
2024-02-23,410.34,415.67,415.86,408.97,16.30M,-0.32%,410.34,16300000.0,408.91999999999996,391.44120000000004,-0.003182315073484765,0.013263160672323335,49.21819474058275,4.3315012197409715,418.9704345671203,397.3615654328797
2024-02-26,407.54,411.45,412.16,407.36,16.19M,-0.68%,407.54,16190000.000000002,407.619,392.1044,-0.006823609689525667,0.012020717723592124,51.766025042048256,4.004853724121858,418.9721061622471,397.7208938377529
2024-02-27,407.48,407.99,408.32,403.85,14.84M,-0.01%,407.48,14840000.0,406.841,392.76660000000004,-0.00014722481228834905,0.01156247490486992,51.86294701366786,3.6985076381054682,418.8463612385746,397.6226387614253
2024-02-28,407.72,408.17,409.3,405.32,13.18M,0.06%,407.72,13180000.0,406.981,393.6024,0.0005889859625012317,0.009262176636265334,42.98070525615437,3.435489962302313,418.80385794136555,397.5781420586345
2024-02-29,413.64,408.64,414.2,405.92,31.95M,1.45%,413.64,31950000.0,407.396,394.46060000000006,0.014519768468556737,0.010068647739729517,49.53876349362117,3.66252181217385,418.6098605821961,399.3781394178038
2024-03-01,415.5,411.27,415.87,410.88,17.82M,0.45%,415.5,17820000.0,408.28999999999996,395.3176,0.004496663765593212,0.009679771529842228,44.55466896700451,3.9470336966923014,419.28601549769485,399.8739845023051
2024-03-04,414.92,413.44,417.35,412.32,17.60M,-0.14%,414.92,17600000.0,409.376,396.1508,-0.001395908543922908,0.00933370167282226,49.59193470955356,4.078693621067828,419.7399528424907,399.79004715750926
2024-03-05,402.65,413.96,414.25,400.64,26.92M,-2.96%,402.65,26920000.0,409.36199999999997,396.7914,-0.029571965680131207,0.013829369958747938,45.9213158479662,3.156561725680376,419.9347664191955,399.2952335808044
2024-03-06,402.09,402.97,405.16,398.39,22.34M,-0.14%,402.09,22340000.0,409.353,397.36240000000004,-0.0013907860424686724,0.013827869293736698,41.269466729589375,2.3534491384032776,420.1555014870758,398.7344985129243
2024-03-07,409.14,406.12,409.78,402.24,18.72M,1.75%,409.14,18720000.0,409.102,398.0536,0.017533388047452192,0.012784616622917478,52.774193548387075,2.259803104059074,419.6883622131147,398.7106377868853
2024-03-08,406.22,407.96,410.42,404.33,18.00M,-0.71%,406.22,18000000.0,408.69,398.68479999999994,-0.0071369213472159965,0.01293579359339784,52.30179028132996,1.9277464890707847,419.10807976437,398.50192023563
2024-03-11,404.52,403.76,405.68,401.26,16.12M,-0.42%,404.52,16120000.000000002,408.388,399.2938,-0.004184924425188474,0.012828748122954672,51.82682154171063,1.5100070159138568,416.85070657665017,399.1562934233498
2024-03-12,415.28,407.62,415.57,406.79,22.46M,2.66%,415.28,22460000.0,409.168,400.09380000000004,0.026599426480767407,0.0154666011163822,61.391304347826065,2.0238577760796375,416.85516390607756,399.15383609392245
2024-03-13,415.1,418.1,418.18,411.45,17.12M,-0.04%,415.1,17120000.0,409.90600000000006,400.875,-0.0004334424966286887,0.015480380776596494,53.57809583074056,2.3890245223510647,417.79895835606277,399.0880416439372
2024-03-14,425.22,420.24,427.82,417.99,34.16M,2.44%,425.22,34160000.0,411.064,401.96200000000005,0.024379667549987882,0.016643534712291724,63.04805331462651,3.455191921596736,421.22759625045217,397.23240374954787
2024-03-15,416.42,419.29,422.6,412.79,45.08M,-2.07%,416.42,45080000.0,411.15600000000006,402.87839999999994,-0.020695169559286963,0.018206400095110285,57.045382418279914,3.54913855152887,422.06405019839826,397.38194980160165
2024-03-18,417.32,414.25,420.73,413.78,20.11M,0.22%,417.32,20110000.0,411.396,403.866,0.002161279477450595,0.018202806673281384,57.7043532727842,3.654092309435498,422.8699744008664,397.90202559913354
2024-03-19,421.41,417.83,421.67,415.55,19.84M,0.98%,421.41,19840000.0,413.27200000000005,404.93919999999997,0.009800632608070625,0.014875174222367928,60.10928961748633,4.02094676580748,424.18703717327514,398.44696282672487
2024-03-20,425.23,422.0,425.96,420.66,17.86M,0.91%,425.23,17860000.0,415.58599999999996,405.95,0.009064806245699053,0.014769436600416594,58.83249504648684,4.567274937998604,426.00542875896565,398.9335712410343
2024-03-21,429.37,429.83,430.82,427.16,21.30M,0.97%,429.37,21300000.0,417.60900000000004,407.02160000000003,0.009735907626460927,0.014273301100490748,60.21505376344087,5.273517523755231,428.8444223232674,397.8665776767326
2024-03-22,428.74,429.7,429.86,426.07,17.65M,-0.15%,428.74,17650000.0,419.86100000000005,407.941,-0.0014672659943638644,0.013846997063448257,60.17073888725345,5.716488010900605,431.13540881536795,397.4155911846321
2024-03-25,422.86,425.24,427.41,421.61,18.06M,-1.37%,422.86,18060000.0,421.69500000000005,408.7056,-0.013714605588468487,0.014876907104038129,66.41754670999191,5.529339668796297,432.0046802814955,398.0783197185045
2024-03-26,421.65,425.61,425.99,421.35,16.73M,-0.29%,421.65,16730000.0,422.332,409.3692,-0.0028614671522491086,0.012795200180686686,65.7234726688103,5.2231768404375885,432.5664493404645,398.9335506595355
2024-03-27,421.43,424.44,424.45,419.01,16.70M,-0.05%,421.43,16700000.0,422.96500000000003,409.99240000000003,-0.000521759753349893,0.012796787796572997,61.09806754560235,4.906232438271331,432.9893985390589,399.88160146094094
2024-03-28,420.72,420.96,421.87,419.12,21.87M,-0.17%,420.72,21870000.0,422.515,410.6174,-0.0016847400517285838,0.009984131537659592,63.63807373965388,4.545364517049677,433.394418072965,400.1845819270351
2024-04-01,424.57,423.95,427.89,422.22,16.32M,0.92%,424.57,16320000.0,423.33000000000004,411.2314,0.00915097927362618,0.007632518444058258,68.12511299945764,4.517956721026394,434.19150293029736,400.29449706970274
2024-04-02,421.44,420.11,422.38,417.84,17.91M,-0.74%,421.44,17910000.0,423.742,411.6868,-0.007372164778481793,0.008181141957206556,56.4597315436242,4.195310080597665,434.5800724312875,400.55792756871267
2024-04-03,420.45,419.73,423.26,419.08,16.50M,-0.23%,420.45,16500000.0,423.646,412.16560000000004,-0.002349088838268787,0.007613585214710468,55.51660136110536,3.8157400907392116,433.9809395152517,402.9370604847483
2024-04-04,417.88,424.99,428.67,417.57,19.37M,-0.61%,417.88,19370000.0,422.91099999999994,412.54519999999997,-0.0061124985134973775,0.0070531882418958455,41.03566194430869,3.269857732978437,432.73803009206034,405.7589699079396
2024-04-05,425.52,420.01,426.51,418.32,16.55M,1.83%,425.52,16550000.0,422.526,413.0044,0.018282760601129544,0.008877495188806274,61.43790849673201,3.414367478516567,432.94816666300875,407.18683333699124
2024-04-08,424.59,425.17,427.28,423.3,14.27M,-0.22%,424.59,14270000.0,422.111,413.3988,-0.002185561195713448,0.008885811859513827,59.130871640291375,3.4144891597385936,432.22415755640077,409.7478424435992
2024-04-09,426.28,426.44,427.74,421.62,12.51M,0.40%,426.28,12510000.0,422.453,413.84579999999994,0.003980310417108335,0.0077475016923588035,56.50895482491306,3.5104877514681903,430.4485137171853,413.69948628281463
2024-04-10,423.26,422.19,424.03,419.7,16.22M,-0.71%,423.26,16219999.999999998,422.6139999999999,414.11660000000006,-0.007084545369240858,0.008079234784508395,47.30947828462165,3.304783084003077,430.2215947112571,414.7244052887428
2024-04-11,427.93,425.82,429.37,422.36,17.97M,1.10%,427.93,17970000.0,423.264,414.50340000000006,0.011033407361905168,0.008731133307550916,48.06138933764136,3.478492725345177,430.4037234081593,415.82527659184075
2024-04-12,421.9,424.05,425.18,419.77,19.25M,-1.41%,421.9,19250000.0,423.38199999999995,414.98979999999995,-0.014091089664197476,0.0100292725057205,41.96050775740475,3.093923438928414,430.1868693278,415.7101306721999
2024-04-15,413.64,426.6,426.82,413.43,20.27M,-1.96%,413.64,20270000.0,422.28900000000004,415.18700000000007,-0.019578099075610367,0.01125951760010834,39.73731077471056,2.0984469502665775,430.6568850152945,414.9621149847055
2024-04-16,414.58,414.57,418.4,413.73,16.77M,0.23%,414.58,16770000.0,421.60299999999995,415.25419999999997,0.002272507494439635,0.011213319300352223,42.08286674132138,1.3695870580070846,431.0041337564702,414.34086624352983
2024-04-17,411.84,417.25,418.88,410.33,15.86M,-0.66%,411.84,15860000.0,420.742,415.37800000000004,-0.006609098364609989,0.011326003296589456,39.83464066143731,0.5643596545786522,431.8283298458312,412.55967015416894
2024-04-18,404.27,410.63,411.89,403.95,21.03M,-1.84%,404.27,21030000.0,419.381,415.35360000000003,-0.018380924630924667,0.012430474500281098,34.77697575421057,-0.6768226091282941,433.5512864791954,408.7407135208046
2024-04-19,399.12,404.03,405.48,397.77,30.57M,-1.27%,399.12,30570000.0,416.741,415.055,-0.012739011056966842,0.010119636213771774,27.001626604012287,-2.052371988281891,434.87016115516235,404.3968388448377
2024-04-22,400.96,400.08,402.85,395.75,20.29M,0.46%,400.96,20290000.0,414.378,414.792,0.00461014231308865,0.010644075593201128,31.051073279052517,-2.9599121344759283,434.97722932087464,401.5117706791253
2024-04-23,407.57,404.23,408.2,403.06,15.73M,1.65%,407.57,15730000.0,412.50699999999995,414.53240000000005,0.016485434956105438,0.012478781925451122,39.205497820985585,-3.109923221841882,434.7144697443167,400.2455302556833
2024-04-24,409.06,409.56,412.47,406.78,15.07M,0.37%,409.06,15070000.0,411.087,414.4084,0.0036558137252495904,0.012683359138991464,42.47183339023558,-3.0731521567087725,434.3611589794356,399.33984102056445
2024-04-25,399.04,394.03,399.89,388.03,40.59M,-2.45%,399.04,40590000.0,408.198,414.26279999999997,-0.02449518408057494,0.01317804197355078,28.280839895013145,-3.808637479961021,434.8022601631324,396.65973983686746
2024-04-26,406.32,412.17,413.0,405.76,29.69M,1.82%,406.32,29690000.0,406.64,414.1994,0.018243785084202102,0.015048244532542412,36.42846530976081,-3.7607284029653556,434.3742608171517,395.6477391828482
2024-04-29,402.25,405.25,406.32,399.19,19.58M,-1.00%,402.25,19580000.0,405.50100000000003,414.1132,-0.01001673557786964,0.014204076938678315,32.759362892811026,-4.005007862265529,433.50973613596614,394.2802638640338
2024-04-30,389.33,401.49,402.16,389.17,28.78M,-3.21%,389.33,28780000.0,402.976,413.8186,-0.03211932877563706,0.016794434619015492,28.68450810403317,-5.181409058443478,434.4014852949387,390.17751470506136
2024-05-01,394.94,392.61,401.72,390.31,23.56M,1.44%,394.94,23560000.0,401.286,413.6616,0.014409369943235939,0.018000646829017582,29.516950204892566,-5.596522143102163,434.0669727732366,387.9610272267633
2024-05-02,397.84,397.66,399.93,394.65,17.71M,0.73%,397.84,17710000.0,400.643,413.57480000000004,0.007342887527219233,0.01755521954691023,34.45736434108525,-5.626636130876307,433.5454929073531,386.4785070926469
2024-05-03,406.66,402.28,407.15,401.86,17.45M,2.22%,406.66,17450000.0,401.39700000000005,413.475,0.022169716468932288,0.01850860595390025,45.52334530528478,-4.882518757982723,431.47023577416917,386.66776422583087
2024-05-06,413.54,408.76,413.93,406.37,17.00M,1.69%,413.54,17000000.0,402.65500000000003,413.539,0.016918310136231796,0.01909917595425836,49.3802145411204,-3.695047668017878,429.82430067189193,387.2086993281081
2024-05-07,409.34,414.66,414.67,409.09,20.02M,-1.02%,409.34,20020000.0,402.832,413.575,-0.01015621221647256,0.018906436244144727,48.53561387066542,-3.0576267551620617,427.2836425614389,388.05535743856103
2024-05-08,410.54,408.17,412.23,406.71,11.79M,0.29%,410.54,11790000.0,402.98,413.6362,0.0029315483461183067,0.01889479280246408,53.96885681731866,-2.4276516609853616,425.29753111667793,388.7694688833221
2024-05-09,412.32,410.57,412.72,409.1,14.69M,0.43%,412.32,14690000.0,404.308,413.7282,0.00433575291080035,0.016728666814911537,58.72784977519174,-1.7644215825166611,421.90433402753615,390.60166597246393
2024-05-10,414.74,412.93,415.38,411.8,13.40M,0.59%,414.74,13400000.0,405.15,413.75019999999995,0.005869227784245368,0.0159486225670118,59.04199475065618,-1.0316410756535106,420.3187924788555,391.47120752114444
2024-05-13,413.72,418.01,418.35,410.82,15.44M,-0.25%,413.72,15440000.0,406.29699999999997,413.7146,-0.002459372136760285,0.015479210490811903,54.354907236935304,-0.5271362218359741,420.3318775261074,391.4661224738926
2024-05-14,416.56,412.02,417.49,411.55,15.11M,0.69%,416.56,15110000.0,409.02,413.74739999999997,0.006864546069805577,0.009380580205023458,55.21122846025569,0.10069107072007455,420.70613537859896,391.289864621401
2024-05-15,423.08,417.9,423.81,417.27,22.24M,1.57%,423.08,22240000.0,411.834,414.156,0.015652006913769778,0.009499722536411636,67.55769792579605,1.1115450341674773,422.9686806294535,390.1513193705465
2024-05-16,420.99,421.8,425.42,420.35,17.53M,-0.49%,420.99,17530000.0,414.149,414.53399999999993,-0.0049399640729884675,0.01021031611491739,61.593172119487924,1.724133808558861,424.9753879301698,389.8166120698302
2024-05-17,420.21,422.54,422.92,418.02,15.35M,-0.19%,420.21,15350000.0,415.504,414.7554,-0.0018527756003706708,0.008610274007665399,64.971657219073,2.122211807770782,426.4644284998968,390.43657150010324
2024-05-20,425.34,420.21,426.77,419.99,16.27M,1.22%,425.34,16270000.0,416.684,415.1378000000001,0.012208181623474035,0.00788150985652915,84.49894615826783,2.8191422993724586,428.81333833809657,390.52566166190337
2024-05-21,429.04,426.83,432.97,424.85,21.45M,0.87%,429.04,21450000.0,418.654,415.6282,0.008698923214369714,0.006572146426521709,83.91010342084324,3.6282001796943177,431.7120068032603,389.7739931967398
2024-05-22,430.52,430.09,432.41,427.13,18.07M,0.34%,430.52,18070000.0,420.65200000000004,415.93299999999994,0.0034495618124184,0.006558416145799361,83.44248874334829,4.338793103824628,434.5447996302259,389.08720036977405
2024-05-23,427.0,432.97,433.6,425.42,17.21M,-0.82%,427.0,17210000.0,422.12,416.171,-0.008176159063458144,0.007740159290634822,73.3471074380165,4.565282795336145,436.07321065081464,390.35478934918524
2024-05-24,430.16,427.19,431.05,424.41,11.86M,0.74%,430.16,11860000.0,423.662,416.2698,0.007400468384074932,0.007806409903033276,70.85843373493975,4.942785741160378,438.21800086642304,390.5939991335771
2024-05-28,430.32,429.63,430.82,426.6,15.72M,0.04%,430.32,15720000.0,425.322,416.5478,0.00037195462153616354,0.007607629466408476,79.30167597765369,5.194985647533713,439.91189077460984,391.7071092253902
2024-05-29,429.17,425.69,430.94,425.69,15.52M,-0.27%,429.17,15520000.0,426.58299999999997,416.7848,-0.0026724298196689755,0.007799486894539779,76.05594405594414,5.241638159392778,439.1130864459093,396.4899135540908
2024-05-30,414.67,424.3,424.3,414.24,28.42M,-3.38%,414.67,28420000.0,425.742,416.65,-0.03378614535032742,0.01289962987275488,52.42417990509597,4.061760347779227,437.2844697627295,400.29153023727054
2024-05-31,415.13,416.75,416.75,404.51,48.00M,0.11%,415.13,48000000.0,425.15599999999995,416.448,0.001109315841512526,0.012884617362396626,50.41926467426359,3.1277619444036304,435.44511769573245,403.8598823042676
2024-06-03,413.52,415.52,416.43,408.92,17.48M,-0.39%,413.52,17480000.0,424.48699999999997,416.131,-0.0038783031821357783,0.012909734388668418,49.78768577494687,2.23191975435833,434.8713489894609,405.1196510105391
2024-06-04,416.07,412.43,416.44,409.67,14.35M,0.62%,416.07,14350000.0,423.56000000000006,415.87760000000003,0.00616656993615794,0.012323560443215096,49.476607562486635,1.7080329131051144,434.808533179803,405.435466820197
2024-06-05,424.01,417.81,424.08,416.3,16.99M,1.91%,424.01,16990000.0,423.0570000000001,415.9006,0.01908332732472906,0.01369842289114426,50.964130209413234,1.9115058105493858,434.71686087339566,406.99413912660435
2024-06-06,424.52,424.01,425.31,420.58,14.86M,0.12%,424.52,14860000.0,422.457,415.95799999999997,0.001202801820711752,0.013633909221313304,53.783494105037484,2.089822116973835,434.6122607091027,408.4967392908973
2024-06-07,423.85,426.2,426.28,423.0,13.62M,-0.16%,423.85,13620000.0,422.142,416.0064,-0.0015782530858380328,0.013423154238538544,53.910614525139714,2.15226569474828,434.4704581472511,409.7915418527488
2024-06-10,427.87,424.7,428.08,423.89,14.00M,0.95%,427.87,14000000.0,421.913,416.1494,0.009484487436593136,0.01357745984107829,52.7845036319613,2.49734524206724,434.865622675638,410.70937732436204
2024-06-11,432.68,425.48,432.82,425.25,14.55M,1.12%,432.68,14550000.0,422.149,416.31160000000006,0.011241732301867424,0.014076478805985865,53.91061452513966,3.122950639629778,435.7932810212837,411.6777189787162
2024-06-12,441.06,435.32,443.4,433.25,22.37M,1.94%,441.06,22370000.0,423.338,416.704,0.019367662013497267,0.01518266712787537,59.86152694610782,4.245998166043478,438.79593045187994,411.1250695481201
2024-06-13,441.58,440.85,443.39,439.37,15.96M,0.12%,441.58,15960000.0,426.029,417.12659999999994,0.0011789779168367431,0.008256691853777835,64.45281522601113,5.118972744674807,441.54503481191716,410.2259651880829
2024-06-14,442.57,438.27,443.14,436.72,13.58M,0.22%,442.57,13580000.0,428.77299999999997,417.6204,0.002241949363648743,0.008184451594846699,62.85477522270561,5.823565673862504,444.1073775757826,409.82162242421725
2024-06-17,448.37,442.58,450.94,440.72,20.79M,1.31%,448.37,20790000.0,432.258,418.07739999999995,0.01310527148247731,0.007539559682994504,66.74086440363573,6.771909812982699,447.66986592331364,409.07513407668625
2024-06-18,446.34,449.7,450.14,444.89,17.11M,-0.45%,446.34,17110000.0,435.28499999999997,418.51239999999996,-0.004527510761201725,0.00854362584503598,65.66891768570903,7.275804397045761,450.2497573174611,408.5952426825389
2024-06-20,445.7,446.3,446.53,441.27,19.88M,-0.14%,445.7,19880000.0,437.454,418.9008,-0.0014338844826813357,0.007769273358513802,87.90618128512095,7.5366243202057035,452.3145713885609,408.19642861143893
2024-06-21,449.78,447.38,450.58,446.51,34.49M,0.92%,449.78,34490000.0,439.98,419.43120000000005,0.009154139555755059,0.007741086939788147,88.8888888888889,7.980553042679048,454.9447956719987,407.49220432800143
2024-06-24,447.67,449.8,452.75,446.41,15.91M,-0.47%,447.67,15910000.0,442.36199999999997,419.82599999999996,-0.004691182355818335,0.008124880442828126,87.90233074361832,8.069094884586377,456.9840159860888,407.5199840139113
2024-06-25,450.95,448.25,451.42,446.75,16.75M,0.73%,450.95,16750000.0,444.66999999999996,420.40700000000004,0.007326825563473083,0.008035831102614589,88.09523809523822,8.308162197937293,459.364565170166,407.218434829834
2024-06-26,452.16,449.0,453.6,448.19,16.51M,0.27%,452.16,16510000.000000002,446.61800000000005,421.1774,0.002683224304246723,0.007784087083415483,86.04353393085802,8.497309954004947,461.7308318432835,407.03616815671654
2024-06-27,452.85,452.17,456.17,451.77,14.81M,0.15%,452.85,14810000.0,447.797,421.9428,0.0015260084925690087,0.005765524230065896,86.10757073668125,8.603709934354242,463.993609477016,407.141390522984
2024-06-28,446.95,453.07,455.38,446.41,28.36M,-1.30%,446.95,28360000.0,448.334,422.645,-0.013028596665562664,0.007621765175935216,75.9784075573549,8.118368495205004,464.24463653194437,410.1183634680557
2024-07-01,456.73,448.66,457.37,445.66,17.66M,2.19%,456.73,17660000.0,449.75,423.69419999999997,0.02188164224186151,0.010052613517450308,78.73357228195937,8.425769151196846,465.57263694555417,412.95036305444575
2024-07-02,459.28,453.2,459.59,453.11,13.98M,0.56%,459.28,13980000.0,450.841,424.8974,0.005583167297965819,0.00949500519557373,77.73144286905753,8.77400876314266,466.3507193885134,416.7482806114865
2024-07-03,460.77,458.19,461.02,457.88,9.93M,0.32%,460.77,9930000.0,452.284,426.0936,0.003244208326075526,0.009173282060658056,73.99561723886046,9.06571776095609,466.91818696578326,420.6508130342166
2024-07-05,467.56,459.61,468.35,458.96,16.00M,1.47%,467.56,16000000.0,454.46999999999997,427.29339999999996,0.014736202443735635,0.00967247942387216,77.43979721166033,9.732604095300474,469.45425592446,422.4697440755402
2024-07-08,466.24,466.55,467.7,464.46,12.96M,-0.28%,466.24,12960000.0,456.116,428.43700000000007,-0.0028231670801608377,0.009819571891115212,74.82693517935809,10.03888137610818,470.92464366253114,425.171356337469
2024-07-09,459.54,467.0,467.33,458.0,17.23M,-1.44%,459.54,17230000.0,457.303,429.647,-0.014370281400137297,0.011122965606265486,61.49886761375336,9.629966067611576,470.19088363450766,429.4741163654923
2024-07-10,466.25,461.22,466.46,458.86,18.20M,1.46%,466.25,18200000.0,458.83299999999997,430.8456,0.014601558079818888,0.011684657432623176,68.69483568075121,9.735118278132859,470.570497428391,432.93250257160895
2024-07-11,454.7,462.98,464.78,451.55,23.11M,-2.48%,454.7,23110000.0,459.087,431.89459999999997,-0.024772117962466478,0.014707301153235515,57.01371571072319,8.785193448448581,469.4147409810705,436.29025901892965
2024-07-12,453.55,454.33,456.36,450.64,16.32M,-0.25%,453.55,16320000.0,459.157,433.1789999999999,-0.002529140092368598,0.014736580520625297,53.07855626326967,7.849096291876037,469.0812208864442,437.87277911355574
2024-07-15,453.96,453.3,457.26,451.43,14.43M,0.09%,453.96,14430000.0,459.858,434.35940000000005,0.0009039797155769858,0.013980664133787004,55.283050562741444,7.058945000636868,468.6606802772393,439.5313197227607
2024-07-16,449.52,454.22,454.3,446.66,17.18M,-0.98%,449.52,17180000.0,459.13700000000006,435.393,-0.009780597409463354,0.012382523045770645,48.82188169385401,6.005248746809741,468.1570588301771,440.72994116982284
2024-07-17,443.52,442.59,444.85,439.18,21.75M,-1.33%,443.52,21750000.0,457.561,436.13019999999995,-0.013347570742124892,0.012620607590341696,43.4025656689065,4.632634887009999,468.52471886433545,439.8772811356646
2024-07-18,440.37,444.34,444.65,434.4,20.79M,-0.71%,440.37,20790000.0,455.521,436.6668,-0.007102272727272707,0.01243691027586036,40.81542537533115,3.2531495565457362,469.1359229142195,438.66907708578054
2024-07-19,437.11,433.1,441.14,432.0,20.94M,-0.74%,437.11,20940000.0,452.476,437.22219999999993,-0.007402865771964473,0.010454979264207187,42.465543644716696,1.8752262969905473,470.10074612062283,436.8452538793771
2024-07-22,442.94,441.79,444.6,438.91,15.81M,1.33%,442.94,15810000.0,450.146,437.87020000000007,0.01333760380682203,0.012215189934650228,38.761206193968995,1.2393579164616995,470.34944653422275,435.9125534657772
2024-07-23,444.85,443.89,448.39,443.1,13.11M,0.43%,444.85,13110000.0,448.677,438.5208,0.004312096446471347,0.012058343245166966,38.11563169164885,0.8794113742642935,470.441349517996,435.53865048200413
2024-07-24,428.9,440.45,441.48,427.58,26.81M,-3.59%,428.9,26810000.0,444.942,438.80400000000003,-0.03585478251095886,0.014164567571636122,28.801383530663813,-0.6849844793007378,472.3992012817792,431.3757987182208
2024-07-25,418.4,428.8,429.8,417.51,29.94M,-2.45%,418.4,29940000.0,441.312,438.89759999999995,-0.024481231056190267,0.014127056036596577,18.838742393509094,-2.740451493013495,475.5924890655565,424.8065109344435
2024-07-26,425.27,418.2,428.92,417.27,23.58M,1.64%,425.27,23580000.0,438.48400000000004,439.0718,0.016419694072657753,0.016103895295644582,25.737297169252614,-3.771595717511957,476.5000211967887,421.1409788032113
2024-07-29,426.73,431.58,432.15,424.7,15.13M,0.34%,426.73,15130000.0,435.76099999999997,439.1448,0.003433113081101613,0.016248806649018455,29.284000505114278,-4.420023862432288,477.2008323957806,418.4181676042193
2024-07-30,422.92,427.72,429.05,417.36,32.69M,-0.89%,422.92,32689999.999999996,433.101,439.18340000000006,-0.008928362196236495,0.016229269793978915,21.601782671385507,-5.1816125929262284,477.1912268271726,415.04677317282733
2024-07-31,418.35,420.49,421.77,412.21,42.89M,-1.08%,418.35,42890000.0,430.584,439.14619999999996,-0.010805826160976029,0.016120277003681203,23.777232722550877,-6.0838076086359365,476.84022409100965,411.30477590899045
2024-08-01,417.11,420.79,427.46,413.09,30.30M,-0.30%,417.11,30300000.0,428.258,438.98159999999996,-0.002964025337635956,0.01613359826122871,23.746397694524504,-6.820241793495256,475.77179748935527,408.00720251064485
2024-08-02,408.49,412.49,415.0,404.34,29.44M,-2.07%,408.49,29440000.0,425.396,438.57060000000007,-0.020666011363908776,0.01685530451765155,20.706094575441355,-8.007131917889467,473.6836214407368,404.1883785592632
2024-08-05,395.15,389.17,401.04,385.58,40.71M,-3.27%,395.15,40710000.0,420.617,437.8632,-0.03265685818502295,0.017078236523467575,18.575887180672794,-9.90994176557274,472.8097546100827,397.95324538991724
2024-08-06,399.61,400.0,405.67,398.5,24.95M,1.13%,399.61,24950000.0,416.093,437.3154,0.011286853093761984,0.017905406594425313,24.161468753677823,-10.932029916714043,471.23840735581865,393.53159264418144
2024-08-07,398.43,408.64,410.08,397.47,20.65M,-0.30%,398.43,20650000.0,413.046,436.68080000000003,-0.0029528790570806374,0.015608771025821483,24.734939759036195,-11.702360748329454,467.23607019279774,390.7519298072023
2024-08-08,402.69,402.44,405.86,399.94,20.20M,1.07%,402.69,20200000.0,411.475,436.1282,0.010691965966418193,0.015248640662627221,29.511904761904788,-11.832707003887606,464.3478095257737,388.4391904742262
2024-08-09,406.02,404.03,408.05,402.26,19.28M,0.83%,406.02,19280000.0,409.55,435.66519999999997,0.008269388363256969,0.014237192224336778,27.34969325153378,-11.534343449081177,460.74405762928143,387.28994237071856
2024-08-12,406.81,407.06,408.76,404.24,16.76M,0.19%,406.81,16760000.000000002,407.558,435.50800000000004,0.00194571695975565,0.014152280838105364,26.337397362528023,-11.106117376807447,456.28685789424514,387.03214210575493
2024-08-13,414.01,409.59,414.95,409.57,19.41M,1.77%,414.01,19410000.0,406.667,435.4856,0.01769867997345198,0.015685570044460046,39.6063102052213,-10.069688204777435,452.0505582472384,387.7174417527616
2024-08-14,416.86,414.8,417.72,412.45,18.27M,0.69%,416.86,18270000.0,406.518,435.5524,0.006883891693437505,0.01558119808674837,48.79649890590813,-8.915566338317774,448.7423608416876,388.35963915831246
2024-08-15,421.03,419.8,421.11,417.66,20.75M,1.00%,421.03,20750000.0,406.90999999999997,435.65160000000003,0.010003358441682986,0.01586687145536344,46.54046997389034,-7.577088336523843,446.02076893333214,389.14723106666787
2024-08-16,418.47,420.6,421.34,417.3,22.78M,-0.61%,418.47,22780000.0,407.908,435.5408,-0.006080326817566317,0.014235279734978155,43.37928823340815,-6.646291174588157,443.57580875533836,389.7281912446615
2024-08-19,421.53,418.96,421.75,416.46,15.23M,0.73%,421.53,15230000.0,410.546,435.48100000000005,0.007312352139938305,0.007074769018149042,48.87230245010543,-5.597190364814139,439.6561691729872,391.50683082701295
2024-08-20,424.8,421.7,425.86,421.64,16.39M,0.78%,424.8,16390000.0,413.06500000000005,435.5,0.007757454985410472,0.006895525302460647,55.345599204375915,-4.4506049398935374,434.8990009324321,394.2589990675679
2024-08-21,424.14,424.08,426.4,421.72,16.07M,-0.16%,424.14,16070000.0,415.63599999999997,435.4254,-0.001553672316384258,0.006701695646184709,55.88284518828449,-3.554213453817397,434.05727903400316,394.62472096599686
2024-08-22,415.55,424.36,426.79,414.61,19.36M,-2.03%,415.55,19360000.0,416.922,435.08279999999996,-0.020252746734568672,0.010508067778266237,55.910917615539184,-3.496650740181508,433.83228106597585,394.5647189340241
2024-08-23,416.79,416.98,419.26,412.09,18.49M,0.30%,416.79,18490000.0,417.99899999999997,434.5974,0.0029839971122609388,0.010356495587318494,72.72154556908869,-3.312786497416255,432.75702767261015,394.79197232738983
2024-08-26,413.49,416.36,417.28,411.34,13.15M,-0.79%,413.49,13150000.0,418.66700000000003,434.0356,-0.007917656373713444,0.01088911649366992,64.93758071459322,-3.3942286263333017,431.08949568013287,395.13550431986715
2024-08-27,413.84,412.86,414.36,410.25,13.49M,0.08%,413.84,13490000.0,418.65,433.461,0.0008464533604197744,0.009327210758287985,66.88582073197458,-3.3914356660679346,430.0414235927356,395.2755764072644
2024-08-28,410.6,414.88,415.0,407.31,14.88M,-0.78%,410.6,14880000.0,418.024,432.70560000000006,-0.007829112700560525,0.009280695747205322,58.865725173727924,-3.609060148298056,429.46420416539604,395.077795834604
2024-08-29,413.12,414.94,422.05,410.6,17.05M,0.61%,413.12,17050000.0,417.233,432.0412,0.006137359961032596,0.008818528986471374,58.10502283105028,-3.5374091284122073,429.12027618695816,395.02272381304186
2024-08-30,417.14,415.6,417.49,412.13,24.31M,0.97%,417.14,24310000.0,417.1,431.47,0.009730828814872083,0.009377407826328229,60.982351690410404,-3.1202761740469214,429.6090012999997,395.39899870000033
2024-09-03,409.44,417.91,419.88,407.03,20.31M,-1.85%,409.44,20310000.0,415.89099999999996,430.6632,-0.018459030541305044,0.010529944428361332,45.192509993688184,-3.3721489172188512,428.3514313610501,398.08556863895
2024-09-04,408.9,405.91,411.24,404.37,15.14M,-0.13%,408.9,15140000.0,414.30100000000004,429.88779999999997,-0.0013188745603751606,0.009884915299206239,41.19858469703663,-3.5741329875988868,427.57672914206216,399.7892708579378
2024-09-05,408.39,407.62,413.1,406.13,14.20M,-0.12%,408.39,14200000.0,412.726,429.03659999999996,-0.0012472487160675172,0.00989299747189587,34.79307025986522,-3.7323355158157483,426.3838588539666,401.97814114603347
2024-09-06,401.7,409.06,410.65,400.8,19.61M,-1.64%,401.7,19610000.0,411.341,428.0274,-0.016381400132226553,0.009228101878579531,31.64806303348645,-4.347424841161512,426.53697124624483,401.7260287537551
2024-09-09,405.72,407.24,408.65,402.15,15.30M,1.00%,405.72,15300000.0,410.23400000000004,427.08480000000003,0.010007468259895624,0.009998481258526665,33.05466237942127,-4.459105368527503,426.56392251904884,401.6690774809511
2024-09-10,414.2,408.2,416.33,407.7,19.59M,2.09%,414.2,19590000.0,410.305,426.42980000000006,0.020901114068815785,0.012216495183091449,39.780177400694136,-3.819321105141512,426.4495277317678,402.5224722682322
2024-09-11,423.04,415.5,423.99,409.58,19.27M,2.13%,423.04,19270000.0,411.225,425.756,0.02134234669241919,0.013929061863874754,49.083944037308484,-2.5693554161052816,427.4923545863149,402.3826454136851
2024-09-12,427.0,423.31,427.37,419.75,17.42M,0.94%,427.0,17420000.0,412.86499999999995,425.1104,0.009360816944024242,0.013598514692932046,60.332070023461476,-1.244859729070015,429.0972051107612,401.7917948892387
2024-09-13,430.59,425.83,431.83,425.46,15.87M,0.84%,430.59,15870000.0,414.61199999999997,424.5068,0.008407494145199035,0.013656847879165742,61.94598337950137,0.09341876908092672,430.9942677864883,400.8507322135117
2024-09-16,431.34,430.6,433.53,428.22,13.83M,0.17%,431.34,13830000.0,416.032,423.7824,0.0017417961401797744,0.01353269518591366,66.16554971925376,1.200692022400574,433.12167372929525,400.0103262707047
2024-09-17,435.15,440.23,441.85,432.27,18.87M,0.88%,435.15,18870000.0,418.60299999999995,423.1606,0.00883293921268602,0.011172804770147,68.16089994886657,2.358462326028132,435.6768249127627,398.81717508723733
2024-09-18,430.81,435.0,436.03,430.41,18.90M,-1.00%,430.81,18900000.0,420.794,422.58600000000007,-0.009973572331379965,0.012112586271754546,66.9064748201439,2.8924594319924495,436.67850968527915,398.4164903147209
2024-09-19,438.69,441.23,441.5,436.9,21.71M,1.83%,438.69,21710000.0,423.82399999999996,422.0348,0.018291126018430415,0.012508632654850823,69.62997082757563,3.906474720916151,439.4581010104835,397.09189898951644
2024-09-20,435.27,437.22,439.24,434.22,55.17M,-0.78%,435.27,55170000.0,427.18100000000004,421.6462,-0.007795937906038497,0.010897030394847011,64.04772973810631,4.3835924006037885,441.70812327130557,396.81387672869437
2024-09-23,433.51,434.28,436.46,430.39,15.13M,-0.40%,433.51,15130000.0,429.9599999999999,421.2454,-0.004043467273186718,0.011513831098953787,70.5410479604028,4.567048219155595,443.3862503777427,396.80774962225735
2024-09-24,429.17,433.0,433.35,426.1,17.02M,-1.00%,429.17,17020000.0,431.457,420.7496,-0.010011303084127232,0.011428778240283889,66.24459047924353,4.3125244505662295,444.2891514367004,397.4728485632995
2024-09-25,432.11,429.83,433.12,428.57,13.40M,0.69%,432.11,13400000.0,432.36400000000003,420.40139999999997,0.006850432229652537,0.009722636126694367,68.29682196852828,4.298495578303061,445.47014813761456,398.1188518623854
2024-09-26,431.31,435.08,435.3,429.13,14.49M,-0.19%,431.31,14490000.0,432.79499999999996,420.1572,-0.001851380435537231,0.009443223459363888,75.12302732054984,4.174700928201787,446.254369676389,399.4056303236111
2024-09-27,428.02,431.52,431.85,427.47,14.90M,-0.76%,428.02,14900000.0,432.538,419.9102,-0.007627924230831695,0.009415495776045769,69.15807560137455,3.7676857359206792,446.6441486850278,400.5058513149722
2024-09-30,430.3,428.21,430.42,425.37,16.85M,0.53%,430.3,16850000.0,432.434,419.774,0.005326853885332605,0.009579645398476007,65.48076923076925,3.587742941558872,447.280040316876,401.185959683124
2024-10-01,420.69,428.45,428.48,418.81,19.09M,-2.23%,420.69,19090000.0,430.988,419.329,-0.022333255867999058,0.01124013830498268,47.77335607352661,2.639266473707778,446.85012450608826,402.74087549391174
2024-10-02,417.13,422.58,422.82,416.71,16.58M,-0.85%,417.13,16579999.999999998,429.62,418.77459999999996,-0.008462288145665409,0.011150493482350593,40.57666603016994,1.5820924151497593,446.2989641469976,404.1150358530024
2024-10-03,416.54,417.63,419.55,414.29,13.69M,-0.14%,416.54,13690000.0,427.40500000000003,418.5274,-0.0014144271570013522,0.008318931986591581,35.770710958071746,0.6887270710926146,445.6256615959778,405.6033384040222
2024-10-04,416.06,418.24,419.75,414.97,19.19M,-0.12%,416.06,19190000.0,425.48400000000004,418.48060000000004,-0.001152350314495676,0.008348158273152793,34.439918533604924,-0.05734238161414851,443.5689117342609,409.09608826573907
2024-10-07,409.54,416.0,417.11,409.0,20.92M,-1.57%,409.54,20920000.0,423.087,418.166,-0.0156708167091284,0.00906113874147867,25.284694074503037,-1.1613302162805894,442.8593131271632,410.1876868728367
2024-10-08,414.71,410.9,415.66,408.17,19.23M,1.26%,414.71,19230000.0,421.64099999999996,417.92560000000003,0.012623919519460847,0.010551055103771674,34.70744680851061,-1.6006217651926704,442.8052142287777,410.29278577122227
2024-10-09,417.46,415.86,420.38,414.3,14.97M,0.66%,417.46,14970000.0,420.17600000000004,417.8164,0.006631139832654176,0.010527652135915553,27.65733529783202,-1.707182132400817,442.96539110682374,409.5746088931762
2024-10-10,415.84,415.23,417.35,413.15,13.85M,-0.39%,415.84,13850000.0,418.629,417.7662,-0.0038806113160542166,0.01051418257310591,28.746444979216776,-1.9004453017815877,443.0387126896842,408.3852873103158
2024-10-11,416.32,416.14,417.13,413.25,14.14M,0.12%,416.32,14140000.0,417.459,417.7504,0.001154290111581524,0.01050675978294889,30.65496286293046,-1.991914220221986,442.6516151567118,407.3453848432882
2024-10-14,419.14,417.77,424.04,417.52,16.65M,0.68%,419.14,16649999.999999998,416.343,417.9634,0.006773635664873101,0.010638971629512198,38.3127476112794,-1.8159207606499876,441.9619228460367,406.81507715396333
2024-10-15,418.74,422.18,422.48,415.26,18.90M,-0.10%,418.74,18900000.0,416.14799999999997,418.43520000000007,-0.0009543350670420114,0.008063217327735246,33.440673767649244,-1.6892487252514456,440.5481799010781,406.587820098922
2024-10-16,416.12,415.17,416.36,410.48,15.51M,-0.63%,416.12,15510000.0,416.047,418.7654,-0.006256865835602032,0.007846516950717685,31.998103816070156,-1.7797564043522698,439.76548315861146,405.90151684138857
2024-10-17,416.72,422.36,422.5,415.59,14.82M,0.14%,416.72,14820000.0,416.06499999999994,419.13120000000004,0.0014418917619918314,0.007849976779526827,35.696202531645625,-1.7825216070169745,437.11509308025114,406.3549069197489
2024-10-18,418.16,417.14,419.65,416.26,17.15M,0.35%,418.16,17150000.0,416.275,419.4406000000001,0.00345555768861594,0.007905235089740437,34.29901707190895,-1.6495026449221655,434.9361245480025,406.8228754519975
2024-10-21,418.78,416.12,418.96,413.75,14.21M,0.15%,418.78,14210000.0,417.19899999999996,419.6958,0.0014826860531853558,0.0054913110510062925,46.781260532524385,-1.477029068979789,432.89633615793116,407.3896638420689
2024-10-22,427.51,418.49,430.58,418.04,25.48M,2.08%,427.51,25480000.0,418.479,420.10979999999995,0.020846267730073142,0.007474994777073615,64.89667049368545,-0.6286577024268922,432.5855461063562,407.5344538936437
2024-10-23,424.6,430.86,431.08,422.53,19.65M,-0.68%,424.6,19650000.0,419.19300000000004,420.32160000000005,-0.006806858319103548,0.007955958687371903,60.8449946178687,-0.18895184313419122,431.08914628304643,408.2798537169536
2024-10-24,424.73,425.33,425.98,422.4,13.58M,0.03%,424.73,13580000.0,420.082,420.47900000000004,0.0003061705134244086,0.007735258770612705,61.77669111654448,0.16807071720205613,429.6761823009525,409.0348176990474
2024-10-25,428.15,426.76,432.52,426.57,16.90M,0.81%,428.15,16900000.0,421.26500000000004,420.6214,0.008052174322510597,0.007941967326621734,77.6030851379413,0.7186944243920266,429.70579671714484,409.0182032828551
2024-10-28,426.59,431.65,431.94,426.3,14.88M,-0.36%,426.59,14880000.0,422.00999999999993,420.78380000000004,-0.003643582856475591,0.008050264230149167,69.73421926910304,1.0174600704879708,428.80253984809934,409.5504601519007
2024-10-29,431.95,428.0,433.17,425.8,17.64M,1.26%,431.95,17640000.0,423.331,420.9921999999999,0.012564757729904619,0.008650534699856598,72.14918985019878,1.6675190801586837,430.92850113124894,408.5504988687511
2024-10-30,432.53,437.43,438.5,432.1,29.75M,0.13%,432.53,29750000.0,424.97200000000004,421.1468,0.0013427480032410788,0.008045531752324477,76.3498579096938,2.204089311893142,432.98768892895384,408.03131107104616
2024-10-31,406.35,415.36,416.16,406.3,53.97M,-6.05%,406.35,53970000.0,423.93499999999995,420.791,-0.06052759346172509,0.02196953508148154,41.3107896112951,0.5109282192419187,433.9105594120867,406.0894405879133
2024-11-01,410.37,409.01,415.5,407.5,24.23M,0.99%,410.37,24230000.0,423.15600000000006,420.68739999999997,0.009892949427833031,0.022249216454378714,42.51323203004951,-0.5007612774990093,434.1867920530099,405.24420794699
2024-11-04,408.46,409.8,410.42,405.57,19.67M,-0.47%,408.46,19670000.0,422.12399999999997,420.5208,-0.004654336330628506,0.02223787218870198,41.444740346205016,-1.4400534897318948,434.2997631626963,405.02323683730367
2024-11-05,411.46,408.37,414.9,408.08,17.63M,0.73%,411.46,17630000.0,420.51899999999995,420.4802,0.007344660431866101,0.02105747020111099,46.14621237181605,-1.9202390863276833,434.43777455691924,404.5602254430807
2024-11-06,420.18,412.42,420.45,410.52,26.68M,2.12%,420.18,26680000.0,420.07700000000006,420.607,0.021192825548048466,0.0224040605967755,52.52260134149897,-1.578957270710987,434.5451131344973,404.7248868655026
2024-11-07,425.43,421.28,426.85,419.88,19.90M,1.25%,425.43,19900000.0,420.14700000000005,420.9036,0.012494645152077766,0.022799757506829242,55.02141179720956,-0.8747739989803449,435.1272040588027,405.1017959411972
2024-11-08,422.54,425.32,426.5,421.78,16.89M,-0.68%,422.54,16890000.0,419.58599999999996,421.092,-0.006793126953905437,0.02272977342270876,52.51808197160465,-0.5436358345306758,435.3647559174719,405.4862440825281
2024-11-11,418.01,422.52,424.81,416.0,24.50M,-1.07%,418.01,24500000.0,418.72799999999995,421.10940000000005,-0.01072087849671044,0.022927831000209446,43.25858643201816,-0.6393693429016594,435.33724554636046,405.4007544536396
2024-11-12,423.03,418.25,424.44,417.2,19.40M,1.20%,423.03,19400000.0,417.83599999999996,421.3812,0.012009282074591399,0.022889840643322314,48.91828579302739,-0.30663212760373426,435.57638852473355,405.5906114752665
2024-11-13,425.2,421.64,429.33,418.21,21.50M,0.51%,425.2,21500000.0,417.10299999999995,421.7072,0.005129659834999911,0.022979531236771107,50.31497118348745,0.1306592191693312,436.0111876236927,406.06381237630734
2024-11-14,426.89,425.0,428.17,420.0,30.25M,0.40%,426.89,30250000.0,419.157,422.0772,0.00397460018814666,0.009873884605453988,49.135565312843035,0.6065922205538072,436.59289707475403,406.49910292524595
2024-11-15,415.0,419.82,422.8,413.64,28.25M,-2.79%,415.0,28250000.0,419.62,422.3432,-0.02785260840029047,0.014100210091828857,43.03569282538158,0.024071441347246036,436.6494348500888,406.12656514991124
2024-11-18,415.76,414.87,418.4,412.1,24.74M,0.18%,415.76,24740000.0,420.35,422.54400000000004,0.001831325301204778,0.013948717489788223,39.7023279480982,-0.3719670203257124,436.6659258076589,405.80807419234105
2024-11-19,417.79,413.11,417.94,411.55,18.13M,0.49%,417.79,18130000.0,420.983,422.6157999999999,0.004882624591110218,0.013862636382649385,40.79440419685238,-0.5160773020315332,435.9587070488456,405.54329295115446
2024-11-20,415.49,416.87,417.29,410.58,19.19M,-0.55%,415.49,19190000.0,420.514,422.4648,-0.005505158093779161,0.012136595421388587,58.13456746173013,-0.806578778558503,435.56340162397237,405.02759837602764
2024-11-21,412.87,419.5,419.78,410.29,20.78M,-0.63%,412.87,20780000.0,419.258,422.1822,-0.006305807600664237,0.011226488039547152,52.28185469149324,-1.2339907185319134,435.16523738274435,404.2397626172556
2024-11-22,417.0,411.36,417.4,411.06,24.81M,1.00%,417.0,24810000.0,418.704,421.9104,0.010003148690871155,0.011825610897259973,57.49122807017545,-1.2253363613199326,434.12171385498294,404.168286145017
2024-11-25,418.79,418.38,421.08,414.85,27.69M,0.43%,418.79,27690000.0,418.782,421.6594,0.004292565947242366,0.011437022653739044,56.569277648324096,-1.0617999120932495,433.3158725880566,404.1941274119434
2024-11-26,427.99,419.58,429.04,418.85,23.46M,2.20%,427.99,23460000.0,419.27799999999996,421.51619999999997,0.02196805081305664,0.01291340860166569,56.939754753865294,-0.18766964660682106,432.45500000754885,404.6589999924511
2024-11-27,422.99,425.11,427.23,422.02,18.33M,-1.17%,422.99,18330000.0,419.05699999999996,421.3598,-0.011682515946634275,0.01343488000944416,47.82220635487326,0.1004685345760663,430.5391086949665,405.6208913050336
2024-11-29,423.46,420.09,424.88,417.8,16.27M,0.11%,423.46,16270000.0,418.71400000000006,421.05519999999996,0.0011111373791341528,0.013360659346368483,50.858208955223844,0.3625657587554656,430.3053909405193,407.5656090594808
2024-12-02,430.98,421.57,433.0,421.31,20.21M,1.78%,430.98,20210000.0,420.312,420.96939999999995,0.017758465970811876,0.010563697533166744,61.459621841314735,1.1636668231837461,431.7938625554611,408.1381374445389
2024-12-03,431.2,429.84,432.47,427.74,18.30M,0.05%,431.2,18300000.0,421.85600000000005,420.9232,0.0005104645227156368,0.010599736476357459,57.88762309326126,1.7955988044516857,432.6421910689446,409.5638089310553
2024-12-04,437.42,433.03,439.67,432.63,26.01M,1.44%,437.42,26010000.0,423.8190000000001,421.0882,0.014424860853432309,0.011133759467633867,60.941977077363916,2.7664218803231506,435.1498895697802,409.6521104302198
2024-12-05,442.62,437.92,444.66,436.17,21.70M,1.19%,442.62,21700000.0,426.53200000000004,421.2984,0.011887888070961417,0.010720653723094846,63.2518955349621,3.9103268898483634,439.0877024418892,407.95829755811076
2024-12-06,443.57,442.3,446.1,441.77,18.82M,0.21%,443.57,18820000.0,429.602,421.5436,0.0021463106050336744,0.009910476493558402,79.50836604007435,4.837770109392693,442.3921086559376,406.4678913440624
2024-12-09,446.02,442.6,448.33,440.5,19.14M,0.55%,446.02,19140000.0,432.504,421.9036,0.00552336722501523,0.009872977424263749,80.19960079840317,5.7047097245981035,445.95625517051116,405.2517448294888
2024-12-10,443.33,444.39,449.62,441.6,18.47M,-0.60%,443.33,18470000.0,434.95799999999997,422.1642,-0.006031119680731778,0.010671098310749519,75.15760441292353,6.104338087227916,448.3519630583749,405.3880369416251
2024-12-11,448.99,444.05,450.35,444.05,19.20M,1.28%,448.99,19200000.0,437.058,422.73019999999997,0.0127670132858142,0.009444655071960193,80.94974131559498,6.799382096841327,451.7112758083651,404.6247241916349
2024-12-12,449.56,449.11,456.16,449.11,20.83M,0.13%,449.56,20830000.0,439.715,423.37880000000007,0.0012695160248556991,0.007643092586524497,85.23141924332629,7.311916496431991,454.73408569537986,404.0379143046201
2024-12-13,447.27,448.43,451.43,445.58,20.18M,-0.51%,447.27,20180000.0,442.096,423.99340000000007,-0.00509386956134894,0.008318467424704474,80.13139558033045,7.44747004031143,456.9413151370325,403.86868486296754
2024-12-16,451.59,447.27,452.18,445.28,23.60M,0.97%,451.59,23600000.0,444.157,424.70399999999995,0.00965859547924075,0.007329537883725632,81.08415466262316,7.813416890469853,459.3381408313543,405.13085916864577
2024-12-17,454.46,451.01,455.29,449.57,22.73M,0.64%,454.46,22730000.0,446.483,425.60240000000005,0.006355322305631184,0.007189476119879473,78.50527676071502,8.24003146662858,461.8407432718478,406.4982567281521
2024-12-18,437.39,451.32,452.65,437.02,24.44M,-3.76%,437.39,24440000.0,446.48,426.056,-0.03756106147955818,0.014711270262624466,62.307692307692285,7.118660761720093,461.7456599721165,408.55334002788345
2024-12-19,437.03,441.62,443.18,436.32,22.96M,-0.08%,437.03,22960000.0,445.921,426.44739999999996,-0.0008230640846841331,0.014115931817010626,61.62014043500598,6.13025168224226,461.16339490228626,411.2896050977136
2024-12-20,436.6,433.11,443.74,428.63,64.26M,-0.10%,436.6,64260000.00000001,445.224,426.86260000000004,-0.000983914147770104,0.014068629203981095,55.477582846003905,5.251694691970613,459.79832987658347,415.02767012341656
2024-12-23,435.25,436.74,437.65,432.83,19.15M,-0.31%,435.25,19150000.0,444.14700000000005,427.24120000000005,-0.003092075125973537,0.013853441533041154,53.86229258058365,4.395825885438967,458.5951251620442,418.05587483795586
2024-12-24,439.33,434.65,439.6,434.19,7.16M,0.94%,439.33,7160000.0,443.747,427.645,0.009373923032739873,0.014249894948241394,51.89898588188503,4.000648605273852,457.4158550243604,421.28914497563954
2024-12-26,438.11,439.08,440.94,436.63,8.20M,-0.28%,438.11,8199999.999999999,442.659,428.0324,-0.0027769558190881005,0.01342806190010735,45.130641330166284,3.5481234016655208,457.13135338934393,422.58564661065606
2024-12-27,430.53,434.6,435.22,426.35,18.12M,-1.73%,430.53,18120000.0,440.756,428.32059999999996,-0.017301590924653665,0.014134793415308803,37.68417075935019,2.548474043833835,456.2407721247942,424.2302278752057
2024-12-30,424.83,426.06,427.55,421.9,13.16M,-1.32%,424.83,13160000.0,438.512,428.4828,-0.013239495505539711,0.01442224819455511,31.144331731624845,1.2815296860587182,456.01601136239003,424.5919886376099
2024-12-31,421.5,426.1,426.73,420.66,13.25M,-0.78%,421.5,13250000.0,435.503,428.5496,-0.0078384294894428,0.013471009961444413,30.79359493225411,0.008664110182962759,457.20984071150076,422.4501592884993
2025-01-02,418.58,425.53,426.07,414.85,16.90M,-0.69%,418.58,16900000.0,431.91499999999996,428.5456,-0.006927639383155437,0.01266150049278669,21.889443520059118,-1.221628453368453,458.6866586047166,419.7113413952835
2025-01-03,423.35,421.08,424.03,419.54,16.66M,1.14%,423.35,16660000.0,430.5110000000001,428.46240000000006,0.011395671078407998,0.008925249629567852,27.51758449133645,-1.7910983712122857,459.2295538347015,417.7614461652985
2025-01-06,427.85,428.0,434.32,425.48,20.57M,1.06%,427.85,20570000.0,429.593,428.5274,0.010629502775481248,0.009943837333523654,33.95041322314053,-1.8578785248367353,458.9202114765044,416.5937885234955
2025-01-07,422.37,429.0,430.65,420.8,18.14M,-1.28%,422.37,18140000.0,428.16999999999996,428.48019999999997,-0.012808227182423804,0.010487682436456803,26.30554654557254,-2.326177750327929,458.73970505893146,414.65429494106854
2025-01-08,424.56,423.46,426.97,421.54,15.05M,0.52%,424.56,15050000.0,427.101,428.4084,0.00518502734569215,0.010823525222971147,25.483765168907865,-2.4918688500680446,457.8444073106657,413.40359268933423
2025-01-10,418.95,424.63,424.71,415.02,20.20M,-1.32%,418.95,20200000.0,425.063,428.25559999999996,-0.013213680045223275,0.010436242150981224,31.381260096930546,-3.040807815960477,457.5030359155742,411.3069640844259
2025-01-13,417.19,415.23,418.5,412.29,17.60M,-0.42%,417.19,17600000.0,422.971,427.9604,-0.0042009786370688085,0.010416942199858356,30.518460329929326,-3.5766339822185955,456.0632642249469,409.56673577505296
2025-01-14,415.67,417.81,419.74,410.72,16.94M,-0.36%,415.67,16940000.0,421.485,427.6232,-0.0036434238596322333,0.009450932867908338,29.878869448183053,-4.076935007267309,454.1692716078503,408.0717283921497
2025-01-15,426.31,419.13,428.15,418.27,19.64M,2.56%,426.31,19640000.0,421.633,428.0224,0.025597228570741093,0.01248205427153414,42.70799347471453,-3.5736730182624683,451.9033635940595,408.2416364059406
2025-01-16,424.58,428.7,429.49,424.39,15.30M,-0.41%,424.58,15300000.0,421.941,428.30660000000006,-0.004058079801083747,0.012259492509397006,37.489397794741315,-3.2766595166973502,448.15866703070344,409.28533296929663
2025-01-17,429.03,434.08,434.48,428.17,26.20M,1.05%,429.03,26200000.0,422.986,428.71799999999996,0.010480945875924519,0.012276943654292535,42.69861691862332,-2.6516300266768553,442.66676619251206,412.234233807488
2025-01-21,428.5,430.2,430.9,425.6,26.09M,-0.12%,428.5,26090000.0,423.50100000000003,429.05879999999996,-0.0012353448476796203,0.011908424623756431,48.158897152185766,-2.173995753564782,441.5020704657038,412.50992953429625
2025-01-22,446.2,437.56,447.27,436.0,27.80M,4.13%,446.2,27800000.0,425.33599999999996,429.57919999999996,0.04130688448074671,0.017311956552942903,65.91687769998511,-0.3630401748750387,443.7634886350532,411.16551136494667
2025-01-23,446.71,442.0,446.75,441.5,18.39M,0.11%,446.71,18390000.0,427.77,430.00479999999993,0.0011429852084265946,0.016309510682311217,69.60037319234954,1.100620636632641,445.99741888286354,409.9425811171364
2025-01-24,444.06,445.16,446.65,441.4,15.55M,-0.59%,444.06,15550000.0,429.71999999999997,430.43520000000007,-0.005932260303104897,0.016724865206467873,69.89381636477205,2.0234247409576938,447.5812073421739,409.23979265782623
2025-01-27,434.56,424.01,435.2,423.5,35.65M,-2.14%,434.56,35650000.0,431.28099999999995,430.76619999999997,-0.021393505382155564,0.017856010020494924,58.15035625999709,1.9655256803466727,446.8839118829442,409.4600881170559
2025-01-28,447.2,434.6,448.38,431.38,23.49M,2.91%,447.2,23490000.0,434.282,431.2496,0.02908689248895424,0.01924608991026851,62.57963853855154,2.906083103738638,448.7435985403831,408.5094014596168
2025-01-29,442.33,446.69,446.88,440.4,23.58M,-1.09%,442.33,23580000.0,436.948,431.5922,-0.0108899821109123,0.019824747317951585,63.07994757536042,3.221379283276576,450.2403684156168,408.1926315843832
2025-01-30,414.99,418.77,422.86,413.16,54.59M,-6.18%,414.99,54590000.0,435.816,431.3542,-0.06180905658671121,0.028005932494439202,45.28339083292262,1.2507266685752825,450.62295029362656,406.8260497063734
2025-01-31,415.06,418.98,420.69,414.91,34.22M,0.02%,415.06,34220000.0,434.86400000000003,431.35540000000003,0.00016867876334369925,0.028008850429272744,47.972057136899174,-0.3019011824706581,450.9286325435082,405.8763674564918
2025-02-03,410.92,411.6,415.41,408.66,25.68M,-1.00%,410.92,25680000.0,433.05300000000005,431.25859999999994,-0.009974461523635125,0.027749326903163736,46.810458846271246,-1.8451634454557393,451.48952161771734,404.54947838228264
2025-02-04,412.37,412.68,413.92,409.74,20.53M,0.35%,412.37,20530000.0,431.44000000000005,431.15020000000004,0.0035286673805119406,0.02784190609937554,48.32009773976786,-2.9175750367351725,451.8947058320347,403.04629416796536
2025-02-05,413.29,412.35,413.83,410.4,16.34M,0.22%,413.29,16340000.0,428.149,431.10619999999994,0.002231006135266833,0.023216076947652323,42.64406779661017,-3.6511445166636918,451.9737111439137,401.5112888560863
2025-02-06,415.82,414.0,418.2,414.0,16.31M,0.61%,415.82,16309999.999999998,425.06000000000006,431.1652,0.006121609523578986,0.02347123637539411,45.095184770436724,-3.9824465933408533,452.05195400248624,400.7780459975137
2025-02-07,409.75,416.48,418.65,408.1,22.89M,-1.46%,409.75,22890000.0,421.629,431.02020000000005,-0.014597662450098636,0.023591753390355158,39.397272327320714,-4.680846264887407,452.3707173350324,398.97828266496754
2025-02-10,412.22,413.71,415.46,410.92,20.82M,0.60%,412.22,20820000.0,419.395,430.88879999999995,0.006028065893837864,0.023423126262616424,41.23411587335775,-4.977645480316994,452.55567274167595,398.1203272583241
2025-02-11,411.44,409.64,412.49,409.3,18.14M,-0.19%,411.44,18140000.0,415.8190000000001,430.55780000000004,-0.0018921934889137848,0.020245436196732886,27.11351066631549,-5.215677395763862,452.74780936959536,397.35319063040464
2025-02-12,409.04,407.21,410.75,404.37,19.12M,-0.58%,409.04,19120000.0,412.49000000000007,430.2788,-0.005833171300797191,0.020231391608528645,25.79982012077606,-5.534184709623787,453.04070073690605,396.3972992630938
2025-02-13,410.54,407.0,411.0,406.36,23.89M,0.37%,410.54,23890000.0,412.04499999999996,430.0204,0.003667123019753582,0.007021946063719086,28.142931664058423,-5.6010017252162925,452.9355525362543,394.9254474637458
2025-02-14,408.43,407.79,408.91,405.88,22.76M,-0.51%,408.43,22760000.0,411.38199999999995,429.56940000000003,-0.005139572270667969,0.0071191107787592885,31.14446529080675,-5.757841247686656,452.9397901128018,393.3062098871983
2025-02-18,409.64,408.0,410.6,406.5,21.42M,0.30%,409.64,21420000.0,411.254,429.1382,0.002962563964449272,0.0065804732459930305,17.542343587970933,-5.718580574434782,452.41914721019407,391.88785278980595
2025-02-19,414.77,407.88,415.49,407.65,24.11M,1.25%,414.77,24110000.0,411.494,428.68519999999995,0.012523191094619746,0.007683109481267698,26.290433585684767,-5.213421009072931,451.7493798689207,391.18462013107927
2025-02-20,416.13,415.29,419.31,412.54,23.51M,0.33%,416.13,23510000.0,411.7780000000001,428.1554,0.0032789256696483804,0.007714800478489251,51.7734909769757,-4.649738489099207,447.9763130645385,391.95068693546153
2025-02-21,408.21,417.33,418.05,407.89,27.52M,-1.90%,408.21,27520000.0,411.017,427.4482,-0.019032513877874746,0.00962038716138981,41.435358839709906,-4.786913284115769,443.4863457572251,392.5906542427749
2025-02-24,404.0,408.51,409.37,399.32,26.44M,-1.03%,404.0,26440000.0,410.442,426.6078,-0.01031331912496014,0.009066775244698571,41.36295556665001,-5.17567515161744,439.0493946359608,393.0216053640393
2025-02-25,397.9,401.1,401.92,396.7,29.39M,-1.51%,397.9,29390000.0,409.01,425.6992000000001,-0.015099009900990112,0.009596073533590573,33.81793782151642,-5.907888293943643,436.8407460497682,391.5642539502318
2025-02-26,399.73,398.01,403.6,394.24,19.62M,0.46%,399.73,19620000.0,407.83900000000006,424.714,0.004599145513948244,0.009929756592533642,35.13809732573435,-6.268250290991887,429.25418793976604,394.403812060234
2025-02-27,392.53,401.27,405.74,392.17,21.13M,-1.80%,392.53,21130000.0,406.188,423.5734,-0.018012158206789697,0.011024395578971861,26.844303042354383,-7.053511111573869,421.99156354300817,396.6864364569918
2025-02-28,396.99,392.65,397.63,386.57,32.85M,1.14%,396.99,32850000.0,404.83299999999997,422.5678,0.011362188877283463,0.011860283169516586,36.89400164338544,-7.232578579419339,421.9319141637718,394.94608583622824
2025-03-03,388.49,398.82,398.82,386.15,23.01M,-2.14%,388.49,23010000.0,402.839,421.30580000000003,-0.021411118667976514,0.01318488345817916,28.312922683238938,-7.968513734233682,422.895940960427,391.325059039573
2025-03-04,388.61,383.4,392.58,381.0,29.34M,0.03%,388.61,29340000.0,400.736,419.98879999999997,0.0003088882596720133,0.013034583706637008,28.880666049953817,-8.444719183341931,423.6851703303029,388.3048296696971
2025-03-05,401.02,389.34,401.67,388.81,23.43M,3.19%,401.02,23430000.0,399.361,419.2614,0.031934330048120074,0.016850579477337133,43.74024352169839,-7.731606994656488,422.9842889103175,387.8707110896825
2025-03-06,396.89,394.28,402.15,392.68,23.30M,-1.03%,396.89,23300000.0,397.437,418.4586,-0.010298738217545234,0.01681406178347738,39.766081871345015,-7.414250071958179,422.15002562382335,387.06497437617656
2025-03-07,393.31,392.32,394.8,385.54,22.03M,-0.90%,393.31,22030000.0,395.947,417.5928,-0.00902013152258807,0.016143639634959163,38.908450704225366,-7.366699775576706,420.8834174861033,386.08058251389673
2025-03-10,380.16,385.84,386.4,377.22,32.84M,-3.34%,380.16,32840000.000000004,393.563,416.491,-0.03343418677379162,0.01867064858027798,31.598002496878948,-8.294497124274187,421.9982562602769,382.0067437397231
2025-03-11,380.45,379.0,386.0,376.91,30.38M,0.08%,380.45,30380000.0,391.818,415.31340000000006,0.0007628367003365,0.01847573312798447,27.19904331650281,-8.903745792065365,421.978298370452,378.84970162954795
2025-03-12,383.27,382.95,385.22,378.95,24.25M,0.74%,383.27,24250000.0,390.17199999999997,414.21659999999997,0.007412274937574015,0.018647261379101797,28.584462982273195,-9.054652915923782,421.2079498173984,376.8030501826017
2025-03-13,378.77,383.15,385.32,377.45,20.47M,-1.17%,378.77,20470000.0,388.796,413.1814,-0.011741070263782682,0.018225838151349948,29.918144611186904,-9.428672424178444,420.90804182470214,374.0759581752978
2025-03-14,388.56,379.77,390.23,379.51,19.95M,2.58%,388.56,19950000.0,387.953,412.45599999999996,0.02584681996990268,0.020017952261825858,40.21298174442191,-8.833289732079606,419.2879620751032,373.4980379248967
2025-03-17,388.7,386.7,392.7,385.57,22.47M,0.04%,388.7,22470000.0,387.974,411.8,0.0003603047148446059,0.01881571037158249,43.691716950082295,-8.25498944930041,417.81270616561864,373.00029383438135
2025-03-18,383.52,387.07,387.37,381.1,19.49M,-1.33%,383.52,19490000.0,387.465,411.09880000000004,-0.013326472858245397,0.019295935253239912,39.37327913989771,-8.12105060154687,416.0538692174884,372.1471307825116
2025-03-19,387.82,385.52,389.68,384.0,19.19M,1.12%,387.82,19190000.0,386.145,410.3882,0.011211931581143197,0.016214821812674057,46.79024124301487,-7.580545229642553,412.56881409936074,372.93718590063935
2025-03-20,386.84,385.73,391.79,383.28,18.47M,-0.25%,386.84,18470000.0,385.14,409.56800000000004,-0.002526945490175847,0.016023097272101397,42.738589211618226,-7.148861018268633,407.9001639744299,374.6768360255701
2025-03-21,391.26,383.21,391.74,382.8,39.68M,1.14%,391.26,39680000.0,384.935,408.9458,0.011425912521972892,0.01639119537884054,52.10454338246466,-6.376585798323049,405.02324284241496,375.858757157585
2025-03-24,393.08,395.4,395.4,389.81,21.00M,0.47%,393.08,21000000.0,386.227,408.31620000000004,0.004651638296784721,0.011582149048818125,53.31062064879275,-5.553674035706763,403.0915234656072,376.69847653439274
2025-03-25,395.16,393.92,396.36,392.64,15.77M,0.53%,395.16,15770000.0,387.698,407.8404,0.005291543706115842,0.01155574906174228,44.875830710038514,-4.679726939232921,402.65817478459337,376.8578252154066
2025-03-26,389.97,395.0,395.31,388.57,16.13M,-1.31%,389.97,16129999.999999998,388.368,407.296,-0.013133920437291224,0.012630661479070524,44.05906593406597,-4.35569742559403,401.2902478299789,377.24975217002105
2025-03-27,390.58,390.13,392.24,387.39,13.77M,0.16%,390.58,13770000.0,389.549,406.7942,0.0015642228889400922,0.011712459807511198,47.53030577166635,-4.0035296023659726,401.11277748066044,377.2322225193396
2025-03-28,378.8,388.08,389.13,376.93,21.63M,-3.02%,378.8,21630000.0,388.573,405.844,-0.03016027446361813,0.012969506618742563,48.738404452690155,-4.621705471889641,400.46429604847515,376.0617039515248
2025-03-31,375.39,372.54,377.07,367.24,35.18M,-0.90%,375.39,35180000.0,387.24199999999996,404.86019999999996,-0.009002111932418178,0.013080408534733965,45.56296036478429,-5.325385079386649,401.0965707564594,374.1194292435406
2025-04-01,382.19,374.65,382.85,373.23,19.69M,1.81%,382.19,19690000.0,387.109,403.9234,0.01811449425930367,0.01416328231161935,49.11475409836067,-5.273562719683355,400.97919693261406,373.5948030673859
2025-04-02,382.14,377.96,385.08,376.62,16.09M,-0.01%,382.14,16090000.0,386.541,402.99620000000004,-0.00013082498233862871,0.013585186104452373,52.97966401414678,-5.176852178950753,398.5739858448215,374.11201415517843
2025-04-03,373.11,374.79,377.48,369.35,30.20M,-2.36%,373.11,30200000.0,385.168,401.5344,-0.02363008321557536,0.015310793225455022,36.15343251478762,-5.76242822619497,397.6876135840016,372.6203864159984
2025-04-04,359.84,364.13,374.59,359.48,49.21M,-3.56%,359.84,49210000.0,382.026,399.797,-0.035565918897912274,0.01730225481344432,29.062681369704023,-7.214119679435385,399.7961411555041,367.16485884449594
2025-04-07,357.86,350.88,371.0,344.79,50.43M,-0.55%,357.86,50430000.0,378.504,398.073,-0.005502445531347155,0.016753478373219572,30.477784540474772,-8.427221305997705,402.2862402895475,362.4447597104525
2025-04-08,354.56,368.26,373.65,350.25,35.87M,-0.92%,354.56,35870000.0,374.444,396.473,-0.009221483261610763,0.01596730457028148,24.30469715698395,-9.54486820651232,404.5608974029133,357.5811025970867
2025-04-09,390.49,353.54,393.23,353.1,50.20M,10.13%,390.49,50200000.0,374.496,395.33880000000005,0.10133686823104693,0.038762783005390655,51.83104244005219,-7.44553323447667,405.2833295226784,357.5806704773215
2025-04-10,381.35,382.06,383.9,367.8,38.02M,-2.34%,381.35,38020000.0,373.573,394.1192,-0.023406489282696064,0.03950388156697088,45.25337676022609,-6.445022550010208,405.37959415179273,357.74240584820734
2025-04-11,388.45,380.64,390.05,378.89,23.84M,1.86%,388.45,23840000.0,374.538,393.58840000000004,0.018618067392159432,0.03860275678643985,47.889121911188106,-5.0213173408128,405.36733913848917,357.7436608615108
2025-04-14,387.81,393.22,394.65,384.21,19.25M,-0.16%,387.81,19250000.0,375.78000000000003,393.04339999999996,-0.0016475736903075466,0.03841488071386711,46.604453478702744,-3.8997099280135785,405.26988877428545,357.7521112257146
2025-04-15,385.73,388.51,391.89,384.16,17.20M,-0.54%,385.73,17200000.0,376.134,392.53960000000006,-0.005363451174544176,0.03816601114237172,47.98325722983257,-3.1424424686634893,405.4402120381705,357.80278796182955
2025-04-16,371.61,380.67,381.61,368.0,21.97M,-3.66%,371.61,21970000.0,375.081,391.72439999999995,-0.03660591605527186,0.04004123973328827,42.004551968304824,-3.639712208846049,404.843841477301,356.7781585226991
2025-04-17,367.78,373.74,374.32,366.89,21.12M,-1.03%,367.78,21120000.0,374.548,390.8142,-0.010306504130674687,0.039462679306503726,45.021684134441614,-4.293359871851294,404.39062884189406,355.32537115810595
2025-04-21,359.12,362.82,364.48,355.67,20.81M,-2.35%,359.12,20810000.0,374.476,389.68019999999996,-0.023546685518516464,0.038455195072716865,42.982834469076174,-5.447376019540798,403.82729239414846,352.6747076058516
2025-04-22,366.82,363.38,367.77,359.86,19.48M,2.14%,366.82,19480000.0,375.37199999999996,388.8216,0.02144130095789709,0.038933860563508976,43.422066250106994,-5.675196351553495,401.99997001538446,351.8760299846155
2025-04-23,374.39,376.06,380.39,373.02,20.55M,2.06%,374.39,20550000.0,377.35499999999996,388.065,0.02063682460062144,0.039026199954083324,46.88379573783675,-5.1851388184973075,399.4584629608112,352.3405370391888
2025-04-24,387.3,375.7,388.45,375.19,22.23M,3.45%,387.3,22230000.0,377.036,387.58219999999994,0.034482758620689724,0.02356566007786394,55.53302659284099,-3.712243157914827,399.0175012757961,352.5144987242039
2025-04-25,391.85,387.0,392.16,384.6,18.97M,1.17%,391.85,18970000.0,378.086,387.2384,0.011747998967208906,0.02237233080653899,63.39218475441388,-2.1529973479666182,399.25761309425695,352.40138690574304
2025-04-28,391.16,391.95,392.74,386.64,16.58M,-0.18%,391.16,16579999.999999998,378.35699999999997,386.8508,-0.0017608778869465658,0.021704296994808817,64.08391135171715,-0.961873168115801,400.8378569167349,352.0571430832652
2025-04-29,394.04,391.3,395.1,390.38,14.97M,0.74%,394.04,14970000.0,378.98,386.56300000000005,0.007362716024133409,0.02177334321359514,66.75721561969442,0.21204888923870158,402.99542216382497,351.764577836175
2025-04-30,395.26,390.3,396.66,384.44,36.46M,0.31%,395.26,36460000.0,379.933,386.2754,0.0030961323723479595,0.021627568765766582,52.87038151402094,1.2266938186276661,404.80634112873827,351.26065887126174
2025-05-01,425.4,431.11,436.99,424.9,58.94M,7.63%,425.4,58940000.0,385.312,386.48800000000006,0.07625360522187918,0.02751045138024048,71.1595734460563,4.411994617224366,414.34132916851047,346.05167083148956
2025-05-02,435.28,431.74,439.44,429.98,30.76M,2.32%,435.28,30760000.0,392.062,386.871,0.02322519981194171,0.026240892859208165,71.9097969495649,7.645469663222173,425.1784874039387,341.43151259606134
2025-05-05,436.17,432.87,439.5,432.11,20.14M,0.20%,436.17,20140000.0,399.767,387.43019999999996,0.002044660907921436,0.022843317588284465,72.57281553398059,10.162688349821906,433.6457122702556,340.59728772974444
2025-05-06,433.31,432.2,437.73,431.17,15.10M,-0.66%,433.31,15100000.0,406.416,388.0164,-0.006557076369305581,0.024296626963429536,72.04819277108433,11.790905972088694,439.6120785205678,342.1759214794321
2025-05-07,433.35,433.84,438.12,431.11,23.31M,0.01%,433.35,23310000.0,412.312,388.72540000000004,9.231266298970198e-05,0.024822830297710867,82.90343210402898,12.935396633726896,443.921717591548,345.74528240845206
2025-05-08,438.17,437.93,443.67,435.66,23.49M,1.11%,438.17,23490000.0,417.399,389.4942,0.011122649128879614,0.02386625675834962,87.12161164434133,14.069166848586178,449.91598569680355,344.5190143031965
2025-05-09,438.73,440.0,440.74,435.88,15.32M,0.13%,438.73,15320000.0,422.087,390.4182,0.001278042768788401,0.024138941154976293,95.90589320724251,14.841788334888065,455.3338028729566,344.8391971270434
2025-05-12,449.26,445.94,449.37,439.78,22.82M,2.40%,449.26,22820000.0,427.89700000000005,391.4636,0.024001094066965933,0.02392648851122748,96.03529148983694,16.117981370197015,462.2361557962615,344.0178442037385
2025-05-13,449.14,447.78,450.67,445.36,23.62M,-0.03%,449.14,23620000.0,433.407,392.6766,-0.00026710590749234875,0.024287390111197103,95.52929711292482,16.924594359453977,468.246967022182,344.14003297781795
2025-05-14,452.94,448.14,453.9,448.14,19.90M,0.85%,452.94,19900000.0,439.175,393.9632,0.008460613617135015,0.024092265541667,94.97122499314878,17.666817136114446,474.1680393413021,344.9399606586978
2025-05-15,453.13,450.77,456.19,450.43,21.99M,0.04%,453.13,21990000.0,441.948,395.0054,0.00041948160904303755,0.010287669173518026,94.65170504226171,18.06215615331439,478.4503541782118,348.8096458217882
2025-05-16,454.27,452.05,454.36,448.73,23.85M,0.25%,454.27,23850000.0,443.84700000000004,396.153,0.0025158343080351475,0.008438606912273952,95.68553641233528,18.256998333134163,481.4215790667295,354.48742093327047
2025-05-19,458.87,450.88,459.58,450.8,21.34M,1.01%,458.87,21340000.0,446.117,397.4642,0.010126136438681987,0.008583177698891225,95.7903658708857,18.568547068512714,482.4989779728832,363.3850220271168
2025-05-20,458.17,455.59,458.34,454.32,15.44M,-0.15%,458.17,15440000.0,448.60300000000007,399.02439999999996,-0.0015254865212369628,0.007946510149170555,94.76305678098761,18.545190128213733,482.8029786199428,372.2160213800572
2025-05-21,452.57,454.57,457.78,451.81,19.22M,-1.22%,452.57,19220000.0,450.525,400.4668,-0.012222537486086038,0.009666761681933691,79.70697572709378,17.868825686347463,481.729623505845,381.1073764941551
2025-05-22,454.86,454.95,460.25,453.9,18.03M,0.51%,454.86,18030000.0,452.19399999999996,401.8986,0.005059990719667784,0.009383625507823855,75.66858940744623,17.317955246864244,481.5840099279978,388.0089900720023
2025-05-23,450.18,449.98,453.69,448.91,16.88M,-1.03%,450.18,16880000.0,453.33900000000006,403.3268,-0.010288880094974306,0.010386276407831591,66.7064154543286,16.315672649014232,480.3132679012995,395.1127320987005
2025-05-27,460.69,456.48,460.95,456.11,20.97M,2.33%,460.69,20970000.0,454.48199999999997,404.7694,0.02334621706872797,0.010237539896335449,77.61194029850743,16.1828794723624,478.8563445438966,403.5226554561035
2025-05-28,457.36,461.22,462.52,456.93,17.09M,-0.72%,457.36,17090000.0,455.304,406.14259999999996,-0.007228288002778416,0.010678488436711485,72.70663892566672,15.62877792971642,475.39773504906555,413.31326495093435
2025-05-29,458.68,461.55,461.72,455.31,13.98M,0.29%,458.68,13980000.0,455.878,407.64579999999995,0.0028861290886827984,0.010438809639397938,70.7717237188576,15.121846203373138,468.9048710422563,426.1481289577436
2025-05-30,460.36,459.71,461.68,455.54,34.77M,0.37%,460.36,34770000.0,456.601,409.09659999999997,0.0036626842242957203,0.010458470146714985,71.42008318478906,14.686365834262347,468.65936493170335,429.8896350682966
2025-06-02,461.97,457.14,462.11,456.89,16.63M,0.35%,461.97,16629999.999999998,457.371,410.5992,0.003497263011556173,0.010472269131984662,65.287466923262,14.306244566904752,469.6083550028849,431.6096449971152
2025-06-03,462.97,461.47,464.14,460.86,15.74M,0.22%,462.97,15740000.0,457.78100000000006,412.03340000000003,0.0021646427257180356,0.010057568292259405,66.28975265017671,13.92516671279941,470.433879624606,433.46412037539415
2025-06-04,463.87,464.0,465.69,463.02,14.16M,0.19%,463.87,14160000.0,458.351,413.44919999999996,0.0019439704516490686,0.010023035857169219,63.81795195954489,13.539704955733498,470.46636769677343,436.4876323032265
2025-06-05,467.68,464.95,469.65,464.03,20.15M,0.82%,467.68,20150000.0,459.8620000000001,414.89959999999996,0.00821350809494037,0.008994173640329232,66.8519805420431,13.387337995573773,470.4715203663667,439.91547963363325
2025-06-06,470.38,470.08,473.33,468.78,15.29M,0.58%,470.38,15290000.0,461.41399999999993,416.5078000000001,0.005773178241532673,0.009012262776682297,68.00804828973844,13.330784531111533,471.29676465577734,442.31123534422284
2025-06-09,472.75,469.7,473.43,468.62,16.47M,0.50%,472.75,16469999.999999998,463.671,418.1512,0.00503847952719072,0.007622226028953297,66.32941176470588,13.323618317859257,472.0185682303052,444.99143176969477
2025-06-10,470.92,471.18,472.8,466.96,15.38M,-0.39%,470.92,15380000.0,464.69399999999996,419.9936,-0.003870967741935405,0.004559427030169904,64.61150584460233,13.020184751147553,473.4492137388871,445.7267862611129
2025-06-11,472.62,470.02,475.47,469.65,16.40M,0.36%,472.62,16399999.999999998,466.2200000000001,421.9382,0.003609954981737884,0.003131724218452825,75.2328215454317,12.769686261545473,474.87238975176416,446.65161024823584
2025-06-12,478.87,475.02,480.42,473.52,18.95M,1.32%,478.87,18950000.0,468.23900000000003,423.8718,0.013224154712030867,0.004423009921701525,77.4776836804761,12.926478769560447,477.8121124846052,446.30488751539474
2025-06-13,474.96,476.41,479.18,472.76,16.81M,-0.82%,474.96,16810000.0,469.69900000000007,425.7282,-0.008165055234197194,0.00594097516806366,78.86766076421249,12.590102771343595,479.31845922416636,446.9815407758336
2025-06-16,479.14,475.21,480.69,475.0,15.63M,0.88%,479.14,15630000.0,471.416,427.8488,0.008800741115041255,0.006206890811219477,75.21180650450943,12.516530661386298,481.4854522767557,447.3015477232442
2025-06-17,478.04,475.39,478.74,474.08,15.41M,-0.23%,478.04,15410000.0,472.92299999999994,430.2128,-0.002295779939057385,0.00648154150639844,80.09313154831204,12.22850088109061,483.2698471450983,447.43415285490175
2025-06-18,480.24,478.0,481.0,474.46,17.53M,0.46%,480.24,17530000.0,474.56000000000006,432.6604,0.004602125345159358,0.0064775723131477786,80.5902383654938,12.038978963410557,485.2098740582059,447.70112594179415
2025-06-20,477.4,482.23,483.46,476.87,37.58M,-0.59%,477.4,37580000.0,475.532,435.1172,-0.00591370981176087,0.006862754629911035,73.40659340659337,11.526744082454229,485.8591330766529,449.534866923347
2025-06-23,486.0,478.21,487.75,472.51,24.86M,1.80%,486.0,24860000.0,477.09400000000005,437.0274,0.018014243820695386,0.008492775757490979,77.69071214565565,11.680101436890709,488.1084334029607,450.3995665970393
2025-06-24,490.11,488.95,491.85,486.8,22.31M,0.85%,490.11,22310000.0,478.83000000000004,439.2026,0.008456790123456903,0.008637879371676635,79.1827956989247,11.99500988909142,490.05705482032363,452.44394517967635
2025-06-25,492.27,492.04,494.56,489.39,17.50M,0.44%,492.27,17500000.0,480.96500000000003,441.279,0.0044071738997366605,0.008224180637382386,79.73199329983248,12.277345458318905,493.1451216532304,452.5138783467696
2025-06-26,497.45,492.98,498.04,492.81,21.58M,1.05%,497.45,21580000.0,483.44800000000004,443.47180000000003,0.01052268064273676,0.008431388623341909,80.29717077142274,12.77185514408609,496.58350443474984,453.08449556525017
2025-06-27,495.94,497.55,499.3,493.03,34.54M,-0.30%,495.94,34540000.0,485.1549999999999,445.676,-0.0030354809528595483,0.008270873302840782,76.65832290362954,12.893287460352838,498.9965898947265,454.3974101052735
2025-06-30,497.41,497.04,500.76,495.33,28.37M,0.30%,497.41,28370000.0,487.4,448.19200000000006,0.0029640682340605906,0.007200445243160448,76.21173469387756,12.958759645913972,501.2861446397217,455.8128553602782
2025-07-01,492.05,496.47,498.05,490.98,19.95M,-1.08%,492.05,19950000.0,488.691,450.6774,-0.010775818741078802,0.008492547336235822,70.89183310262999,12.434798997610926,502.1426955251131,457.9643044748871
2025-07-02,491.09,489.99,493.5,488.7,16.32M,-0.20%,491.09,16320000.0,489.996,453.3168,-0.0019510212376792069,0.008470709277915899,68.53301224162145,11.806000210506227,502.5263174850087,460.3926825149912
2025-07-03,498.84,493.81,500.13,493.44,13.98M,1.58%,498.84,13980000.0,491.85599999999994,455.9572,0.015781221364719267,0.009428847907030814,69.45256185466582,11.797043893424075,503.92995642052256,462.4860435794774
2025-07-07,497.72,497.38,498.75,495.23,13.98M,-0.22%,497.72,13980000.0,493.88800000000003,458.4238,-0.0022452088846122153,0.009071482855260063,73.44458178821594,11.566242859887666,505.0440875327312,464.37591246726885
2025-07-08,496.62,497.24,498.2,494.11,11.85M,-0.22%,496.62,11850000.0,494.95,460.6102,-0.002210077955477008,0.007821199624584847,69.22569291685,11.165857516121093,505.84266502679867,466.2013349732012
2025-07-09,503.51,500.3,506.78,499.74,18.66M,1.39%,503.51,18660000.0,496.2900000000001,462.8434,0.013873786798759502,0.008464493034663798,74.84878048780482,11.274548685350965,507.81341764530333,467.30658235469656
2025-07-10,501.48,503.05,504.44,497.75,16.50M,-0.40%,501.48,16500000.0,497.21099999999996,465.04979999999995,-0.004031697483664609,0.008696537197136815,70.79091620986686,11.069283377079898,508.65508041044365,469.5209195895562
2025-07-11,503.32,498.47,505.03,497.8,16.46M,0.37%,503.32,16460000.0,497.79799999999994,467.2354,0.003669139347531214,0.008196222337826867,75.87859424920131,10.929097926131476,509.5570451929248,471.6889548070753
2025-07-14,503.02,501.52,503.97,501.03,12.06M,-0.06%,503.02,12060000.0,498.50600000000003,469.39059999999995,-0.000596042279265685,0.008091661993900498,70.3685974150311,10.67078627167183,510.6887373178443,472.97226268215553
2025-07-15,505.82,503.02,508.3,502.79,14.93M,0.56%,505.82,14930000.0,499.3469999999999,470.99899999999997,0.005566379070414795,0.008187125290616406,69.40943909068444,10.570162767218562,511.45362956984695,475.2933704301531
2025-07-16,505.62,505.18,506.72,501.89,15.15M,-0.04%,505.62,15150000.0,500.704,472.4058,-0.00039539757225892647,0.0070005003878775285,67.33316021812519,10.354914576923647,512.2597644205764,477.13523557942364
2025-07-17,511.7,505.68,513.37,505.62,17.50M,1.20%,511.7,17500000.0,502.76500000000004,473.91640000000007,0.012024840789525593,0.007345160425020634,68.07916772392795,10.553282352881524,513.6707180741577,479.0902819258424
2025-07-18,510.05,514.48,514.64,507.43,21.21M,-0.32%,510.05,21210000.0,503.88599999999997,475.45120000000003,-0.0032245456322063104,0.006397043078813198,67.83817951959549,10.456809443983786,514.4266667353486,481.3153332646514
2025-07-21,510.06,506.7,512.09,505.55,14.07M,0.00%,510.06,14070000.0,505.12,476.9853999999999,1.9605920988041703e-05,0.006259086126260911,66.6054082436335,10.262857057309077,513.8537961107588,485.15420388924116
2025-07-22,505.27,510.97,511.2,505.27,13.87M,-0.94%,505.27,13870000.0,505.98499999999996,478.32739999999995,-0.009391052033094205,0.00719725612312605,67.61727078891258,9.611836161113104,513.5295073817696,487.4054926182305
2025-07-23,505.87,506.75,506.79,500.7,16.40M,0.12%,505.87,16399999.999999998,506.221,479.6702,0.00118748391948853,0.005806878613598788,69.886975242196,9.04010370784141,513.5665262516055,488.94447374839456
2025-07-24,510.88,508.77,513.67,507.3,16.11M,0.99%,510.88,16110000.0,507.16099999999994,480.90259999999995,0.009903730207365458,0.006257708019671401,67.48983149331792,8.888802170858355,514.4505546617858,489.92144533821426
2025-07-25,513.71,512.47,518.29,510.36,19.13M,0.55%,513.71,19130000.0,508.2,482.194,0.00553946132164107,0.0063445902360028845,72.12842513146971,8.89471917554846,516.0708273195826,489.9271726804176
2025-07-28,512.5,514.08,515.0,510.12,14.31M,-0.24%,512.5,14310000.0,509.14799999999997,483.38520000000005,-0.002355414533491751,0.006450050302176136,71.90949227373068,8.701466467820808,517.1123145674912,490.5416854325088
2025-07-29,512.57,515.53,517.62,511.56,16.47M,0.01%,512.57,16469999.999999998,509.82300000000004,484.574,0.00013658536585370307,0.006333436177229576,65.39768864717885,8.456479685779755,518.0573412570595,491.1126587429405
2025-07-30,513.24,515.17,515.95,509.43,26.38M,0.13%,513.24,26380000.0,510.58500000000004,485.75339999999994,0.0013071385371752342,0.006304283484783268,70.95509622238055,8.221615629356961,518.2725881162979,493.01641188370206
2025-07-31,533.5,555.22,555.45,531.9,51.62M,3.95%,533.5,51620000.0,512.765,487.246,0.039474709687475684,0.01338673091048404,82.46557659208257,9.56009403951731,523.8675718769374,491.6624281230627
2025-08-01,524.11,535.0,535.8,520.86,28.98M,-1.76%,524.11,28980000.0,514.171,488.56480000000005,-0.017600749765698143,0.014959355703526548,68.9760662227821,9.750752690902118,526.1178358868019,491.93916411319816
2025-08-04,535.64,528.27,538.25,528.13,25.35M,2.20%,535.64,25350000.0,516.729,490.22619999999995,0.021999198641506457,0.016074948091438935,73.18818040435458,10.708781518159014,530.9013766063835,490.9476233936165
2025-08-05,527.75,537.18,537.3,527.24,19.17M,-1.47%,527.75,19170000.0,518.9770000000001,491.684,-0.01473004256590249,0.016683897923464145,65.3701903042089,10.707934798566555,532.6154636722146,492.3465363277855
2025-08-06,524.94,530.9,531.7,524.03,21.36M,-0.53%,524.94,21360000.0,520.884,493.17920000000004,-0.005324490762671608,0.016951891813867005,59.63329452852159,10.361084123118644,533.9559030959065,493.1490969040936
2025-08-07,520.84,526.8,528.09,517.55,16.08M,-0.78%,520.84,16079999.999999998,521.8800000000001,494.3822,-0.007810416428544298,0.017171382232108744,57.58044119713364,9.644194458615459,534.3409652077579,494.7000347922422
2025-08-08,522.04,522.6,524.66,519.41,15.53M,0.23%,522.04,15530000.0,522.713,495.67580000000004,0.002303970509177411,0.017129041688696865,58.27805417357654,9.068349912823805,534.8125068467631,496.10049315323687
2025-08-11,521.77,522.3,527.59,519.72,20.19M,-0.05%,521.77,20190000.0,523.64,496.93760000000003,-0.0005172017469925461,0.0170900265905694,62.16096698113209,8.492308175661492,535.0161536433114,497.7718463566885
2025-08-12,529.24,523.75,530.98,522.7,18.69M,1.43%,529.24,18690000.0,525.307,498.31520000000006,0.014316652931368301,0.017508411713068325,65.6404765091688,8.54011241947262,536.3323417347473,498.79765826525284
2025-08-13,520.58,532.11,532.7,519.37,19.62M,-1.64%,520.58,19620000.0,526.0409999999999,499.4874,-0.01636308669034836,0.018594569310215938,56.189382337927555,7.7894164575642435,536.2499035642442,500.3760964357558
2025-08-14,522.48,522.56,525.95,520.14,20.27M,0.36%,522.48,20270000.0,524.9390000000001,500.6775999999999,0.003649775250681886,0.013129211460246874,55.66317964613199,7.264063023504264,536.5990597712868,501.10494022871313
2025-08-15,520.17,522.77,526.1,519.08,25.21M,-0.44%,520.17,25210000.0,524.5450000000001,501.8036,-0.004421221864951863,0.012003221915111571,54.88348401884628,6.585406480881716,536.6188002497702,502.09719975022966
2025-08-18,517.1,521.59,522.82,514.02,23.76M,-0.59%,517.1,23760000.0,522.691,502.792,-0.005901916681084862,0.009013758931323128,52.778118483993616,5.733747862235759,536.4517536652761,502.968246334724
2025-08-19,509.77,515.0,515.16,508.55,21.48M,-1.42%,509.77,21480000.0,520.893,503.5798,-0.014175207890156694,0.008938205488586015,48.0326567638054,4.4164227580289435,535.9654808346096,503.90451916539047
2025-08-20,505.72,509.86,511.0,504.44,27.72M,-0.79%,505.72,27720000.0,518.971,504.2392,-0.007944759401298573,0.009037949795542143,30.70297304806887,3.0109239127612,535.9858041314536,503.86919586854646
2025-08-21,504.24,503.69,507.63,502.72,18.44M,-0.29%,504.24,18440000.0,517.311,504.9056,-0.0029265206042869973,0.008921540198227402,34.49352270953639,1.757374402505775,536.6829795344843,502.5080204655158
2025-08-22,507.23,504.25,510.73,502.41,24.32M,0.59%,507.23,24320000.0,515.8299999999999,505.59780000000006,0.005929716008250097,0.009238046220461068,24.419232847109626,0.9937401776331853,537.0602087487171,501.48279125128306
2025-08-25,504.26,506.63,508.19,504.12,21.64M,-0.59%,504.26,21640000.0,514.079,506.1056,-0.005855331900715743,0.00924343676316616,26.79312388855952,0.1472035037002115,537.6613940535071,500.05760594649263
2025-08-26,502.04,504.36,504.98,498.51,30.84M,-0.44%,502.04,30840000.0,511.35900000000004,506.6472,-0.004402490778566581,0.006849234683769552,27.10915633746494,-0.6948090300502372,538.4221278267977,498.24387217320225
2025-08-27,506.74,502.0,507.29,499.9,17.28M,0.94%,506.74,17280000.0,509.975,507.19919999999996,0.009361803840331362,0.007036236244137448,36.07269853812717,-0.9716586330735026,538.6468418687563,497.36915813124386
2025-08-28,509.64,507.09,511.09,505.5,18.02M,0.57%,509.64,18020000.0,508.691,507.83119999999997,0.005722855902435153,0.007269743601049184,38.14984709480123,-0.946151528512587,536.4156170686791,497.21438293132076
2025-08-29,506.69,508.66,509.6,504.49,20.96M,-0.58%,506.69,20960000.0,507.343,508.3602,-0.005788399654658161,0.007323356160239225,36.29090909090909,-1.1507126115088795,535.7270372847507,496.1609627152492
2025-09-02,505.12,500.46,506.0,496.81,18.13M,-0.31%,505.12,18130000.0,506.1450000000001,508.9146,-0.00309854151453548,0.007235965995606838,25.437881873727022,-1.423109897485915,532.4335121463157,496.40248785368425
2025-09-03,505.35,503.79,507.79,502.32,16.35M,0.05%,505.35,16350000.000000002,505.703,509.3016,0.0004553373455813414,0.005934048922336569,31.27612490779441,-1.6019612195763102,530.5944987025622,496.00150129743787
2025-09-04,507.97,504.3,508.15,503.15,15.51M,0.52%,507.97,15510000.0,505.928,509.6588,0.005184525576333199,0.005635997033203088,32.471611500362414,-1.5148280819596494,528.9897507140466,495.90924928595325
2025-09-05,495.0,509.07,511.97,492.37,31.99M,-2.55%,495.0,31990000.0,505.004,509.7134,-0.025533003917554198,0.009993695324066541,25.821325648414998,-2.4639422552576775,528.929173350687,493.3858266493129
2025-09-08,498.2,498.11,501.2,495.03,16.77M,0.65%,498.2,16770000.0,504.101,509.7284,0.006464646464646506,0.010041000890328533,31.889612878497474,-2.9242004564994772,527.8614242345802,492.0695757654197
2025-09-09,498.41,501.43,502.25,497.7,14.41M,0.04%,498.41,14410000.0,503.51599999999996,509.7778,0.00042151746286633873,0.00995156509897035,37.39458499778079,-3.2347252528400077,526.4976538797755,491.09734612022453
2025-09-10,500.37,502.98,503.23,496.72,21.61M,0.39%,500.37,21610000.0,503.349,509.837,0.0039325053670671295,0.009995155860041693,43.77472655340933,-3.284797668743977,522.5689959267803,492.13900407321967
2025-09-11,501.01,502.25,503.17,497.88,18.88M,0.13%,501.01,18880000.0,502.776,510.0162,0.0012790535004096881,0.009439499586202393,46.166627106574865,-3.235540471304148,520.4861640896855,492.26483591031445
2025-09-12,509.9,506.65,512.55,503.85,23.62M,1.77%,509.9,23620000.0,502.802,510.39239999999995,0.01774415680325747,0.011034993445932914,52.77951280449715,-2.450902604691123,517.8071437377004,493.6858562622997
2025-09-15,515.36,508.79,515.47,507.0,17.14M,1.07%,515.36,17140000.0,503.669,510.7228,0.010707981957246648,0.011286072077471456,60.98574821852734,-1.3726717678325144,516.5003150859812,494.51168491401876
2025-09-16,509.04,516.88,517.23,508.6,19.71M,-1.23%,509.04,19710000.0,504.061,510.94919999999996,-0.012263272275690795,0.012069012946661788,56.407909190772614,-1.016420579207363,514.825207026853,495.3807929731468
2025-09-17,510.02,510.62,511.29,505.93,15.82M,0.19%,510.02,15820000.0,504.5280000000001,511.2172,0.0019251925192518282,0.012072766495058536,53.222003929273065,-0.6475466214046719,514.8635804587819,495.367419541218
2025-09-18,508.45,511.49,513.07,507.66,18.91M,-0.31%,508.45,18910000.0,504.576,511.31600000000003,-0.003078310654484162,0.01203621495786494,48.7996772241275,-0.47640552487661125,515.1115390091522,495.39246099084795
2025-09-19,517.93,510.56,519.3,510.31,52.47M,1.86%,517.93,52470000.0,506.86899999999997,511.6450000000001,0.018644901170223216,0.009370298806786763,60.01782531194292,0.4193478188406061,517.2881672088448,494.58483279115535
2025-09-22,514.45,515.59,517.74,512.54,20.01M,-0.67%,514.45,20010000.0,508.494,511.8675999999999,-0.006719054698511195,0.009982769700927483,58.0417169453543,0.8387631414811949,518.2648835244117,494.3301164755882
2025-09-23,509.23,513.8,514.59,507.31,19.80M,-1.01%,509.23,19800000.0,509.576,511.9918,-0.010146758674312473,0.01083925634879521,53.079365079365076,0.7413960792597436,518.5416121802206,494.5503878197794
2025-09-24,510.15,510.38,512.48,506.92,13.53M,0.18%,510.15,13530000.0,510.5539999999999,512.0784,0.0018066492547570423,0.010822393192386287,51.77814029363781,0.7300526991231209,518.8536984258258,495.0493015741742
2025-09-25,507.03,508.3,510.01,505.04,15.79M,-0.61%,507.03,15790000.0,511.15600000000006,512.1066,-0.006115848279917735,0.011124794234795574,61.69096209912538,0.46395685771562967,518.8678201173002,495.06417988269976
2025-09-26,511.46,510.06,513.94,506.62,16.21M,0.87%,511.46,16210000.0,511.312,512.1018,0.008737155592371204,0.009942877175502287,62.58542141230072,0.6035802656417104,519.0721958171986,495.0418041828015
2025-09-29,514.6,511.5,516.84,508.88,17.62M,0.61%,514.6,17620000.0,511.236,512.1928,0.006139287529816739,0.00950956696830453,64.55673440028775,0.9565777474568335,519.9287272890377,494.97627271096223
2025-09-30,517.95,513.24,518.16,509.66,19.73M,0.65%,517.95,19730000.0,512.1270000000001,512.3506000000001,0.00650991061018269,0.008658023291503598,65.42105263157902,1.489478022412186,521.3596555375682,494.8283444624317
2025-10-01,519.71,514.8,520.51,511.69,22.63M,0.34%,519.71,22630000.0,513.0959999999999,512.6394,0.0033980113910609955,0.008673464016107532,66.08740536820378,2.0304172347285885,522.976337129393,494.64766287060706
2025-10-02,515.74,517.64,521.6,510.68,21.22M,-0.76%,515.74,21220000.0,513.825,512.8368,-0.007638875526736144,0.009075902015827262,55.48872180451132,2.1143961932701814,523.6900947783718,494.7109052216283
2025-10-03,517.35,517.1,520.49,515.0,15.11M,0.31%,517.35,15110000.0,513.767,512.9662000000001,0.003121728002482005,0.006869735091360292,52.016210739615005,2.2845290389278716,523.5927383361801,497.04326166382
2025-10-06,528.57,518.61,531.03,518.2,21.39M,2.17%,528.57,21390000.0,515.179,513.2633999999999,0.021687445636416447,0.009276035268628644,68.00000000000004,3.2868322195550945,526.1797467512672,497.49325324873297
2025-10-07,523.98,528.28,529.8,521.44,14.62M,-0.87%,523.98,14620000.0,516.654,513.4929999999999,-0.008683807253533127,0.009059037187083608,62.063601797442125,3.668501865692633,526.9692328701508,499.2607671298492
2025-10-08,524.85,523.28,526.95,523.09,13.36M,0.17%,524.85,13360000.0,518.124,513.7386,0.0016603687163632141,0.00906110982356363,64.34569629111269,3.995126211063166,527.77129086545,500.90670913455
2025-10-09,522.4,522.34,524.33,517.4,18.34M,-0.47%,522.4,18340000.0,519.661,513.9218,-0.004668000381061299,0.008911704823136735,54.45840813883903,4.010058376683219,527.7327717730566,503.0842282269434
2025-10-10,510.96,519.64,523.58,509.63,24.13M,-2.19%,510.96,24130000.0,519.611,513.471,-0.02189892802450233,0.011592928297851218,46.996040626613826,3.063466103289443,527.6948096179997,503.2281903820003
2025-10-13,514.05,516.41,516.41,511.68,14.28M,0.60%,514.05,14280000.0,519.556,513.2698,0.006047440112728841,0.011587526178265202,54.30664760543238,2.533418412131482,527.645615074483,503.14638492551694
2025-10-14,513.57,510.23,515.28,506.0,14.68M,-0.09%,513.57,14680000.0,519.118,512.8284,-0.0009337613072656348,0.01135633543390115,53.07997118155625,2.0509774186358527,527.5403024731404,503.70469752685966
2025-10-15,513.43,514.96,517.19,510.0,14.69M,-0.03%,513.43,14690000.0,518.49,512.542,-0.00027260159277231466,0.011264851733370397,56.09059763989337,1.6384555300721786,527.4684282689105,504.11757173108947
2025-10-16,511.61,512.58,516.85,508.13,15.56M,-0.35%,511.61,15560000.0,518.077,512.2754,-0.0035447870206258836,0.011075949841944469,50.150210294412204,1.1513975771509877,527.2886668907512,504.6133331092489
2025-10-17,513.58,509.04,515.48,507.31,19.87M,0.39%,513.58,19870000.0,517.7,512.1302,0.0038505893160807325,0.011106603660547863,48.95406070549633,0.9138291231284938,527.0782122391356,504.38878776086455
2025-10-20,516.79,514.61,518.7,513.43,14.67M,0.63%,516.79,14670000.0,516.5219999999999,512.0252,0.0062502433895399445,0.008394710305384674,48.80707527766343,0.9733543614513565,527.1877408691724,504.5132591308276
2025-10-21,517.66,517.5,518.69,513.04,15.59M,0.17%,517.66,15590000.0,515.8900000000001,511.94300000000004,0.0016834691073743802,0.008144082151262597,47.85250366645709,1.078300296189127,527.1920146519738,505.3519853480264
2025-10-22,520.54,521.15,525.23,517.71,18.96M,0.56%,520.54,18960000.0,515.4590000000001,511.769,0.005563497276204421,0.008385427555748544,55.145797598627745,1.3779781619102778,527.4711536016836,506.1118463983165
2025-10-23,520.56,522.46,523.95,518.61,14.02M,0.00%,520.56,14020000.0,515.275,511.7686,3.842163906697671e-05,0.008275079122678292,53.562708102108694,1.5986604993054243,527.2177413730534,507.71825862694675
2025-10-24,523.61,522.79,525.34,520.71,15.53M,0.59%,523.61,15530000.0,516.54,511.7912,0.005859074842477385,0.0035255214033634297,43.27548806941427,1.9966462565317897,527.7629296737337,508.3880703262664
2025-10-27,531.52,531.78,534.58,529.01,18.73M,1.51%,531.52,18730000.0,518.287,512.0182,0.015106663356314831,0.005279214618788311,59.3781094527363,2.9167018069907726,530.1617571144669,507.6812428855329
2025-10-28,542.07,550.0,553.72,540.77,29.99M,1.98%,542.07,29990000.0,521.137,512.5176,0.01984873570138479,0.007157578741456507,67.261427425822,4.445899724792071,535.386330575298,504.86866942470215
2025-10-29,541.55,544.94,546.27,536.73,36.02M,-0.10%,541.55,36020000.0,523.949,513.1532,-0.0009592857011089251,0.007221464881269855,69.96871741397285,5.551842256120153,539.2303242015845,503.20867579841536
2025-10-30,525.76,530.48,534.97,522.12,41.02M,-2.92%,525.76,41020000.0,525.364,513.554,-0.02915704921059914,0.012980213973924272,64.1491395793499,5.095451450111,539.6467976187255,503.79420238127454
2025-10-31,517.81,528.88,529.32,515.1,34.01M,-1.51%,517.81,34010000.0,525.7869999999999,513.8254000000001,-0.01512096774193561,0.01414511705890645,53.289013296011184,4.04562444882049,539.6473534811089,503.83964651889096
2025-11-03,517.03,519.8,524.96,514.59,22.37M,-0.15%,517.03,22370000.0,525.811,514.0214,-0.0015063440258009653,0.014032038517613553,53.01079011486244,3.114784211925439,538.886903078443,503.4460969215571
2025-11-04,514.33,511.76,515.55,507.84,20.96M,-0.52%,514.33,20960000.0,525.478,514.2228,-0.005222134112140342,0.014117065804571735,50.74975008330564,2.134612696273507,538.6062066310386,502.7617933689613
2025-11-05,507.16,513.3,514.83,506.58,23.02M,-1.39%,507.16,23020000.0,524.14,514.3252,-0.013940466237629567,0.014519414389624067,46.596297996022656,0.7703801675287423,538.5814750937003,501.01752490629957
2025-11-06,497.1,505.66,505.7,495.81,27.41M,-1.98%,497.1,27410000.0,521.7940000000001,514.1324000000001,-0.019835949207350767,0.015462143632279931,38.78301116253743,-1.109749365448124,539.8201388205598,497.2488611794401
2025-11-07,496.82,496.95,499.38,493.25,24.02M,-0.06%,496.82,24020000.0,519.115,513.8760000000001,-0.0005632669483002228,0.015113851622636856,35.84290372890973,-2.5924747902539593,541.0258301349895,494.62916986501074
2025-11-10,506.0,500.04,506.85,498.8,26.10M,1.85%,506.0,26100000.0,516.563,513.8622,0.018477517008171906,0.015643764819921094,42.60527650938613,-2.992302689571943,541.1721420995045,493.67785790049544
2025-11-11,508.68,504.8,509.6,502.35,17.98M,0.53%,508.68,17980000.0,513.224,513.9334,0.005296442687747094,0.01364554451824541,42.45930824008143,-3.0576686769057915,541.193963307056,493.16703669294407
2025-11-12,511.14,509.36,511.67,499.12,26.57M,0.48%,511.14,26570000.0,510.183,514.0491999999999,0.004836046237320035,0.014013464388800977,44.19092254563398,-2.8777968017182616,541.1764025594405,492.95559744055964
2025-11-13,503.29,510.31,513.5,501.29,25.27M,-1.54%,503.29,25270000.0,507.936,513.9556,-0.015357827601048535,0.011975276182097625,38.16953889147649,-3.3302869644434168,541.4344552300822,491.8655447699177
2025-11-14,510.18,498.23,511.6,497.44,28.51M,1.37%,510.18,28510000.0,507.17300000000006,514.2592,0.013689920324266192,0.012533683569503917,37.42634928116901,-3.0972204313712837,541.3993934199925,491.56060658000723
2025-11-17,507.49,508.45,512.12,504.91,19.09M,-0.53%,507.49,19090000.0,506.21899999999994,514.445,-0.005272648869026564,0.01259325944873295,27.54545454545452,-3.093909382025572,541.255052965149,490.7749470348509
2025-11-18,493.79,495.36,502.98,486.78,33.82M,-2.70%,493.79,33820000.0,504.16499999999996,514.3526,-0.02699560582474525,0.014920081567712132,23.51962741184299,-4.148934521346973,541.9228383044833,487.7201616955167
2025-11-19,487.12,490.1,495.19,482.83,23.25M,-1.35%,487.12,23250000.0,502.16099999999994,514.0876000000001,-0.013507766459426085,0.014888536300989675,26.165803108808277,-5.460319635956694,542.7713287136522,483.5296712863477
2025-11-20,478.43,492.71,493.57,475.5,26.80M,-1.78%,478.43,26800000.0,500.294,513.636,-0.017839546723599886,0.014663134536132038,25.92909535452324,-7.118751624486151,544.2244783443097,477.86352165569025
2025-11-21,472.12,478.5,478.92,468.27,31.77M,-1.32%,472.12,31770000.0,497.82399999999996,512.8804,-0.013188972263445065,0.014902387931357954,24.287186533837172,-8.840329374764451,545.3308250325758,471.6081749674242
2025-11-24,474.0,475.0,476.9,468.02,34.42M,0.40%,474.0,34420000.0,494.62399999999997,512.0532,0.003982038464797055,0.012942610976959208,26.690556005086094,-9.938427847207265,543.8323351920062,467.35466480799397
2025-11-25,476.99,474.07,479.15,464.89,28.02M,0.63%,476.99,28020000.0,491.4549999999999,511.4122,0.006308016877637046,0.013048020777202782,31.677395845985657,-10.446984452714275,538.5300637453994,466.1489362546005
2025-11-26,485.5,486.31,488.31,481.2,25.71M,1.78%,485.5,25710000.0,488.89099999999996,510.9218,0.01784104488563698,0.014813747311333215,42.820004951720705,-10.047511884918208,531.360098595357,467.71390140464297
2025-11-28,492.01,487.6,492.63,486.65,14.39M,1.34%,492.01,14390000.0,487.76300000000003,510.59299999999996,0.013408856848609707,0.015368933579890285,47.235949890817146,-9.100717002628755,527.3092941715631,468.3897058284369
2025-12-01,486.74,488.43,489.86,484.65,23.96M,-1.07%,486.74,23960000.0,485.419,509.9692,-0.010711164407227414,0.014484941876933468,38.411552346570396,-8.675613126161181,524.5771437273247,468.0148562726753
2025-12-02,490.0,486.71,493.5,486.32,19.56M,0.67%,490.0,19560000.0,483.66999999999996,509.4802,0.006697620906438662,0.014911288991657912,38.83843212237092,-7.983630167377157,521.5898096296972,468.2991903703027
2025-12-03,477.73,476.32,484.24,475.2,34.62M,-2.50%,477.73,34620000.0,482.064,508.85020000000003,-0.025040816326530546,0.014576660160554044,32.13177879987164,-8.329300155026317,519.1748869381806,467.0541130618193
2025-12-04,480.84,479.76,481.32,476.49,22.32M,0.65%,480.84,22320000.0,481.43600000000004,508.264,0.00650995332091342,0.014377746535468396,37.352112676056294,-8.257112251845172,517.528609558531,466.068390441469
2025-12-05,483.16,482.52,483.4,478.88,22.61M,0.48%,483.16,22610000.0,481.909,507.7866,0.004824889776225083,0.0132022006352669,33.951057258256114,-7.92138540745151,516.9817288080527,465.22127119194715
2025-12-08,491.02,484.89,492.3,484.38,21.97M,1.63%,491.02,21970000.0,483.799,507.3778,0.016267902972100234,0.012952794107087584,40.78343592613316,-6.941070809622261,516.551528442288,465.0714715577119
2025-12-09,492.02,489.1,492.12,488.5,14.70M,0.20%,492.02,14700000.0,485.601,506.92620000000005,0.002036576921510269,0.012967842602367392,48.84540117416827,-6.0141454602161275,514.8558392419329,465.36916075806715
2025-12-10,478.56,484.03,484.25,475.08,35.76M,-2.74%,478.56,35760000.0,485.758,506.1384,-0.02735661151985691,0.016212341185510997,44.87056567593479,-6.293116819396914,512.2327719735401,464.9802280264599
2025-12-11,483.47,476.63,486.03,475.86,24.67M,1.03%,483.47,24670000.0,485.555,505.41360000000003,0.010259946506185225,0.015468844641042537,53.16344463971883,-6.048286780927185,508.40788547599067,466.03811452400925
2025-12-12,478.53,479.82,482.45,476.34,21.25M,-1.02%,478.53,21250000.0,484.207,504.66939999999994,-0.010217800484001227,0.014935745827114549,54.093753991569784,-6.181616103710951,506.0824672402505,465.88753275974943
2025-12-15,474.82,480.1,480.72,472.52,23.73M,-0.78%,474.82,23730000.0,483.01500000000004,503.81879999999995,-0.007752909953398945,0.014787406456624587,50.51173240139789,-6.51158504773008,501.35610038784176,467.0778996121582
2025-12-16,476.39,471.9,477.89,470.88,20.71M,0.33%,476.39,20710000.0,481.654,502.77520000000004,0.003306516153489758,0.014593793632184196,49.61880559085132,-6.5706594620159535,496.16892235774685,469.15507764225333
2025-12-17,476.12,476.9,480.0,475.0,24.53M,-0.06%,476.12,24530000.0,481.49300000000005,501.81800000000004,-0.000566762526501341,0.012306929825949534,43.343741129718985,-6.56360198646189,494.50997326817276,469.04702673182726
2025-12-18,483.98,478.19,489.6,477.89,28.57M,1.65%,483.98,28570000.0,481.80699999999996,501.00059999999996,0.01650844324960099,0.013286052451219969,44.40885670519428,-5.8562651952277065,494.15147630943636,469.09152369056346
2025-12-19,485.92,487.36,487.85,482.49,70.84M,0.40%,485.92,70840000.0,482.08299999999997,500.27099999999996,0.004008430100417293,0.013260583583422724,49.40128504672898,-5.080588048873551,494.5719827909052,469.42001720909474
2025-12-22,484.92,486.12,488.73,482.69,16.96M,-0.21%,484.92,16960000.0,481.47300000000007,499.75020000000006,-0.002057951926243029,0.012075664839993464,46.16430081546361,-4.494737429378176,494.37043228502694,470.901567714973
2025-12-23,486.85,484.98,487.83,484.74,14.68M,0.40%,486.85,14680000.0,480.956,499.20619999999997,0.00398003794440327,0.012148660367470886,58.16034359341446,-3.830555463341909,494.41385342001894,472.1431465799811
2025-12-24,488.02,485.68,489.16,484.83,5.86M,0.24%,488.02,5860000.0,481.90199999999993,498.69519999999994,0.0024032042723629576,0.00785983479094754,56.65554319614387,-3.1731985900844393,494.7443555876649,472.91564441233515
2025-12-26,487.71,486.7,488.12,485.96,8.84M,-0.06%,487.71,8840000.0,482.326,498.1807999999999,-0.0006352198680381616,0.007322412077823071,54.3808973618332,-2.6467429362207895,494.97018525577045,472.9108147442295
2025-12-29,487.1,484.86,488.35,484.18,10.89M,-0.13%,487.1,10890000.0,483.183,497.69059999999996,-0.0012507432695658682,0.0062856267299542246,45.61324977618626,-2.252776336342208,494.17321298541293,473.21678701458706
2025-12-30,487.48,485.93,489.68,485.5,13.94M,0.08%,487.48,13940000.0,484.44899999999996,497.1686,0.0007801272839251805,0.0053559926049368085,44.84793463458924,-1.888126990724004,494.2605908488464,473.20340915115355
2025-12-31,483.62,487.84,488.14,483.3,15.60M,-0.79%,483.62,15600000.0,485.172,496.50519999999995,-0.007918273570197809,0.006296242417310737,57.34184561810796,-1.8888361701887106,493.52013994629493,473.3058600537051
2026-01-02,472.94,484.39,484.66,470.16,25.57M,-2.21%,472.94,25570000.0,484.854,495.61080000000004,-0.022083453951449505,0.009794989661955933,36.9127516778523,-2.7198324085705963,494.0457036210789,472.30129637892117
2026-01-05,472.85,474.05,476.07,469.5,25.25M,-0.02%,472.85,25250000.0,483.741,494.657,-0.0001902989808432176,0.007761545230178583,41.97286602600344,-3.347082083558462,494.5563264613301,470.99167353867
2026-01-06,478.51,473.8,478.74,469.75,23.04M,1.20%,478.51,23040000.0,483.0,493.816,0.011969969334884034,0.008816740932260094,54.94240557192608,-3.348863657026868,494.47431062754856,470.6086893724514
2026-01-07,483.47,479.76,489.7,477.95,25.56M,1.04%,483.47,25560000.0,482.855,493.0132,0.010365509602725309,0.009572330037541692,58.69351669941067,-2.9164262726271772,493.4263161121405,470.9016838878596
2026-01-08,478.11,481.24,482.66,475.86,18.16M,-1.11%,478.11,18160000.0,481.98099999999994,491.945,-0.011086520363207675,0.010007019084787957,52.17201484392056,-2.9719647746202895,491.8517725294245,471.0852274705754
2026-01-09,479.28,474.06,479.82,472.2,18.49M,0.24%,479.28,18490000.0,481.10699999999997,490.68919999999997,0.0024471355964108543,0.010009061490662836,43.992842535787254,-2.8882759682089727,491.8502379477475,471.15876205225254
2026-01-12,477.18,476.67,480.99,475.68,23.52M,-0.44%,477.18,23520000.0,480.054,489.4018,-0.004381572358537755,0.010032361403938926,38.87474541751523,-2.9573143567105262,491.6657645116961,470.71423548830376
2026-01-13,470.67,474.67,475.78,465.95,28.55M,-1.36%,470.67,28550000.0,478.41099999999994,488.3,-0.013642650572111115,0.010656908613666275,34.09243134628261,-3.4970189134372163,492.23818709332704,469.355812906673
2026-01-14,459.38,466.46,468.2,457.17,28.18M,-2.40%,459.38,28180000.0,475.601,487.1314,-0.02398708224446011,0.012330756900055759,24.635272391504984,-4.780639077101341,494.7707205210006,465.27927947899934
2026-01-15,456.66,464.12,464.25,455.9,23.23M,-0.59%,456.66,23230000.0,472.90500000000003,485.9239999999999,-0.0059210239888545235,0.01230970426051798,21.849192100538573,-5.948824230090565,497.07978980682867,460.9972101931712
2026-01-16,459.86,457.83,463.19,456.48,34.25M,0.70%,459.86,34250000.0,471.5969999999999,484.83459999999997,0.007007401567906024,0.0113985432816067,26.233145587984268,-6.541005484083939,498.18412296165644,458.2668770383436
2026-01-20,454.52,451.21,456.8,449.28,26.13M,-1.16%,454.52,26130000.0,469.764,483.7818,-0.011612229809072394,0.011683163721039808,24.27353126974093,-7.356406688960988,499.12536126207095,454.37963873792916
2026-01-21,444.11,452.6,452.69,438.68,37.98M,-2.29%,444.11,37980000.0,466.32399999999996,482.722,-0.02290328258382468,0.011629606907942182,20.43626448534421,-8.741847442765447,500.90649544289,448.4175045571102
2026-01-22,451.14,447.62,452.84,444.7,25.35M,1.58%,451.14,25350000.0,463.091,481.80839999999995,0.015829411632253265,0.01263999134798219,28.776790381599525,-9.166886808933896,500.7415085549739,445.20449144502624
2026-01-23,465.95,451.87,471.1,450.53,38.00M,3.28%,465.95,38000000.0,461.875,481.00739999999996,0.0328279469787649,0.01763606048229039,45.666460012399234,-8.214004411385815,499.06348354770284,444.79251645229715
2026-01-26,470.28,465.3,474.25,462.0,29.29M,0.93%,470.28,29290000.0,460.975,480.23939999999993,0.009292842579675886,0.017976148070227134,48.48627635763927,-7.028424135114392,497.1001100546687,444.9818899453313
2026-01-27,480.58,473.7,482.87,473.16,29.21M,2.19%,480.58,29210000.0,461.31499999999994,479.6282,0.02190184570893927,0.019412563541473214,51.156037082542156,-5.197802276096979,495.96695447360196,445.40204552639807
2026-01-28,481.63,483.21,483.74,478.0,36.88M,0.22%,481.63,36880000.0,462.41099999999994,479.19500000000005,0.002184859960880692,0.018730232457518016,48.92548469983647,-3.620559483122179,495.05606432916545,445.76593567083466
2026-01-29,433.5,439.99,442.5,421.02,128.86M,-9.99%,433.5,128860000.00000001,459.823,477.66140000000007,-0.09993148267342145,0.03706678821218618,32.62715164732454,-6.182998212465293,496.0350622786685,439.38893772133173
2026-01-30,430.29,439.17,439.6,426.45,58.57M,-0.74%,430.29,58570000.0,457.186,476.1174,-0.007404844290657353,0.03707326542607325,31.219811393084413,-8.376213761523616,496.88578396790945,433.20521603209056
2026-02-02,423.37,430.23,430.74,422.25,42.22M,-1.61%,423.37,42220000.0,453.5370000000001,474.709,-0.016082177136349962,0.036941699166983644,30.1072088724584,-10.55111239669452,499.17942935339187,425.95457064660815
2026-02-03,411.21,422.01,422.05,408.56,61.42M,-2.87%,411.21,61420000.0,449.20599999999996,473.1908,-0.028721921723315336,0.03754007895880083,28.899929027679192,-13.10488070178053,502.30422662099653,416.6657733790034
2026-02-04,414.19,411.0,419.8,409.24,45.01M,0.72%,414.19,45010000.0,446.21399999999994,471.906,0.007246905474088683,0.03753695389198615,32.958745003393915,-14.718632157881814,502.59028663788047,409.94771336211966
2026-02-05,393.67,407.44,408.3,392.32,66.29M,-4.95%,393.67,66290000.00000001,440.467,470.33700000000005,-0.04954248050411647,0.038924333562719196,29.057783097280407,-17.452156721404037,504.0282628605694,399.5297371394306
2026-02-06,401.14,399.17,401.79,392.92,53.52M,1.90%,401.14,53520000.0,433.98600000000005,468.87980000000005,0.018975283867198378,0.037333140028134065,31.01642312168626,-18.799024607680394,503.26146343581985,392.59953656418026
2026-02-09,413.6,404.85,414.89,400.87,45.48M,3.11%,413.6,45480000.0,428.31800000000004,467.61199999999997,0.03106147479682919,0.03943140823586276,37.3531956978613,-18.646068967495978,499.93959018407674,389.35340981592327
2026-02-10,413.27,419.62,423.68,412.7,44.86M,-0.08%,413.27,44860000.0,421.587,466.1674,-0.0007978723404256094,0.037883930194256246,39.835201054713245,-18.340065899345916,496.2119722338745,386.6900277661255
2026-02-11,404.37,416.17,416.46,401.01,42.49M,-2.15%,404.37,42490000.0,413.861,464.4146,-0.021535557867737753,0.03747741280276526,34.77241648759525,-18.601287815759974,493.4734251964038,382.7985748035961
2026-02-12,401.84,405.0,406.2,398.01,40.80M,-0.63%,401.84,40800000.0,410.695,462.71659999999997,-0.006256646140910593,0.02342858247593542,27.312619435204198,-18.79579173527793,491.9133443403129,378.6046556596871
2026-02-13,401.32,404.45,405.54,398.05,34.09M,-0.13%,401.32,34090000.0,407.798,460.943,-0.0012940473820425291,0.023505278997537984,24.91998836194358,-18.775465270680627,490.1422560728252,374.84174392717483
2026-02-17,396.86,399.22,400.52,394.52,32.08M,-1.11%,396.86,32080000.0,405.14700000000005,459.32559999999995,-0.011113326024120407,0.023336699486481188,18.201154664235816,-18.901358037498312,487.5775545584997,371.1064454415003
2026-02-18,399.6,398.13,402.56,396.32,23.22M,0.69%,399.6,23220000.0,403.986,457.7008,0.0069041979539383735,0.022208155347349223,19.23798094952376,-18.566016381443887,485.0117489218825,368.1802510781175
2026-02-19,398.46,400.69,404.43,396.67,28.23M,-0.29%,398.46,28230000.0,402.413,456.0068,-0.0028528528528529717,0.02193680365157653,29.708130646282143,-18.182645951413235,483.41127243107337,365.2157275689267
2026-02-20,397.23,396.11,400.12,395.16,34.02M,-0.31%,397.23,34020000.0,402.769,454.131,-0.003086884505345444,0.01494042873297378,30.405405405405418,-17.7731945210312,480.4811549845571,362.754845015443
2026-02-23,384.47,395.0,395.36,383.1,43.24M,-3.21%,384.47,43240000.0,401.102,451.98,-0.03212244795206809,0.01673942162705771,28.436807095343696,-18.26774745140392,474.74325557115117,360.3447444288488
2026-02-24,389.0,384.14,389.36,381.71,33.88M,1.18%,389.0,33880000.0,398.642,450.18880000000007,0.01178245376752396,0.012911092517641812,36.55080537725568,-18.085670716494747,466.283883031052,360.676116968948
2026-02-25,400.6,390.52,401.47,390.16,43.63M,2.98%,400.6,43630000.0,397.375,448.5314,0.029820051413881776,0.0172072949992277,42.548525057572114,-16.811557369013258,452.0011677968562,366.9608322031438
2026-02-26,401.72,404.71,407.49,398.74,34.41M,0.28%,401.72,34410000.0,397.11,446.99520000000007,0.0027958062905641956,0.015966805847546697,55.606630449923394,-15.53239098715153,431.1280086833965,379.8429913166035
2026-02-27,392.74,390.88,396.82,389.88,51.37M,-2.24%,392.74,51370000.0,396.2,445.35360000000003,-0.02235387832321023,0.017357761218266876,44.27012278308324,-15.069541075582947,426.00910396964997,380.88589603035
2026-03-02,398.55,392.86,401.19,390.63,35.47M,1.48%,398.55,35470000.0,395.923,443.7968,0.01479350206243324,0.018172515535341653,38.70967741935484,-14.071700933179272,420.61637035119116,383.10462964880884
2026-03-03,403.93,393.14,406.7,392.67,38.20M,1.35%,403.93,38200000.0,396.63,442.35299999999995,0.01349893363442467,0.0182484315679254,43.48675034867506,-12.700382292456425,416.74108574289863,385.0359142571014
2026-03-04,405.2,401.27,411.03,400.31,35.81M,0.31%,405.2,35810000.0,397.19,440.7774,0.003144109127819039,0.018172854596967828,50.64772904635553,-11.379943103372057,415.8329882704951,385.34301172950495
2026-03-05,410.68,404.42,411.61,404.4,39.00M,1.35%,410.68,39000000.0,398.412,439.2726,0.013524185587364235,0.01846833642687975,56.59504625484932,-9.778574016729124,415.06757977313686,385.7574202268632
2026-03-06,408.96,409.2,413.05,408.51,31.12M,-0.42%,408.96,31120000.0,399.585,437.75339999999994,-0.004188175708580988,0.018513085530665538,55.59953092934622,-8.549711353214263,415.9459091639785,386.40809083602153
2026-03-09,409.41,404.92,410.21,403.5,30.13M,0.11%,409.41,30130000.0,402.079,436.20459999999997,0.0011003521126762283,0.013903001187911337,59.772621087058084,-7.453597171221475,416.81122337305663,386.3697766269434
2026-03-10,405.76,410.03,410.2,402.93,31.71M,-0.89%,405.76,31710000.0,403.755,434.55940000000004,-0.008915268312938207,0.014537483613819291,54.7297297297297,-6.801045066569316,415.4925389120838,386.9044610879163
2026-03-11,404.88,405.57,409.01,401.59,25.51M,-0.22%,404.88,25510000.0,404.18300000000005,432.90280000000007,-0.00216876971608837,0.011506975766353837,54.94912118408882,-6.2824809382343005,414.036217140671,387.5217828593291
2026-03-12,401.86,404.63,406.12,401.71,27.26M,-0.75%,401.86,27260000.0,404.197,431.198,-0.007459000197589383,0.011794689937964007,53.473368342085514,-6.045514958048841,413.8147577786054,387.49224222139463
2026-03-13,395.55,401.0,404.8,394.25,26.85M,-1.57%,395.55,26850000.0,404.478,429.35940000000005,-0.0157019857661872,0.010504843716487196,59.202657807308945,-6.294324917071094,413.68025836403575,386.99774163596436
2026-03-16,399.95,398.07,400.63,394.79,27.73M,1.11%,399.95,27730000.0,404.618,427.686,0.011123751738086218,0.010012811800546346,59.11436657233226,-6.066534145170351,413.60461686729525,386.9363831327047
2026-03-17,399.41,400.27,404.4,397.74,26.23M,-0.14%,399.41,26230000.0,404.16600000000005,426.2154,-0.0013501687710962829,0.008892035803395032,48.78596204856152,-5.862008222511179,413.64327737084767,387.1527226291524
2026-03-18,391.79,397.13,398.0,391.0,25.91M,-1.91%,391.79,25910000.0,402.825,424.5942,-0.019078140256878928,0.010370457577930044,41.05566564582958,-6.242826850370648,413.80100400118437,386.2139959988156
2026-03-19,389.02,390.1,392.49,387.06,25.14M,-0.71%,389.02,25140000.0,400.659,422.80440000000004,-0.00707011409173286,0.0085387951312268,46.22718052738334,-6.691014358233474,414.1722475175958,384.89875248240423
2026-03-20,381.87,386.79,387.0,380.12,50.85M,-1.84%,381.87,50850000.0,397.95,420.7724,-0.018379517762582842,0.009450980458316929,33.530805687203795,-7.536277911593459,415.39070112940294,382.14429887059714
2026-03-23,383.0,383.9,387.21,381.68,29.68M,0.30%,383.0,29680000.0,395.309,418.87019999999995,0.0029591222143661167,0.009639796482707342,27.441258892002608,-8.022495477199243,415.59407088117035,381.7939291188297
2026-03-24,372.74,382.36,382.47,371.85,42.73M,-2.68%,372.74,42730000.0,392.007,416.73940000000005,-0.026788511749347266,0.011578034909484048,20.693391115926374,-9.130472253930861,418.00208598092405,377.7599140190759
2026-03-25,371.04,376.92,377.06,369.63,31.18M,-0.46%,371.04,31180000.0,388.623,414.61660000000006,-0.004560819874443234,0.011459292084924098,11.589147286821742,-10.030106796909365,419.7648340123407,373.0411659876593
2026-03-26,365.97,370.82,374.72,365.19,36.84M,-1.37%,365.97,36840000.0,385.034,412.52259999999995,-0.013664294954721878,0.0115564027954517,10.882620564149263,-11.025089908395046,421.47351456390425,367.75748543609575
2026-03-27,356.77,361.9,362.45,356.51,37.88M,-2.51%,356.77,37880000.0,381.156,410.4704,-0.025138672568789877,0.01248933120099261,8.68131868131863,-12.412896164876429,424.57429943442173,361.0597005655783
2026-03-30,358.96,361.89,365.36,356.28,44.80M,0.61%,358.96,44800000.0,377.057,408.5164000000001,0.006138408498472359,0.011612535676877764,12.403598971722317,-13.184050398132456,425.85797393648375,355.8170260635162
2026-03-31,370.17,364.55,372.9,363.07,45.24M,3.12%,370.17,45240000.0,374.133,406.7226,0.03122910630710951,0.01756799521391944,26.085159156676326,-12.743740462385745,424.76234420866535,353.5366557913346
2026-04-01,369.37,373.49,373.99,368.2,29.42M,-0.22%,369.37,29420000.0,371.89099999999996,405.01959999999997,-0.0021611691925331744,0.017131367939331316,26.908315565031984,-12.31735814278494,423.17544743908644,351.54055256091357
2026-04-02,373.46,367.2,373.64,364.15,24.10M,1.11%,373.46,24100000.0,370.335,403.6066,0.011072907924303488,0.01791794247326111,33.788345809481854,-11.51666136084367,420.0579990718033,350.9360009281966
2026-04-06,372.88,373.49,373.73,369.5,16.15M,-0.16%,372.88,16149999.999999998,369.43600000000004,402.0414,-0.0015530445027579498,0.017185265728617696,28.95350645311771,-10.804358624441363,416.8347549323973,350.5512450676027
2026-04-07,372.29,370.34,372.45,366.56,21.44M,-0.16%,372.29,21440000.0,368.365,400.1682,-0.0015822784810125556,0.017092164194370287,28.931013051584827,-10.170225613021387,413.0141009759123,350.6598990240877
2026-04-08,374.33,384.98,385.0,371.41,33.06M,0.55%,374.33,33060000.000000004,368.524,398.24920000000003,0.005479599237153687,0.01495125058346591,35.14800952704998,-9.394762705350217,409.47151270104854,351.0594872989514
2026-04-09,373.07,372.5,373.5,367.05,30.44M,-0.34%,373.07,30440000.0,368.727,396.099,-0.0033660139449148696,0.014910802898256506,36.07473371747861,-8.780656293866002,405.6135886396041,351.73641136039595
2026-04-10,370.87,372.98,375.64,370.03,28.11M,-0.59%,370.87,28110000.0,369.217,393.88379999999995,-0.0058970166456696615,0.014271145404770083,39.48776758409785,-8.374952908300088,401.92945000375016,352.3215499962498
2026-04-13,384.37,373.61,384.54,371.02,35.75M,3.64%,384.37,35750000.0,371.977,392.90119999999996,0.03640089519238554,0.014803564810943057,51.05889627454012,-6.884729994727991,400.0931552300758,353.03984476992423
2026-04-14,393.11,387.92,394.69,386.52,37.50M,2.27%,393.11,37500000.0,375.392,392.1576,0.022738507167572974,0.015536994480180508,66.12315972771887,-4.941509991277144,398.48469196491465,353.9643080350853
2026-04-15,411.22,398.0,414.37,396.73,45.06M,4.61%,411.22,45060000.0,379.497,391.9146,0.04606853043677339,0.018328778429773197,75.24503644131693,-1.9180583077611573,402.08760009948594,351.54239990051406
2026-04-16,420.26,419.86,420.82,412.14,41.64M,2.20%,420.26,41640000.0,384.586,392.0956,0.021983366567773777,0.018031255843005082,82.48952722920407,1.1937406842557152,409.54861558416553,346.92838441583456
2026-04-17,422.79,424.82,431.58,420.69,48.57M,0.60%,422.79,48570000.0,389.519,392.2676,0.0060200828058820655,0.018165742512205794,92.93704474505729,3.819979316926947,416.8283211002864,343.0256788997136
2026-04-20,418.07,421.14,423.33,416.3,27.58M,-1.12%,418.07,27580000.0,394.038,392.75559999999996,-0.01116393481397393,0.019222929883829228,87.21823447928475,5.457516942901009,422.3991557405994,341.07484425940055
2026-04-21,424.16,420.24,427.18,417.2,32.05M,1.46%,424.16,32049999.999999996,399.225,393.216,0.014566938550960362,0.018656062260970697,86.33732669269082,7.1641060579189,428.6740428174399,338.91595718256
2026-04-22,432.92,426.18,433.7,423.67,29.38M,2.07%,432.92,29380000.0,405.084,393.60240000000005,0.020652583930592217,0.01856768636479989,88.63221884498483,9.118338486403843,436.3855782428486,337.2224217571513
2026-04-23,415.75,419.89,423.66,411.41,38.31M,-3.97%,415.75,38310000.0,409.352,393.65200000000004,-0.0396609073269889,0.024960221293217174,72.18084548410785,9.175832970414547,439.64946218760366,338.4295378123963
2026-04-24,424.62,416.97,424.95,415.8,27.46M,2.13%,424.62,27460000.0,414.72700000000003,394.057,0.021334936861094445,0.024369720535414127,74.96622273692338,9.823888956799976,443.7372155510989,340.20678444890103
2026-04-27,424.82,422.38,427.11,417.07,30.87M,0.05%,424.82,30870000.0,418.77200000000005,394.51660000000004,0.0004710093730864173,0.023308265984655286,75.44318512060445,10.235626393919006,446.3369185474909,344.41208145250914
2026-04-28,429.25,424.57,429.92,421.9,30.44M,1.04%,429.25,30440000.0,422.38599999999997,395.07520000000005,0.01042794595358032,0.022899902109412843,75.99886385154326,10.79495770341208,448.96483297779656,348.81316702220346
2026-04-29,424.46,424.58,426.82,420.29,38.29M,-1.12%,424.46,38290000.0,423.7099999999999,395.6272,-0.01115899825276645,0.019529118098143904,73.54099862574436,10.72805251622384,451.00576471475273,352.2012352852474
2026-04-30,407.78,410.81,414.42,398.01,70.91M,-3.93%,407.78,70910000.0,422.462,395.79079999999993,-0.039296989115582215,0.02243059069627668,64.9276065679851,9.22277862294277,450.58086835039603,356.46713164960397
2026-05-01,414.44,412.8,417.11,410.43,31.37M,1.63%,414.44,31370000.0,421.62700000000007,396.1104,0.016332336063563657,0.023107005644043544,62.873533692953146,8.469612141050902,450.64488181699824,360.5011181830017
2026-05-04,413.62,411.54,420.78,410.8,28.07M,-0.20%,413.62,28070000.0,421.18199999999996,396.4382,-0.001978573496766667,0.022872563230916198,59.41949113621749,7.717591539670593,450.06725677232015,365.1527432276799
2026-05-05,411.38,415.32,416.78,408.8,25.70M,-0.54%,411.38,25700000.0,419.904,396.9764,-0.005415598858856008,0.02224205306993102,50.08602150537632,6.861762389988883,448.6399942589099,370.4890057410901
2026-05-06,413.96,408.0,418.42,405.11,30.29M,0.63%,413.96,30290000.0,418.008,397.4756,0.006271573727453905,0.020984460256381277,46.36006470996071,6.318856219839631,446.9446954264404,376.1473045735596
2026-05-07,420.77,420.11,427.98,418.76,34.94M,1.65%,420.77,34940000.0,418.51000000000005,397.879,0.016450864817856736,0.017716323111996855,48.887910151948894,6.364740488584914,444.5147465606058,383.3472534393941
2026-05-08,415.12,417.39,418.63,414.0,33.38M,-1.34%,415.12,33380000.000000004,417.56000000000006,398.147,-0.013427763386172908,0.01674158317863918,48.39237057220709,5.877444796136501,439.0494737324293,393.2375262675706
2026-05-11,412.66,407.87,412.69,405.5,35.66M,-0.59%,412.66,35660000.0,416.34399999999994,398.54540000000003,-0.005925997301984953,0.016753263992042026,43.474807081252834,5.232441677595602,435.05873995425725,400.05726004574274
2026-05-12,407.77,414.48,415.5,406.64,38.59M,-1.18%,407.77,38590000.0,414.196,398.72979999999995,-0.011849949110648073,0.01627739219315222,35.074183976261125,4.277382918880107,432.37469703254203,404.20730296745796
2026-05-13,405.21,403.2,406.31,401.03,29.67M,-0.63%,405.21,29670000.0,412.271,398.7554,-0.006278048900115296,0.016144825000966676,42.43251005169443,3.2761558809248754,432.9393425533009,403.0416574466991
2026-05-14,409.43,404.48,411.84,400.88,27.08M,1.04%,409.43,27080000.0,412.436,398.84,0.010414353051504177,0.011113348955799757,38.31358670564704,2.79102180980982,432.83005177428964,402.06794822571027
2026-05-15,421.92,414.27,428.17,412.91,50.77M,3.05%,421.92,50770000.0,413.184,399.06480000000005,0.03050582517157996,0.013913661509721455,48.1237060041408,3.375477773354305,432.7277596588036,402.0832403411964
2026-05-18,423.54,416.62,425.12,415.61,32.56M,0.38%,423.54,32560000.000000004,414.17600000000004,399.35640000000006,0.0038395904436860917,0.01385606508666412,46.16624143950586,3.9241486533580883,433.24454751599995,402.113452484
2026-05-19,417.42,429.9,432.7,416.49,33.02M,-1.44%,417.42,33020000.000000004,414.78000000000003,399.51660000000004,-0.014449638759031047,0.014695565927217874,45.356200527704516,3.82109422996092,432.605662525206,402.07833747479395
2026-05-20,421.06,414.17,422.1,411.3,27.86M,0.87%,421.06,27860000.0,415.48999999999995,399.8226,0.008720233817258283,0.014802895508928394,60.57998725302742,3.9871787218297072,430.28856059301035,403.2094394069896
2026-05-21,419.09,424.75,426.34,415.71,31.39M,-0.47%,419.09,31390000.0,415.322,400.1068,-0.004678668123307861,0.01396347928289258,54.00378853108316,3.9147129679168415,430.48603727253965,403.34596272746035
2026-05-22,418.57,419.54,424.4,416.33,22.39M,-0.12%,418.57,22390000.0,415.66700000000003,400.44100000000003,-0.001240783602567408,0.013202779391982248,54.284230569499734,3.771844209518804,429.7223323378677,403.50466766213236
2026-05-26,416.03,416.43,419.77,413.02,30.40M,-0.61%,416.03,30400000.0,416.004,400.8506,-0.006068280096519163,0.013211033842170112,54.00378853108316,3.4143049348819545,428.7008358671003,403.64716413289966
2026-05-27,412.67,411.01,415.94,409.58,28.90M,-0.81%,412.67,28900000.0,416.49399999999997,401.105,-0.008076340648510816,0.012855766718548888,48.903993203058654,2.8272379255809597,426.327561296471,404.36243870352894
2026-05-28,426.99,412.98,429.49,412.67,47.25M,3.47%,426.99,47250000.0,418.6719999999999,401.65659999999997,0.03470085055855776,0.016262618045212632,54.68655816757084,3.477402087233088,426.94349661414503,403.99950338585495
