Date,Price,Open,High,Low,Vol.,Change %,Close,Volume,MA10,MA50,Returns,Volatility,RSI,MACD,UpperBand,LowerBand
2021-08-10,19.94,20.32,20.43,19.83,179.24M,-1.77%,19.94,179240000.0,19.975,19.0898,-0.017733990147783207,0.013897663519252217,58.80398671096348,0.3106670140330188,20.794423264523104,18.3225767354769
2021-08-11,19.7,20.04,20.05,19.43,185.92M,-1.20%,19.7,185920000.0,19.994999999999997,19.1586,-0.012036108324975037,0.014099386616692033,51.79153094462539,0.2678384765529458,20.782285371857704,18.32071462814229
2021-08-12,19.91,19.87,20.03,19.62,151.86M,1.07%,19.91,151860000.0,20.02,19.2212,0.010659898477157315,0.014257125601327131,55.3846153846154,0.2479832010166696,20.80738421804222,18.389615781957783
2021-08-13,20.19,19.91,20.21,19.85,183.06M,1.41%,20.19,183060000.0,20.089,19.2856,0.014063284781516971,0.01434281833700124,63.803680981595114,0.2519372364111341,20.727639092903303,18.672360907096696
2021-08-16,19.95,20.14,20.29,19.45,211.15M,-1.19%,19.95,211150000.0,20.109,19.333,-0.01188707280832102,0.014697078927450405,60.81871345029236,0.23301874862718464,20.694769754200973,18.82223024579903
2021-08-17,19.46,19.68,19.77,19.27,204.58M,-2.46%,19.46,204580000.0,20.073,19.3698,-0.024561403508771895,0.016726095558964343,49.44751381215471,0.1764527681853174,20.58206270386467,19.01993729613533
2021-08-18,19.04,19.5,19.63,19.0,285.91M,-2.16%,19.04,285910000.0,19.95,19.401400000000002,-0.021582733812949728,0.015351393423459538,42.01030927835052,0.09661956107918002,20.61817495569684,18.946825044303164
2021-08-19,19.8,19.49,20.5,18.76,766.55M,3.99%,19.8,766550000.0,19.866,19.4502,0.0399159663865547,0.01999977050517202,53.348214285714285,0.09359787960195831,20.6237536210859,18.9622463789141
2021-08-20,20.82,19.99,20.87,19.93,675.74M,5.15%,20.82,675740000.0,19.911,19.518,0.051515151515151514,0.026200025169648044,60.19047619047618,0.17153134420411575,20.796244089249377,18.915755910750626
2021-08-23,21.96,20.97,22.0,20.95,575.81M,5.48%,21.96,575810000.0,20.076999999999998,19.6006,0.05475504322766578,0.030796223743126183,66.93037974683543,0.32157572422912395,21.283152113001655,18.695847886998344
2021-08-24,21.79,21.75,21.96,21.54,297.30M,-0.77%,21.79,297300000.0,20.262,19.676000000000002,-0.007741347905282359,0.030009297760388087,62.58278145695362,0.42190592824610107,21.587524380866064,18.649475619133938
2021-08-25,22.21,21.74,22.47,21.72,347.70M,1.93%,22.21,347700000.0,20.512999999999998,19.764400000000002,0.019274896741624747,0.029155945163361095,62.88998357963874,0.5292084421825223,21.963125969303412,18.544874030696583
2021-08-26,22.07,22.2,22.34,21.79,237.94M,-0.63%,22.07,237940000.0,20.729000000000003,19.8496,-0.006303466906798727,0.029758351014611727,64.26174496644293,0.5960784067517153,22.23996988577592,18.509030114224082
2021-08-27,22.64,22.18,22.72,22.17,304.72M,2.58%,22.64,304720000.0,20.974,19.929199999999998,0.02582691436338913,0.030134243870508216,68.11145510835911,0.6871465737873841,22.604111116950126,18.458888883049877
2021-08-30,22.69,22.83,23.04,22.55,262.58M,0.22%,22.69,262579999.99999997,21.247999999999998,20.0102,0.0022084805653710404,0.029212418656043498,72.35772357723573,0.7546541511083547,22.927282360581646,18.42971763941836
2021-08-31,22.39,22.7,22.7,22.12,259.85M,-1.32%,22.39,259850000.00000003,21.541,20.0894,-0.013221683561040143,0.027762176783340586,71.65861513687598,0.775013031902752,23.14131247626407,18.472687523735928
2021-09-01,22.44,22.48,22.7,22.36,201.77M,0.22%,22.44,201770000.0,21.881,20.1604,0.0022331397945511977,0.025232516684088508,70.90909090909088,0.7861202686288138,23.344521678740122,18.48647832125988
2021-09-02,22.4,22.52,22.59,22.29,188.11M,-0.18%,22.4,188110000.0,22.141000000000002,20.2272,-0.0017825311942960553,0.024429188470898804,69.01893287435449,0.7826730008942029,23.51656711326806,18.490432886731938
2021-09-03,22.84,22.32,22.99,22.2,280.83M,1.96%,22.84,280830000.0,22.343,20.2998,0.019642857142857295,0.02057390374666063,74.04326123128115,0.806152514767156,23.749374175397076,18.50462582460293
2021-09-07,22.66,22.83,22.9,22.52,198.11M,-0.79%,22.66,198110000.0,22.413000000000004,20.3724,-0.007880910683012221,0.013621760918796064,78.07017543859642,0.8010022476902137,23.922496867166085,18.56750313283391
2021-09-08,22.34,22.51,22.61,21.98,254.43M,-1.41%,22.34,254430000.0,22.468,20.4196,-0.014121800529567574,0.014323869435712617,79.46428571428567,0.7623118418870227,24.01117698417528,18.718823015824725
2021-09-09,22.18,22.31,22.54,22.13,196.86M,-0.72%,22.18,196860000.0,22.465,20.4626,-0.0071620411817368,0.013305207965954389,73.79999999999994,0.7105479986863799,24.037278262918548,18.940721737081454
2021-09-10,22.48,22.35,22.63,22.27,248.38M,1.35%,22.48,248380000.0,22.506,20.512199999999996,0.01352569882777277,0.01374115183281511,69.39252336448592,0.685826491920217,24.088543887658993,19.146456112341006
2021-09-13,22.15,22.68,22.96,21.86,297.50M,-1.47%,22.15,297500000.0,22.457,20.551,-0.014679715302491236,0.01173719852683373,52.73775216138324,0.6323173171955041,24.102195359035612,19.328804640964385
2021-09-14,22.24,22.27,22.41,22.09,199.75M,0.41%,22.24,199750000.0,22.412,20.586,0.004063205417607296,0.011827571516403198,56.63716814159288,0.590367766431747,24.075622642527374,19.58437735747263
2021-09-15,22.34,22.31,22.37,21.97,166.54M,0.45%,22.34,166540000.0,22.407,20.6188,0.004496402877697925,0.011263132572611148,52.11726384364818,0.5587506794637669,23.930467278163977,20.017532721836023
2021-09-16,22.24,22.18,22.28,21.93,156.03M,-0.45%,22.24,156030000.0,22.387,20.6562,-0.004476275738585556,0.011304063850600798,52.80528052805276,0.5196347203923999,23.520573208726447,20.747426791273554
2021-09-17,21.9,22.3,22.32,21.83,294.50M,-1.53%,21.9,294500000.0,22.336999999999996,20.696199999999997,-0.015287769784172678,0.012200703548423406,36.785714285714306,0.4559440433946911,23.09971940534468,21.378280594655315
2021-09-20,21.11,21.15,21.43,20.66,349.44M,-3.61%,21.11,349440000.0,22.163999999999998,20.7174,-0.036073059360730575,0.013747303591530017,27.68361581920908,0.33782805379939873,23.017954397800057,21.48904560219994
2021-09-21,21.25,21.42,21.43,20.95,204.69M,0.66%,21.25,204690000.0,22.023,20.7322,0.006631927996210374,0.01447962203304195,33.13609467455625,0.25260523512731226,23.097176648317863,21.338823351682137
2021-09-22,21.94,21.37,21.96,21.2,268.73M,3.25%,21.94,268730000.0,21.982999999999997,20.766,0.03247058823529425,0.018596909474597394,43.7810945273632,0.23799926340271327,23.09176785695884,21.35923214304116
2021-09-23,22.48,22.14,22.53,21.89,248.55M,2.46%,22.48,248550000.0,22.012999999999998,20.8188,0.024612579762989917,0.020196056461900227,50.8849557522124,0.26692051902130487,23.11263487495458,21.36536512504542
2021-09-24,22.08,22.07,22.15,21.86,217.66M,-1.78%,22.08,217660000.0,21.973,20.881,-0.017793594306049876,0.020554096995253852,41.51785714285713,0.25462896124075485,23.112738979769876,21.366261020230123
2021-09-27,21.66,21.71,21.8,21.32,245.22M,-1.90%,21.66,245220000.0,21.924,20.951,-0.0190217391304347,0.020903906715001565,39.40677966101697,0.20859279533017272,23.078963487387696,21.302036512612297
2021-09-28,20.7,21.21,21.42,20.65,343.07M,-4.43%,20.7,343070000.0,21.77,20.9894,-0.04432132963988922,0.024606527376421827,34.70149253731344,0.09356625172125277,23.169359377651286,21.012640622348716
2021-09-29,20.52,20.94,21.02,20.47,218.39M,-0.87%,20.52,218390000.0,21.588,21.027600000000003,-0.008695652173912993,0.024280539244712834,34.57249070631971,-0.01197951608312664,23.272966890779106,20.72203310922089
2021-09-30,20.72,20.77,21.07,20.69,221.01M,0.97%,20.72,221010000.0,21.436,21.053800000000003,0.00974658869395717,0.024930472834843367,33.33333333333333,-0.07858113454999938,23.289191050845204,20.53380894915479
2021-10-01,20.74,20.75,20.86,20.2,240.98M,0.10%,20.74,240980000.0,21.32,21.076800000000002,0.0009652509652509078,0.024843340672712756,35.814889336016094,-0.1282709366588044,23.280297796563033,20.376702203436963
2021-10-04,19.73,20.5,20.54,19.55,345.63M,-4.87%,19.73,345630000.0,21.182,21.0802,-0.04869816779170677,0.026830841717907235,28.69269949066215,-0.24630971681061453,23.321515759865918,20.02448424013408
2021-10-05,20.45,19.95,20.65,19.85,279.28M,3.65%,20.45,279280000.0,21.101999999999997,21.103399999999997,0.036492650785605596,0.029926664203536277,35.48387096774192,-0.27854739679496276,23.228631668519053,19.896368331480947
2021-10-06,20.7,20.12,20.72,20.08,297.20M,1.22%,20.7,297200000.0,20.978,21.133200000000002,0.012224938875305513,0.027840647397354052,38.438438438438446,-0.2806874891269189,23.146942476149647,19.81405752385035
2021-10-07,21.07,21.09,21.32,20.97,256.92M,1.79%,21.07,256920000.00000003,20.837,21.1646,0.017874396135265647,0.02710403578325366,43.79671150971601,-0.24964981230293048,23.06711032387883,19.782889676121165
2021-10-08,20.83,21.1,21.21,20.77,151.26M,-1.14%,20.83,151260000.0,20.711999999999996,21.188000000000002,-0.011390602752729073,0.02687233099633871,47.71986970684038,-0.24163283117527357,22.92619155689117,19.758808443108833
2021-10-11,20.7,20.57,21.06,20.51,163.39M,-0.62%,20.7,163390000.0,20.616,21.212,-0.006240998559769562,0.026457567158786315,45.513866231647626,-0.24296844047781363,22.830634149110022,19.709365850889977
2021-10-12,20.67,20.83,21.06,20.53,162.13M,-0.14%,20.67,162130000.0,20.613,21.2304,-0.0014492753623187582,0.02239652227559171,38.39122486288848,-0.24363914929914543,22.703894754929006,19.67910524507099
2021-10-13,20.94,20.92,20.99,20.71,180.65M,1.31%,20.94,180650000.0,20.654999999999998,21.2528,0.013062409288824295,0.02250555657082616,35.19230769230769,-0.21984965735803286,22.53653617212458,19.70646382787542
2021-10-14,21.75,21.29,21.75,21.12,243.59M,3.87%,21.75,243590000.0,20.758,21.282400000000003,0.0386819484240688,0.025266047996626483,47.058823529411775,-0.1340903727049323,22.445919255513342,19.74808074448666
2021-10-15,21.86,21.81,21.93,21.66,226.99M,0.51%,21.86,226990000.0,20.869999999999997,21.3068,0.005057471264367841,0.025223802662423623,51.886792452830186,-0.056597025780654064,22.439015977348614,19.750984022651384
2021-10-18,22.22,21.75,22.29,21.64,189.49M,1.65%,22.22,189490000.0,21.119,21.343799999999998,0.01646843549862753,0.016587632793086504,66.17021276595747,0.033480063983731156,22.585703634918804,19.715296365081198
2021-10-19,22.29,22.28,22.38,22.04,161.47M,0.32%,22.29,161470000.0,21.303,21.383599999999998,0.0031503150315030926,0.01433260643680989,69.28104575163401,0.10925578885345288,22.725556138164293,19.679443861835708
2021-10-20,22.1,22.3,22.43,21.98,146.28M,-0.85%,22.1,146280000.0,21.442999999999998,21.426800000000004,-0.008524001794526614,0.015245485923291086,65.06550218340618,0.15222245889265196,22.751442637000565,19.669557362999434
2021-10-21,22.69,22.1,22.71,22.08,187.59M,2.67%,22.69,187590000.0,21.605,21.486600000000003,0.026696832579185426,0.016191880800317717,68.93203883495151,0.23121660255421617,22.800738819185636,19.641261180814357
2021-10-22,22.73,22.82,23.13,22.56,249.38M,0.18%,22.73,249380000.0,21.795,21.542999999999996,0.0017628911414719894,0.014970351508658022,85.8851674641149,0.2936625373026871,22.931346677644935,19.575653322355063
2021-10-25,23.17,22.97,23.35,22.77,230.23M,1.94%,23.17,230230000.0,22.041999999999998,21.6026,0.01935767707875069,0.014272337745008232,84.87179487179495,0.37434054843265585,23.207733055741762,19.45026694425824
2021-10-26,24.72,23.99,25.26,23.92,485.90M,6.69%,24.72,485900000.0,22.447,21.698,0.0668968493741906,0.021800498138912005,88.65384615384622,0.55693055090277,23.916849939057517,19.143150060942478
2021-10-27,24.45,24.47,25.09,24.28,245.99M,-1.09%,24.45,245990000.0,22.798000000000002,21.797800000000002,-0.010922330097087318,0.023674820382054287,83.13725490196083,0.6721001476995525,24.393848575093358,19.059151424906638
2021-10-28,24.94,24.88,24.95,24.52,234.20M,2.00%,24.94,234200000.0,23.117,21.915800000000004,0.020040899795501055,0.022376726670400176,88.41121495327113,0.7937617959283756,24.91878107398568,18.95621892601432
2021-10-29,25.57,25.0,25.71,25.0,292.50M,2.53%,25.57,292500000.0,23.488,22.0312,0.025260625501202894,0.022391808122788334,91.6239316239317,0.9302914428777029,25.51343848346314,18.844561516536864
2021-11-01,25.83,25.65,25.89,25.23,265.74M,1.02%,25.83,265740000.0,23.849,22.1314,0.010168165819319341,0.022466261846226295,92.43421052631582,1.047398243845091,25.986915477442356,18.981084522557648
2021-11-02,26.4,25.82,26.68,25.8,294.11M,2.21%,26.4,294110000.0,24.259999999999998,22.2202,0.022067363530778206,0.022114936636985803,92.78996865203766,1.1726825096304232,26.55710744502753,19.005892554972473
2021-11-03,26.6,26.67,26.78,26.23,239.91M,0.76%,26.6,239910000.0,24.71,22.316399999999998,0.007575757575757791,0.02055892176368566,92.02772963604856,1.2734302106345368,27.082286735264496,19.07071326473551
2021-11-04,29.8,27.23,31.36,27.12,1.15B,12.03%,29.8,1150000000.0,25.421,22.468199999999996,0.12030075187969924,0.03822587747043857,94.80812641083524,1.5931222246903616,28.403136581883338,18.622863418116665
2021-11-05,29.75,30.19,31.4,29.41,851.26M,-0.17%,29.75,851260000.0,26.123,22.621799999999997,-0.001677852348993314,0.03850525341937809,94.03508771929826,1.8214493328572843,29.413349881661325,18.504650118338674
2021-11-08,30.8,30.15,31.1,29.91,503.10M,3.53%,30.8,503100000.0,26.886000000000003,22.785,0.03529411764705892,0.03844184512046832,94.64847848898218,2.063341519223311,30.488334512275145,18.439665487724852
2021-11-09,30.66,32.28,32.31,29.96,646.75M,-0.45%,30.66,646750000.0,27.48,22.9444,-0.004545454545454519,0.037342572659481,95.14767932489451,2.2181762348180776,31.311244812965175,18.615755187034825
2021-11-10,29.46,29.36,30.85,28.78,636.21M,-3.91%,29.46,636210000.0,27.981,23.0858,-0.03913894324853229,0.041021382229273096,83.54806739345887,2.218480627551095,31.743881745569038,19.03511825443096
2021-11-11,30.39,30.47,30.59,29.78,332.17M,3.16%,30.39,332170000.0,28.526,23.2448,0.031568228105906204,0.041198772158785826,84.8816029143898,2.2676253155607107,32.307482537263276,19.335517462736718
2021-11-12,30.39,30.01,30.68,29.63,413.05M,0.00%,30.39,413050000.0,29.008,23.404600000000002,0.0,0.041659049155245056,84.25047438330171,2.280287104564703,32.758922321275556,19.73707767872445
2021-11-15,30.02,30.55,30.64,29.25,384.91M,-1.22%,30.02,384910000.0,29.427000000000003,23.548199999999998,-0.012175057584731808,0.04272101480660144,78.3119658119658,2.2347054622793436,33.06694310704988,20.209056892950112
2021-11-16,30.2,29.76,30.39,29.71,264.48M,0.60%,30.2,264480000.00000003,29.807,23.699,0.005996002664889977,0.04276662020576712,81.01402373247032,2.1878855948218217,33.307557782060314,20.759442217939682
2021-11-17,29.26,30.42,30.51,28.8,428.51M,-3.11%,29.26,428510000.0,30.073,23.8374,-0.031125827814569407,0.04513054208561249,72.22222222222223,2.051284438325794,33.28588010668681,21.497119893313183
2021-11-18,31.68,32.37,32.76,31.32,781.71M,8.27%,31.68,781710000.0,30.261000000000003,24.027400000000004,0.08270676691729317,0.03550177464508668,76.54213727193745,2.113932712429179,33.5952438343594,22.0867561656406
2021-11-19,32.98,32.24,33.09,31.91,533.87M,4.10%,32.98,533870000.0,30.584000000000003,24.2374,0.04103535353535337,0.03692410786515228,78.48605577689243,2.2426294204881962,34.016169167915706,22.690830832084288
2021-11-22,31.96,33.52,34.65,31.9,754.34M,-3.09%,31.96,754340000.0,30.7,24.433600000000002,-0.030927835051546282,0.0379979758839559,71.3846153846154,2.2365356228650484,34.11599124454227,23.470008755457727
2021-11-23,31.75,31.54,32.36,30.88,532.16M,-0.66%,31.75,532159999.99999994,30.809000000000005,24.623800000000003,-0.0065707133917396465,0.038055945655199035,69.79246733282092,2.189521557800024,34.25941307741135,24.029586922588646
2021-11-24,32.67,31.46,32.85,30.93,435.16M,2.90%,32.67,435160000.0,31.130000000000003,24.8304,0.028976377952755872,0.0354566093677624,63.37371854613235,2.2011256771046313,34.39575869252113,24.715241307478877
2021-11-26,31.5,32.6,32.71,31.35,283.07M,-3.58%,31.5,283070000.0,31.241000000000003,25.0156,-0.03581267217630857,0.03744912522667456,57.38396624472574,2.0917998369346833,34.275120130250464,25.491879869749546
2021-11-29,33.38,32.37,33.41,32.04,454.96M,5.97%,33.38,454960000.0,31.540000000000003,25.2452,0.05968253968253978,0.041264973360753854,60.17350157728708,2.132279023845012,34.43344024574158,26.114559754258423
2021-11-30,32.68,33.17,33.35,31.86,622.07M,-2.10%,32.68,622070000.0,31.806,25.476600000000005,-0.02097064110245661,0.041883480367360976,57.62839879154078,2.0838535546283765,34.34047792406821,26.892522075931794
2021-12-01,31.43,33.22,33.29,31.38,485.80M,-3.82%,31.43,485800000.0,31.928999999999995,25.6802,-0.03824969400244793,0.04452493427601955,57.41158765989466,1.9224506536224233,34.029975398552715,27.706024601447275
2021-12-02,32.13,31.21,32.48,31.02,472.89M,2.23%,32.13,472890000.0,32.216,25.884,0.022271714922049046,0.042900080350310864,56.661562021439515,1.8299275755850282,33.629770079573056,28.659229920426952
2021-12-03,30.69,32.0,32.13,30.13,544.33M,-4.48%,30.69,544330000.0,32.117000000000004,26.0482,-0.04481792717086841,0.03758078642641185,51.0344827586207,1.6217123141530507,33.60377818530202,28.77422181469798
2021-12-06,30.04,29.88,30.24,28.04,658.94M,-2.12%,30.04,658940000.0,31.823,26.207400000000003,-0.021179537308569585,0.03459703997590084,50.06765899864682,1.3882477952060235,33.5851515720244,28.821848427975596
2021-12-07,32.43,30.96,32.45,30.65,593.05M,7.96%,32.43,593050000.0,31.869999999999997,26.4228,0.07956058588548598,0.04328318227510206,56.56268393172454,1.3801687812708217,33.71948470717597,28.850515292824035
2021-12-08,31.83,32.0,32.29,31.42,475.55M,-1.85%,31.83,475550000.0,31.877999999999997,26.6454,-0.018501387604070385,0.04371678610582298,57.717717717717704,1.3102474024751984,33.77096803328726,28.916031966712726
2021-12-09,30.49,31.73,32.2,30.43,488.51M,-4.21%,30.49,488510000.0,31.659999999999997,26.8448,-0.04209864907320138,0.044451851184033074,46.17854849068722,1.1336395142167994,33.69455144367445,29.09544855632555
2021-12-10,30.2,31.15,31.3,29.86,488.83M,-0.95%,30.2,488830000.0,31.529999999999994,27.034399999999994,-0.009511315185306679,0.04325463351167809,40.45329670329672,0.9592186386386636,33.70402471242065,29.066975287579353
2021-12-13,28.16,30.25,30.29,28.12,598.34M,-6.75%,28.16,598340000.0,31.008,27.182799999999997,-0.06754966887417213,0.04131231282952951,37.8048780487805,0.6488977972183179,33.97675025619616,28.57124974380384
2021-12-14,28.34,27.7,28.68,27.25,667.04M,0.64%,28.34,667040000.0,30.574,27.355,0.006392045454545414,0.04185678838361501,39.03536977491962,0.4127330605246726,34.1491179340081,28.23088206599189
2021-12-15,30.46,28.4,30.5,27.84,698.30M,7.48%,30.46,698300000.0,30.477000000000004,27.5552,0.0748059280169373,0.04904123977730903,43.402985074626876,0.3921170068698281,34.14604604109416,28.259953958905847
2021-12-16,28.39,31.15,31.16,28.09,707.37M,-6.80%,28.39,707370000.0,30.102999999999998,27.709,-0.06795797767564016,0.052261363533351236,41.189801699716725,0.20636805307335493,34.24570342475142,28.073296575248587
2021-12-17,27.8,27.98,28.92,27.76,716.62M,-2.08%,27.8,716620000.0,29.814,27.843600000000002,-0.020781965480803133,0.05107688874811105,32.94621026894866,0.011420946217729266,34.38386202696093,27.54713797303907
2021-12-20,27.72,27.3,28.14,27.14,461.85M,-0.29%,27.72,461850000.0,29.582,27.981399999999997,-0.0028776978417266452,0.05090694117431553,34.24396442185514,-0.1478273106773358,34.27421269546521,27.130787304534785
2021-12-21,29.07,28.37,29.12,27.4,524.38M,4.87%,29.07,524380000.0,29.246000000000002,28.1488,0.04870129870129869,0.04576200964688272,42.55050505050505,-0.16321751410591645,34.14929122065852,26.966708779341484
2021-12-22,29.4,28.89,29.55,28.45,395.18M,1.14%,29.4,395180000.0,29.002999999999997,28.323400000000003,0.011351909184726505,0.04611369619453436,41.17647058823528,-0.14709055081941358,34.021340683415005,26.859659316585002
2021-12-23,29.64,29.75,30.06,29.43,343.02M,0.82%,29.64,343020000.0,28.918,28.4974,0.008163265306122547,0.04457063848903095,46.32095304835319,-0.11363392088475521,33.72618305715902,26.851816942840973
2021-12-27,30.95,29.66,31.09,29.64,403.69M,4.42%,30.95,403690000.0,28.993000000000002,28.6814,0.04419703103913619,0.046738349185374194,53.04755525787006,0.018374936424564225,33.666538217576694,26.856461782423295
2021-12-28,30.32,31.31,31.33,30.01,420.59M,-2.04%,30.32,420590000.0,29.209000000000003,28.850600000000004,-0.020355411954765756,0.04077553926640238,41.98936977980258,0.07133486808941925,33.18243301985035,27.034566980149645
2021-12-29,30.0,30.27,30.55,29.37,343.14M,-1.06%,30.0,343140000.0,29.375,29.0062,-0.01055408970976257,0.041207208097995704,42.901474010861136,0.08648769354662278,32.80006356744707,27.14893643255293
2021-12-30,29.59,29.83,30.46,29.54,308.86M,-1.37%,29.59,308860000.0,29.288,29.152200000000004,-0.013666666666666716,0.0337229164524202,46.23745819397994,0.06466739789575016,32.627185774364705,27.137814225635296
2021-12-31,29.41,29.67,30.03,29.33,266.53M,-0.61%,29.41,266529999.99999997,29.389999999999997,29.2984,-0.006083136194660388,0.024866900319601957,46.666666666666664,0.03247579990266303,32.28401868025273,27.208981319747267
2022-01-03,30.12,29.82,30.71,29.79,392.40M,2.41%,30.12,392400000.0,29.621999999999996,29.447,0.024141448486909134,0.023972450371965458,59.31558935361217,0.06352254449608452,32.22350215578266,27.21249784421734
2022-01-04,29.29,30.28,30.47,28.35,527.15M,-2.76%,29.29,527150000.0,29.779000000000003,29.578200000000002,-0.027556440903054535,0.026398723410275052,54.252461951656215,0.020912187188983467,32.188159634421154,27.172840365578846
2022-01-05,27.6,28.95,29.42,27.53,498.06M,-5.77%,27.6,498060000.0,29.631999999999998,29.666800000000002,-0.0576988733356093,0.028555477282928003,36.68528864059591,-0.14752512622472125,31.754712008273724,27.123287991726276
2022-01-06,28.18,27.64,28.44,27.07,454.19M,2.10%,28.18,454190000.0,29.51,29.736,0.021014492753623104,0.029316325893014153,48.864864864864856,-0.23154267803061757,31.342748458736143,27.17025154126387
2022-01-07,27.25,28.14,28.42,27.06,409.94M,-3.30%,27.25,409940000.0,29.271000000000004,29.791999999999998,-0.03300212916962386,0.030316714187491135,47.13242961418143,-0.3689177664479928,31.2783495706821,26.910650429317908
2022-01-10,27.4,26.58,27.47,25.64,594.68M,0.55%,27.4,594680000.0,28.916000000000004,29.8412,0.005504587155963359,0.024907467539147982,48.343685300207035,-0.4603778184394045,31.198129343625837,26.71087065637417
2022-01-11,27.82,27.32,28.07,26.84,404.09M,1.53%,27.82,404090000.0,28.666000000000004,29.8862,0.01532846715328473,0.026078281231442818,42.84077892325315,-0.49328380996043464,31.211424268516282,26.663575731483718
2022-01-12,28.0,28.07,28.59,27.61,383.41M,0.65%,28.0,383410000.0,28.465999999999998,29.9296,0.006470165348670065,0.02646450240675233,41.841491841491845,-0.49908441516966917,31.21819197697441,26.622808023025584
2022-01-13,26.57,28.38,28.48,26.5,538.87M,-5.11%,26.57,538870000.0,28.163999999999998,29.932999999999996,-0.051071428571428545,0.029989939610628454,34.28863868986693,-0.6120155512718384,31.131050825592705,26.320949174407293
2022-01-14,26.94,26.3,27.2,26.21,395.83M,1.39%,26.94,395830000.0,27.917,29.9398,0.013925479864508983,0.03095415439923384,27.29331823329558,-0.6640041558957925,31.18527927864761,26.121720721352386
2022-01-18,25.9,26.26,26.64,25.77,425.31M,-3.86%,25.9,425310000.0,27.494999999999997,29.861800000000002,-0.03860430586488506,0.029993216505524497,26.082251082251076,-0.7801319326707343,31.35397962178039,25.763020378219615
2022-01-19,25.07,26.08,26.54,25.05,488.31M,-3.20%,25.07,488310000.0,27.073,29.7682,-0.032046332046332004,0.030241812376031983,24.717948717948715,-0.9284356673785013,31.61265903250938,25.239340967490616
2022-01-20,24.15,25.3,25.58,24.08,435.18M,-3.67%,24.15,435180000.0,26.728,29.6352,-0.03669724770642213,0.02755868572247821,23.489278752436647,-1.1074379020654597,31.876211431637582,24.48378856836241
2022-01-21,23.37,23.51,24.82,23.26,718.96M,-3.23%,23.37,718960000.0,26.247000000000003,29.4894,-0.032298136645962594,0.025331800530868216,22.19152854511971,-1.2972836654006485,32.1018450199924,23.655154980007588
2022-01-24,23.37,22.33,23.38,20.89,915.81M,0.00%,23.37,915810000.0,25.859,29.367600000000003,0.0,0.025345970537763184,16.74876847290639,-1.4312393641344805,32.15290400486918,22.977095995130817
2022-01-25,22.32,22.55,22.94,22.0,664.62M,-4.49%,22.32,664620000.0,25.351,29.2062,-0.04492939666238771,0.02583686617106773,16.393442622950815,-1.6036406738076003,31.996032478581828,22.270967521418182
2022-01-26,22.77,23.24,24.06,22.3,755.96M,2.02%,22.77,755960000.0,24.846,29.053800000000003,0.020161290322580516,0.02660474316813207,23.54874041621028,-1.684540381684748,31.747493395346666,21.764506604653334
2022-01-27,21.94,23.57,24.0,21.68,573.35M,-3.65%,21.94,573350000.0,24.240000000000002,28.892200000000003,-0.03645147123407988,0.02538200499422177,16.737739872068246,-1.7949371285208606,31.539387445693002,21.166612554306994
2022-01-28,22.84,22.01,22.86,21.3,543.77M,4.10%,22.84,543770000.0,23.867,28.745,0.04102096627164986,0.0305656928918556,26.41711229946523,-1.7891803104748405,31.19345519486215,20.837544805137856
2022-01-31,24.49,23.18,24.51,23.05,564.68M,7.22%,24.49,564680000.0,23.622000000000003,28.6496,0.07224168126094566,0.04054504761650539,36.589861751152064,-1.6326565321142894,30.73140742186488,20.80759257813512
2022-02-01,24.64,25.1,25.14,23.89,518.93M,0.61%,24.64,518929999.99999994,23.496000000000002,28.5088,0.0061249489587587025,0.03933607741295511,34.97164461247637,-1.4794523578191026,30.032944098539208,20.958055901460792
2022-02-02,25.24,25.79,25.82,24.55,543.42M,2.44%,25.24,543420000.0,23.512999999999998,28.354,0.024350649350649345,0.03895504114446309,37.454545454545446,-1.2946974935386102,29.46412429624636,21.121875703753638
2022-02-03,23.95,24.46,25.08,23.78,410.18M,-5.11%,23.95,410180000.0,23.493000000000002,28.193799999999996,-0.0511093502377179,0.040744657030134954,37.93738489871086,-1.2380981270107227,29.174646055187313,21.04635394481269
2022-02-04,24.32,23.97,24.64,23.63,354.83M,1.54%,24.32,354830000.0,23.588,28.0452,0.01544885177453037,0.039323658797481155,37.93738489871086,-1.1501288440955868,28.726496967015947,21.108503032984054
2022-02-07,24.73,24.37,25.18,24.2,376.87M,1.69%,24.73,376870000.0,23.724,27.886400000000002,0.016858552631578982,0.03946158301121601,44.28152492668622,-1.035393607121101,28.438914513265356,21.144085486734642
2022-02-08,25.11,24.36,25.23,23.98,410.36M,1.54%,25.11,410360000.0,24.003,27.7586,0.015365952284674522,0.035119626193672,50.20449897750511,-0.9033885797807351,28.117539125440082,21.236460874559917
2022-02-09,26.7,25.62,26.73,25.35,524.28M,6.33%,26.7,524280000.0,24.395999999999997,27.625,0.06332138590203096,0.03865353171316373,62.200956937799056,-0.6628332041746887,27.87768801731223,21.364311982687767
2022-02-10,25.82,26.0,26.92,25.6,513.20M,-3.30%,25.82,513200000.00000006,24.784,27.487799999999996,-0.032958801498127355,0.0381319888433313,61.611374407582936,-0.5370096682534289,27.419736323382082,21.60426367661791
2022-02-11,23.95,25.92,26.15,23.77,605.47M,-7.24%,23.95,605470000.0,24.895,27.3382,-0.07242447714949651,0.04622921770517242,52.33494363929146,-0.5814839957424347,27.130092864736863,21.631907135263138
2022-02-14,24.27,23.93,24.88,23.75,440.42M,1.34%,24.27,440420000.0,24.872999999999998,27.180999999999997,0.013361169102296566,0.040167780648697346,58.34046193327631,-0.5841748905472954,26.718620564056923,21.776379435943074
2022-02-15,26.5,24.95,26.55,24.78,701.75M,9.19%,26.5,701750000.0,25.059,27.097199999999997,0.09188298310671605,0.04968687488313109,63.84558277654046,-0.4017341398611016,26.845750479668123,21.709249520331877
2022-02-16,26.51,26.26,26.58,25.55,732.68M,0.04%,26.51,732680000.0,25.186,27.0266,0.0003773584905661931,0.04940985303342304,68.06324110671937,-0.2534203421455814,27.086493933035555,21.612506066964443
2022-02-17,24.51,25.63,25.79,24.16,810.60M,-7.54%,24.51,810600000.0,25.242,26.8682,-0.07544322897019995,0.05300410019614569,56.07272727272728,-0.29387625171723286,27.103704632236678,21.63129536776332
2022-02-18,23.64,24.67,24.99,23.1,761.25M,-3.55%,23.64,761250000.0,25.174,26.7044,-0.03549571603427182,0.05417186057171783,46.72320740169623,-0.39162516945323134,27.099086788436576,21.662913211563424
2022-02-22,23.39,23.04,24.06,23.0,633.42M,-1.06%,23.39,633420000.0,25.04,26.562399999999997,-0.010575296108290999,0.05383155597259,45.21805661820964,-0.4836891344093175,27.098534944605518,21.665465055394478
2022-02-23,22.39,23.8,24.15,22.3,566.51M,-4.28%,22.39,566510000.0,24.768,26.406200000000002,-0.04275331338178712,0.05460914831970682,39.42093541202673,-0.6300789743674002,27.091006859799254,21.679993140200747
2022-02-24,23.75,21.02,23.8,20.89,735.80M,6.07%,23.75,735800000.0,24.473000000000003,26.318,0.060741402411790935,0.05422865292447413,49.26144756277696,-0.6291014532591497,27.050841157538777,21.818158842461223
2022-02-25,24.16,23.72,24.22,23.38,528.87M,1.73%,24.16,528870000.0,24.307,26.234399999999997,0.01726315789473687,0.054225552638871875,49.41089837997055,-0.5884597891058547,26.890541577456528,22.200458422543473
2022-02-28,24.39,23.99,24.66,23.71,477.32M,0.95%,24.39,477320000.0,24.351000000000003,26.113000000000003,0.009519867549668826,0.04888446871047519,48.73134328358209,-0.5315643566312751,26.829050054306354,22.41694994569365
2022-03-01,23.48,24.29,24.38,23.13,412.06M,-3.73%,23.48,412060000.0,24.272,26.0148,-0.03731037310373109,0.05028437637158687,44.14931801866476,-0.553523042223766,26.836840266414274,22.30815973358573
2022-03-02,24.22,23.76,24.41,23.41,389.64M,3.15%,24.22,389640000.0,24.044,25.9432,0.03151618398637135,0.04038690952469038,40.51987767584098,-0.5053878466939636,26.82098892925253,22.282011070747473
2022-03-03,23.71,24.26,24.33,23.47,365.10M,-2.11%,23.71,365100000.0,23.764000000000003,25.863000000000003,-0.021056977704376423,0.04044890350559374,41.699449252557045,-0.5025994416869217,26.749911218626206,22.200088781373797
2022-03-04,22.94,23.38,23.68,22.48,432.01M,-3.25%,22.94,432010000.0,23.607,25.7404,-0.032475748629270385,0.034630805685234134,45.65030146425496,-0.5561116663487908,26.791460965146253,22.057539034853743
2022-03-07,21.35,22.82,23.03,21.33,450.82M,-6.93%,21.35,450820000.0,23.378,25.5794,-0.06931124673060152,0.03917675445210237,38.664596273291934,-0.7185373504417214,27.014131518120717,21.537868481879283
2022-03-08,21.51,21.31,22.37,20.65,557.47M,0.75%,21.51,557470000.0,23.189999999999998,25.416800000000002,0.007494145199063329,0.039533869776959205,26.9195189639223,-0.8248419479453979,27.107576780881892,21.12242321911811
2022-03-09,23.01,22.39,23.22,22.25,492.74M,6.97%,23.01,492740000.0,23.252000000000002,25.258000000000003,0.06973500697350077,0.04416423491603847,35.77235772357723,-0.7790709978648529,27.00294609303094,21.017053906969057
2022-03-10,22.66,22.53,22.79,21.88,428.07M,-1.52%,22.66,428070000.0,23.143,25.104799999999997,-0.01521077792264236,0.03953606256123467,41.31455399061032,-0.7622524928403251,26.573178970128655,21.042821029871345
2022-03-11,22.1,23.02,23.14,22.05,367.21M,-2.47%,22.1,367210000.0,22.937,24.9468,-0.024713150926743088,0.03925696582871445,42.55319148936171,-0.7850613280166563,26.31689654132041,20.927103458679596
2022-03-14,21.33,21.87,22.26,21.16,385.35M,-3.48%,21.33,385350000.0,22.631,24.781599999999997,-0.034841628959276116,0.03953989719590282,40.51565377532227,-0.8554094316104575,26.367371251933065,20.614628748066934
2022-03-15,22.97,21.52,23.04,21.32,492.00M,7.69%,22.97,492000000.0,22.580000000000002,24.652800000000003,0.07688701359587435,0.04733783666436691,52.521739130434774,-0.7699510007325436,26.286963400490638,20.56503659950936
2022-03-16,24.5,23.5,24.6,23.17,671.42M,6.66%,24.5,671420000.0,22.608,24.540399999999998,0.06660861993905098,0.051177457281100146,53.2133676092545,-0.5721707372158598,25.85512633136417,20.796873668635833
2022-03-17,24.77,24.12,24.84,23.91,471.94M,1.10%,24.77,471940000.0,22.714,24.45,0.011020408163265216,0.0505514600643192,52.645273200346914,-0.38915576452084366,25.399856555311146,21.078143444688855
2022-03-18,26.45,24.8,26.57,24.62,730.72M,6.78%,26.45,730720000.0,23.065,24.427,0.06782398062171979,0.05210172121005837,57.935285053929114,-0.10731604785642546,25.877697733488514,20.79430226651149
2022-03-21,26.73,26.51,27.15,25.97,591.73M,1.06%,26.73,591730000.0,23.603,24.398000000000003,0.010586011342154977,0.042968048727950826,63.1578947368421,0.1370577022123527,26.451136311406838,20.52986368859317
2022-03-22,26.52,26.73,27.24,26.07,547.01M,-0.79%,26.52,547010000.0,24.104,24.3834,-0.007856341189674598,0.0438696859409109,59.72927241962775,0.31020456961994824,26.901581224576834,20.392418775423163
2022-03-23,25.63,26.13,26.61,25.58,502.12M,-3.36%,25.63,502120000.0,24.366,24.348,-0.03355957767722473,0.043541820744753545,57.86885245901639,0.37132870141085306,27.122156548638948,20.495843451361054
2022-03-24,28.15,26.17,28.32,25.91,877.38M,9.83%,28.15,877380000.0,24.915,24.3546,0.09832227857978926,0.05006558511393445,68.67383512544801,0.6160119533677104,27.868231831060907,20.189768168939093
2022-03-25,27.69,27.89,28.36,27.27,579.02M,-1.63%,27.69,579020000.0,25.474,24.3484,-0.0163410301953818,0.04924176537745852,74.72698907956317,0.7640001199621942,28.380016549380578,20.030983450619416
2022-03-28,28.22,27.76,28.25,27.21,425.49M,1.91%,28.22,425490000.0,26.163,24.381400000000003,0.01914048392921619,0.044854346877196014,75.43593631539044,0.9135179129355109,28.942096142808,19.851903857191996
2022-03-29,28.66,28.69,28.95,27.98,488.98M,1.56%,28.66,488980000.0,26.732,24.4158,0.015591778880226892,0.041700492381655865,73.28936521022257,1.0553507374822928,29.55746444281812,19.754535557181878
2022-03-30,27.69,28.3,28.5,27.5,463.49M,-3.38%,27.69,463490000.0,27.051,24.4516,-0.03384508025122113,0.04216079002997214,69.72549019607843,1.0770676144066123,29.90842850282833,19.750571497171677
2022-03-31,27.29,27.78,28.25,27.27,523.44M,-1.44%,27.29,523440000.00000006,27.303000000000004,24.496,-0.014445648248465282,0.04305910617715224,70.61159650516281,1.0498991548526533,30.172925988381824,19.84407401161818
2022-04-01,26.71,27.38,27.5,26.27,517.24M,-2.13%,26.71,517240000.0,27.328999999999997,24.547199999999997,-0.02125320630267491,0.03890581065480462,71.69354838709678,0.9703808557166163,30.318562672712915,20.07543732728709
2022-04-04,27.36,26.73,27.56,26.61,397.71M,2.43%,27.36,397710000.0,27.392000000000003,24.627000000000002,0.02433545488581057,0.03949581224219092,69.23751095530237,0.9488735745619827,30.367765852464746,20.62723414753525
2022-04-05,25.93,27.25,27.32,25.82,436.61M,-5.23%,25.93,436610000.0,27.333,24.678199999999997,-0.05226608187134507,0.043178339874014676,56.321839080459775,0.8071356924657671,30.213588664894516,21.22341133510548
2022-04-06,24.41,24.93,25.3,24.0,703.83M,-5.86%,24.41,703830000.0,27.211000000000002,24.72,-0.058619359814886196,0.0458920614857752,48.56687898089172,0.5656358054392072,30.147540333786665,21.429459666213333
2022-04-07,24.21,24.44,24.72,23.48,557.99M,-0.82%,24.21,557990000.0,26.817,24.748800000000003,-0.008193363375665674,0.02863779237274093,39.891696750902526,0.35402608420256243,30.042119578848546,21.68988042115146
2022-04-08,23.12,23.92,23.92,23.06,524.78M,-4.50%,23.12,524780000.0,26.360000000000003,24.772399999999998,-0.045022717885171426,0.030224992056038208,34.819175777964674,0.0972489398239702,29.92083027139079,21.913169728609198
2022-04-11,21.92,22.21,22.32,21.66,575.21M,-5.19%,21.92,575210000.0,25.73,24.754,-0.05190311418685123,0.02899095835318531,32.14285714285714,-0.2007644802997035,29.81441539122616,22.078584608773834
2022-04-12,21.5,22.54,22.73,21.28,662.26M,-1.92%,21.5,662260000.0,25.014,24.694200000000002,-0.019160583941605913,0.025517637386528586,33.36019339242546,-0.46546713731626355,30.024535416660864,21.721464583339138
2022-04-13,22.2,21.73,22.5,21.45,516.94M,3.26%,22.2,516940000.00000006,24.465,24.6454,0.032558139534883734,0.03172362577519673,21.907459867799787,-0.6117103342686541,30.187772953668464,21.328227046331534
2022-04-14,21.26,22.5,22.78,21.16,569.10M,-4.23%,21.26,569100000.0,23.862000000000002,24.5658,-0.04234234234234224,0.03226635111181616,20.957542908762406,-0.7943030346242992,30.43503216589572,20.72996783410428
2022-04-18,21.78,21.2,22.09,21.08,525.70M,2.45%,21.78,525700000.00000006,23.369,24.5224,0.024459078080903085,0.03577538473242619,20.88607594936707,-0.8868266256764521,30.467893383699657,20.230106616300343
2022-04-19,22.2,21.72,22.37,21.31,512.78M,1.93%,22.2,512780000.0,22.853,24.48,0.01928374655647369,0.03511539146011199,20.742753623188378,-0.9157060588292651,30.383029791210234,19.861970208789764
2022-04-20,21.48,22.52,22.67,21.2,468.97M,-3.24%,21.48,468970000.0,22.408,24.415,-0.032432432432432434,0.033626594438387884,21.223354958294692,-0.9853328960990808,30.328324802881383,19.412675197118617
2022-04-21,20.18,21.71,22.39,20.0,656.21M,-6.05%,20.18,656210000.0,21.985000000000003,24.316399999999998,-0.06052141527001864,0.033885403248267415,19.58939264328484,-1.1323586757708846,30.427708307228432,18.768291692771566
2022-04-22,19.52,20.3,20.49,19.5,624.71M,-3.27%,19.52,624710000.0,21.516,24.1728,-0.032705649157581784,0.03395737554728624,19.45624468988953,-1.2872950139665065,30.164335662268407,18.1686643377316
2022-04-25,19.9,19.2,19.95,19.1,641.57M,1.95%,19.9,641570000.0,21.194,24.0544,0.019467213114753967,0.03495075891657256,17.565217391304316,-1.3637004639606047,29.822971603603392,17.73102839639661
2022-04-26,18.79,19.72,19.79,18.67,653.14M,-5.58%,18.79,653140000.0,20.880999999999997,23.9512,-0.05577889447236184,0.03543189360822015,18.067978533094788,-1.4965685462755225,29.36336300691307,17.247636993086935
2022-04-27,18.41,18.6,19.17,18.29,499.46M,-2.02%,18.41,499460000.0,20.572000000000003,23.834,-0.020223523150611933,0.03544829484908371,20.119521912350564,-1.6139259492712448,28.675287775490386,16.910712224509613
2022-04-28,19.78,18.97,20.04,18.49,570.33M,7.44%,19.78,570330000.0,20.330000000000002,23.6996,0.0744160782183596,0.04327267210416621,30.2408563782337,-1.5781925647320385,27.947756039613175,16.847243960386827
2022-04-29,18.55,19.4,20.13,18.52,500.43M,-6.22%,18.55,500430000.0,20.059,23.540399999999998,-0.062184024266936366,0.04529555140927558,29.86784140969162,-1.6303308809508188,27.259411407568773,16.661588592431233
2022-05-02,19.53,18.54,19.57,18.39,572.05M,5.28%,19.53,572050000.0,19.834,23.4408,0.05283018867924527,0.04864117191941566,39.263252470799635,-1.5744240816242119,26.503586666329934,16.699413333670062
2022-05-03,19.6,19.4,19.82,19.13,475.75M,0.36%,19.6,475750000.0,19.573999999999998,23.36,0.0035842293906809264,0.04784555393147431,41.18738404452691,-1.5070962578597857,25.36787511926621,17.059124880733798
2022-05-04,20.33,19.92,20.4,18.75,648.85M,3.72%,20.33,648850000.0,19.459,23.2988,0.03724489795918351,0.04948057698718137,41.35060129509712,-1.3789380340231574,24.456257741494905,17.4107422585051
2022-05-05,18.84,19.87,19.93,18.5,626.33M,-7.33%,18.84,626330000.0,19.325,23.2278,-0.0732907033939989,0.051224221144599576,39.348591549295755,-1.381675174504167,23.889423400985276,17.42057659901472
2022-05-06,18.68,18.74,19.51,17.99,633.30M,-0.85%,18.68,633300000.0,19.241000000000003,23.1264,-0.00849256900212314,0.050369094449724275,35.90909090909089,-1.3808376045163016,23.25949599005897,17.49750400994103
2022-05-09,16.95,18.03,18.25,16.83,644.45M,-9.26%,16.95,644450000.0,18.946,22.982200000000002,-0.09261241970021417,0.05681200080655135,28.675873273761155,-1.502451045642438,23.035095187963314,17.104904812036686
2022-05-10,17.59,17.69,18.2,17.02,761.47M,3.78%,17.59,761470000.0,18.826,22.8462,0.03775811209439528,0.05695148939052988,34.09648405560097,-1.529556151417701,22.88149064866786,16.82550935133214
2022-05-11,16.63,17.35,17.75,16.57,670.17M,-5.46%,16.63,670170000.0,18.648000000000003,22.7092,-0.054576463899943195,0.058965756841340616,35.07148864592092,-1.6099427026499669,22.85590754481279,16.36409245518721
2022-05-12,16.18,16.22,16.79,15.57,708.73M,-2.71%,16.18,708730000.0,18.288,22.548399999999997,-0.027059530968129852,0.05134387970555698,35.702054794520535,-1.690474129368699,22.658481656677633,15.959518343322369
2022-05-13,17.71,16.79,17.93,16.59,670.44M,9.46%,17.71,670440000.0,18.204,22.428399999999996,0.09456118665018542,0.05981429793584499,41.465315666406866,-1.6122526075173447,22.421377777284825,15.841622222715174
2022-05-16,17.26,17.51,17.79,17.11,521.45M,-2.54%,17.26,521450000.00000006,17.977,22.3148,-0.02540937323546011,0.056737160862874676,43.7140509449466,-1.568492126209108,22.046974511318208,15.764025488681785
2022-05-17,18.18,18.07,18.37,17.63,585.83M,5.33%,18.18,585830000.0,17.835,22.2514,0.05330243337195828,0.060212479863467915,49.09520062942565,-1.4429419812957143,21.447594487694484,15.961405512305515
2022-05-18,16.94,17.7,18.12,16.86,545.16M,-6.82%,16.94,545160000.0,17.496000000000002,22.16,-0.06820682068206807,0.06105326561827299,38.712241653418126,-1.4270500787989455,20.99569379714882,15.959306202851177
2022-05-19,17.12,16.94,17.69,16.73,621.31M,1.06%,17.12,621310000.0,17.324,22.042199999999998,0.010625737898465104,0.058058965725984374,43.7987857762359,-1.3839775047197236,20.778167287529733,15.870832712470268
2022-05-20,16.69,17.33,17.41,15.76,739.11M,-2.51%,16.69,739110000.0,17.125,21.9228,-0.025116822429906538,0.05831174186621102,37.06739526411657,-1.3687613568830699,20.672524156603938,15.693475843396062
2022-05-23,16.9,16.27,16.91,16.18,639.89M,1.26%,16.9,639890000.0,17.119999999999997,21.8188,0.012582384661473878,0.05067563145276959,37.859712230215806,-1.324489316761671,20.44730909807576,15.618690901924243
2022-05-24,16.15,16.51,16.6,15.78,588.55M,-4.44%,16.15,588550000.0,16.976,21.7152,-0.044378698224852076,0.05068455190181373,31.23877917414721,-1.3345384099228355,20.427132054721895,15.374867945278103
2022-05-25,16.98,16.02,17.11,16.0,781.13M,5.14%,16.98,781130000.0,17.011000000000003,21.595399999999998,0.05139318885448918,0.050795352211457825,41.12595419847329,-1.2609923899217783,20.37584082144282,15.283159178557183
2022-05-26,17.85,16.04,18.09,16.02,996.57M,5.12%,17.85,996570000.0,17.178,21.462400000000002,0.051236749116607916,0.05163522770110857,46.29133154602324,-1.1195988712323803,20.10866699775226,15.357333002247737
2022-05-27,18.81,18.19,18.88,18.1,738.38M,5.38%,18.81,738380000.0,17.288000000000004,21.343200000000003,0.053781512605041826,0.04556078980226197,58.92514395393474,-0.9194803153220867,20.143238762453425,15.348761237546572
2022-05-31,18.67,18.98,19.2,18.35,664.10M,-0.74%,18.67,664100000.0,17.429,21.187600000000003,-0.0074428495481125845,0.0444830812004249,55.44354838709679,-0.7633819559584971,19.993999322290502,15.412000677709495
2022-06-01,18.32,18.72,19.05,18.12,544.51M,-1.87%,18.32,544510000.0,17.443,21.0194,-0.018746652383503037,0.0422489039665625,59.076262083780904,-0.6603033900074422,19.77300439007065,15.504995609929349
2022-06-02,19.59,18.29,19.62,18.2,648.66M,6.93%,19.59,648660000.0,17.708,20.8808,0.06932314410480345,0.039291221736610524,66.83119447186576,-0.4707084635214862,19.55776987129682,15.646230128703179
2022-06-03,18.72,19.08,19.33,18.52,598.78M,-4.44%,18.72,598780000.0,17.868,20.742600000000003,-0.0444104134762634,0.043636916595801635,55.332629355860604,-0.386202940337089,19.536454640161686,15.655545359838316
2022-06-06,18.79,19.14,19.34,18.56,422.41M,0.37%,18.79,422410000.0,18.077999999999996,20.5554,0.003739316239316226,0.04199289034842773,58.41584158415841,-0.31000969065885897,19.55546789285661,15.647532107143395
2022-06-07,18.93,18.47,19.0,18.19,388.91M,0.75%,18.93,388910000.0,18.281,20.3802,0.007450771687067537,0.0420259344590624,54.51263537906138,-0.23561315953592654,19.715177458839655,15.685822541160348
2022-06-08,18.65,18.8,19.18,18.54,363.25M,-1.48%,18.65,363250000.0,18.531,20.1888,-0.014791336502905539,0.038493540000304936,61.632653061224474,-0.19697641111157083,19.811248130461976,15.695751869538022
2022-06-09,18.05,18.48,18.93,18.04,395.57M,-3.23%,18.05,395570000.0,18.637999999999998,19.976599999999998,-0.03217158176943691,0.03882122643229795,55.98455598455598,-0.2123239568063191,19.815949881763952,15.833050118236049
2022-06-10,16.97,17.6,17.7,16.87,465.65M,-5.95%,16.97,465650000.0,18.55,19.7622,-0.059833795013850555,0.04054471303438287,51.6627078384798,-0.30808258711637393,19.746466467164478,15.981533532835519
2022-06-13,15.65,16.0,16.31,15.61,604.15M,-7.82%,15.65,604150000.0,18.233999999999998,19.5294,-0.07778432527990564,0.040944013113563826,43.44176285414481,-0.4848953876485673,19.8884338384168,15.633566161583209
2022-06-14,15.84,15.73,16.07,15.41,469.68M,1.21%,15.84,469680000.0,17.951,19.312,0.012140575079872207,0.041933114498598364,48.27201783723524,-0.602741366553861,19.97665694847275,15.403343051527251
2022-06-15,16.53,16.09,16.87,15.93,563.94M,4.36%,16.53,563940000.0,17.772,19.095399999999998,0.04356060606060619,0.04584505338874716,47.45186862967158,-0.6331592546813276,19.938353694972538,15.276646305027466
2022-06-16,15.6,15.86,15.94,15.4,545.75M,-5.60%,15.6,545750000.0,17.372999999999998,18.8888,-0.056261343012704246,0.03854022859579221,37.3453318335208,-0.7239634775198702,20.024168551494526,15.056831448505479
2022-06-17,15.88,15.65,15.99,15.33,630.33M,1.79%,15.88,630330000.0,17.089000000000002,18.7182,0.017948717948718107,0.039514435512799914,32.15590742996348,-0.7645199087749113,20.066100188754206,14.890899811245795
2022-06-21,16.57,16.47,17.01,16.41,483.09M,4.32%,16.57,483090000.0,16.867,18.5654,0.04345088161209065,0.043471358601003096,38.01369863013698,-0.7325396778918289,20.068341816606086,14.876658183393912
2022-06-22,16.36,16.23,16.66,16.18,438.00M,-1.24%,16.36,438000000.0,16.61,18.430200000000003,-0.012673506336753237,0.042952664487834254,38.63109048723898,-0.7158880476798153,20.077397254433276,14.813602745566723
2022-06-23,16.23,16.52,16.58,15.85,463.68M,-0.83%,16.23,463680000.0,16.368000000000002,18.316399999999998,-0.007946210268948595,0.042986834227393245,27.540106951871664,-0.7050540006740533,20.0733378881243,14.825662111875701
2022-06-24,17.13,16.5,17.14,16.31,472.15M,5.55%,17.13,472150000.0,16.276,18.229,0.05545286506469482,0.047344735758076954,39.41411451398135,-0.6167361119866435,20.076040402815053,14.837959597184948
2022-06-27,16.87,17.31,17.33,16.63,427.97M,-1.50%,16.87,427970000.0,16.266,18.1224,-0.015178050204319837,0.04346034524273747,37.53246753246755,-0.5612535939325589,20.032745401186812,14.78325459881319
2022-06-28,15.98,16.9,17.2,15.94,461.86M,-5.26%,15.98,461860000.0,16.299,18.0168,-0.05275637225844698,0.03895273772136708,32.54437869822485,-0.5823854832755657,19.878103862924235,14.654896137075767
2022-06-29,15.54,15.81,15.82,15.17,482.35M,-2.75%,15.54,482350000.0,16.269,17.892,-0.027534418022528206,0.03990166298300234,31.939605110336814,-0.6274046503303374,19.742525303521862,14.477474696478136
2022-06-30,15.16,15.36,15.57,14.86,686.07M,-2.46%,15.16,686070000.0,16.131999999999998,17.7512,-0.02445302445302444,0.037125537136627335,32.777115613825984,-0.6858395572783174,19.65706425646002,14.246935743539982
2022-07-01,14.52,14.9,15.06,14.39,577.61M,-4.20%,14.52,577610000.0,16.024,17.612000000000002,-0.04221635883905017,0.035318371417122595,34.59119496855345,-0.7748601874252721,19.311336933699444,14.085663066300556
2022-07-05,14.96,14.18,14.97,14.06,652.21M,3.04%,14.96,652210000.0,15.931999999999999,17.5076,0.030303030303030498,0.03646944515445326,45.120226308345124,-0.800675664749237,19.050988763583373,13.970011236416628
2022-07-06,15.13,15.01,15.32,14.79,529.07M,1.11%,15.13,529070000.00000006,15.788,17.4198,0.011363636363636465,0.03293885917532092,44.964539007092206,-0.7982157035101878,18.69823273150078,13.956767268499219
2022-07-07,15.86,15.46,15.94,15.39,492.90M,4.81%,15.86,492900000.0,15.738000000000003,17.339000000000002,0.04824851288830123,0.0374229889833333,45.27503526093088,-0.7289582899638081,18.209013513468307,14.13898648653169
2022-07-08,15.84,15.43,16.04,15.39,467.97M,-0.13%,15.84,467970000.0,15.698999999999998,17.28,-0.0012610340479192184,0.03737400524861895,51.941747572815544,-0.6679850082398495,17.70412893924121,14.362871060758792
2022-07-11,15.15,15.53,15.53,15.04,438.39M,-4.33%,15.15,438390000.0,15.501,17.2148,-0.04356060606060608,0.03342723311471962,44.46130500758725,-0.6676442888465495,17.306508611063858,14.47049138893614
2022-07-12,15.08,15.27,15.43,14.88,458.48M,-0.46%,15.08,458480000.0,15.322,17.1208,-0.0046204620462045876,0.03347202867527967,37.520938023450576,-0.6653529071128084,17.15947504746948,14.42852495253052
2022-07-13,15.16,14.59,15.38,14.47,521.92M,0.54%,15.16,521919999.99999994,15.24,17.053,0.0053050397877985045,0.030235638359110376,39.726027397260275,-0.6495935293201285,17.163146863070406,14.37585313692959
2022-07-14,15.37,15.11,15.47,14.73,456.24M,1.37%,15.37,456240000.0,15.223000000000003,16.9698,0.01385224274406327,0.02961049888763867,42.73648648648648,-0.6130915264418775,17.150450070311727,14.341549929688272
2022-07-15,15.76,15.66,15.78,15.44,385.94M,2.54%,15.76,385940000.0,15.282999999999998,16.893,0.025374105400130187,0.02936135441658988,37.33826247689465,-0.5463951820051598,17.062815073098147,14.35218492690185
2022-07-18,16.1,16.3,16.9,16.0,670.52M,2.15%,16.1,670520000.0,15.440999999999999,16.8084,0.021573604060913798,0.024696368053508583,42.9872495446266,-0.4607909784492694,17.09787444256866,14.367125557431345
2022-07-19,16.99,16.49,17.11,16.17,702.37M,5.53%,16.99,702370000.0,15.644,16.7714,0.05527950310558993,0.027952288524254736,59.19854280510017,-0.3174738277607574,17.264348268710652,14.31165173128935
2022-07-20,17.81,16.95,17.93,16.8,760.54M,4.80%,17.81,760540000.0,15.912,16.754,0.04826368452030616,0.030046611515208706,69.33560477001704,-0.13615727006736122,17.55159058716085,14.148409412839149
2022-07-21,18.05,17.89,18.14,17.54,557.05M,1.36%,18.05,557050000.0,16.130999999999997,16.776,0.013475575519371175,0.027947328193105952,75.21815008726003,0.02659681097524569,17.89141997523463,13.97758002476537
2022-07-22,17.32,17.89,17.97,17.14,536.67M,-4.05%,17.32,536669999.99999994,16.279000000000003,16.7706,-0.04044321329639888,0.032587668175224134,74.05498281786942,0.09557397633939502,18.039067007890406,13.938932992109592
2022-07-25,17.02,17.02,17.12,16.65,480.75M,-1.70%,17.02,480750000.0,16.466,16.7784,-0.01732101616628179,0.028665347178087715,68.13380281690141,0.12459512895985725,18.021231194503155,13.945768805496847
2022-07-26,16.53,16.89,16.92,16.48,397.86M,-2.88%,16.53,397860000.0,16.610999999999997,16.7854,-0.028789659224441766,0.031141314477131008,61.66666666666667,0.10682429264871018,17.978603115490614,13.954396884509384
2022-07-27,17.79,17.03,17.94,16.91,569.78M,7.60%,17.79,569780000.0,16.874000000000002,16.787,0.07622504537205077,0.037472116282629794,64.77794793261869,0.1921967224032386,18.22819031142359,13.885809688576407
2022-07-28,17.98,17.98,18.14,17.44,474.65M,1.09%,17.98,474650000.0,17.134999999999998,16.801399999999997,0.010680157391793177,0.037512766482540504,65.97014925373136,0.2720503728103125,18.497110846084684,13.860889153915311
2022-07-29,18.16,17.81,18.24,17.69,435.46M,1.00%,18.16,435460000.0,17.375,16.801,0.010011123470522687,0.03742032473131803,74.31340872374798,0.34587245933653676,18.755206916155053,13.902793083844946
2022-08-01,18.44,18.18,18.85,17.99,476.47M,1.53%,18.44,476470000.0,17.609,16.831,0.01541850220264318,0.03734882716616134,76.25,0.42210489226350134,18.9691681396204,14.080831860379595
2022-08-02,18.53,18.12,18.94,18.09,489.53M,0.46%,18.53,489530000.0,17.762999999999998,16.859199999999998,0.0048806941431669415,0.03449282489421369,76.28705148205928,0.48420033239416327,19.187548266333067,14.219451733666936
2022-08-03,18.89,18.18,18.97,18.14,418.15M,1.98%,18.89,418150000.0,17.871000000000002,16.9032,0.019427954668105762,0.031981933117264515,76.82926829268294,0.5560506022128386,19.44236590045496,14.340634099545042
2022-08-04,19.22,18.85,19.27,18.76,409.65M,1.70%,19.22,409650000.0,17.988000000000003,16.9496,0.017469560614081336,0.032105416591208906,76.61538461538461,0.6323315759771795,19.76237546688195,14.356624533118051
2022-08-05,18.99,18.81,19.23,18.67,386.07M,-1.18%,18.99,386070000.0,18.154999999999998,17.0064,-0.01196670135275757,0.02851609185677816,72.61345852895147,0.6665422354680217,19.986944707789153,14.447055292210843
2022-08-08,17.79,17.5,18.24,17.24,983.78M,-6.30%,17.79,983780000.0,18.232,17.0226,-0.06319115323854652,0.03602813490101199,55.97014925373135,0.5900230400780195,19.950707131865272,14.747292868134728
2022-08-09,17.09,17.25,17.45,16.72,668.26M,-3.97%,17.09,668260000.0,18.288,17.0074,-0.03934794828555366,0.03726249196951013,44.52887537993922,0.46750773838980564,19.82786277167358,15.071137228326421
2022-08-10,18.1,17.7,18.12,17.32,597.42M,5.92%,18.1,597420000.0,18.319,16.993199999999998,0.059098888238736214,0.0338053155571457,50.340136054421784,0.44676204346724546,19.729847012017224,15.463152987982774
2022-08-11,17.94,18.13,18.71,17.88,509.33M,-0.86%,17.94,509330000.0,18.315,16.9786,-0.008839779005524906,0.03382788662312808,54.572271386430685,0.4126534557818502,19.5858713295824,15.864128670417601
2022-08-12,18.71,18.16,18.72,17.95,478.09M,4.27%,18.71,478090000.0,18.369999999999997,16.9864,0.04292084726867329,0.03638240523487985,61.65517241379312,0.4426521012615936,19.534608679706746,16.21039132029325
2022-08-15,19.03,18.7,19.16,18.61,457.67M,1.73%,19.03,457670000.0,18.429000000000002,16.9752,0.017103153393907,0.03644711931579483,67.65536723163842,0.4866379106686658,19.53322587482799,16.504774125172005
2022-08-16,18.88,18.92,19.14,18.5,451.24M,-0.80%,18.88,451240000.0,18.464000000000002,16.9784,-0.0078822911192854,0.03662636666702702,59.12897822445561,0.5035881840141698,19.592835199195083,16.63416480080492
2022-08-17,18.33,18.52,18.69,18.15,446.80M,-2.88%,18.33,446800000.0,18.407999999999998,16.9692,-0.029131355932203395,0.037341647991898784,52.7646129541864,0.46725477214510036,19.614648163833643,16.66435183616636
2022-08-18,18.77,18.3,18.86,18.18,415.45M,2.39%,18.77,415450000.0,18.363,16.965999999999998,0.024004364429896397,0.037782129694793394,54.62822458270105,0.4685632982061385,19.67636957250882,16.67463042749118
2022-08-19,17.85,18.41,18.52,17.77,441.59M,-4.92%,17.85,441590000.0,18.249000000000002,16.95,-0.04901438465636643,0.0406088083516411,45.91977869986169,0.3908584306105851,19.657293061460628,16.746706938539376
2022-08-22,17.03,17.49,17.56,16.97,409.59M,-4.57%,17.03,409590000.0,18.173,16.9296,-0.045938375350140115,0.0381756459148772,40.57788944723618,0.26011121604870624,19.656089024666244,16.74891097533375
2022-08-23,17.18,16.99,17.47,16.97,369.99M,0.86%,17.18,369990000.0,18.182000000000002,16.9338,0.008807985907222537,0.036163905363030484,38.96774193548386,0.166675521266054,19.553970890704154,16.916029109295845
2022-08-24,17.22,17.01,17.41,16.9,522.66M,0.24%,17.22,522659999.99999994,18.094,16.9652,0.002328288707799775,0.029976407953752907,36.59517426273459,0.09476236414271355,19.58905712740013,16.823942872599865
2022-08-25,17.91,16.84,17.95,16.83,770.69M,4.01%,17.91,770690000.0,18.091,17.006600000000002,0.04006968641114983,0.033035251418224845,43.18181818181819,0.09238296908433341,19.588323067013103,16.817676932986895
2022-08-26,16.26,17.86,17.92,16.24,769.13M,-9.23%,16.26,769130000.0,17.845999999999997,17.0012,-0.09212730318257945,0.04045801167573444,40.860215053763454,-0.04215795831564151,19.74370168429289,16.47229831570711
2022-08-29,15.8,16.02,16.34,15.77,496.13M,-2.82%,15.8,496130000.0,17.523000000000003,17.0052,-0.02829028290282909,0.039210302948543635,42.06642066420665,-0.18378224094165674,19.899641283990416,16.052358716009582
2022-08-30,15.47,15.96,16.04,15.18,530.18M,-2.11%,15.47,530179999.99999994,17.182,16.997,-0.02088607594936709,0.03906324342040948,32.348993288590606,-0.31897183854389866,20.02738892356009,15.61861107643991
2022-08-31,15.09,15.38,15.54,14.96,573.71M,-2.42%,15.09,573710000.0,16.858,16.9674,-0.024563671622495176,0.03895840899531767,31.421121251629714,-0.45156799804942693,20.0906677005475,15.175332299452501
2022-09-01,13.94,14.21,14.38,13.27,1.18B,-7.67%,13.94,1180000000.0,16.375,16.918999999999997,-0.07620941020543404,0.0396751702597651,20.372670807453417,-0.6420456956899478,20.2128809657521,14.525119034247902
2022-09-02,13.65,14.1,14.17,13.59,743.16M,-2.08%,13.65,743160000.0,15.955000000000002,16.8674,-0.020803443328550886,0.039059114864159784,16.45885286783043,-0.8070975021525797,20.28729251734457,13.91670748265543
2022-09-06,13.47,13.73,13.78,13.35,535.75M,-1.33%,13.47,535750000.0,15.599,16.7942,-0.01318681318681314,0.03854905149728188,16.39751552795032,-0.9415728775617325,20.439467691083973,13.332532308916026
2022-09-07,13.71,13.56,13.84,13.35,512.66M,1.85%,13.71,512659999.99999994,15.251999999999999,16.731,0.017817371937639104,0.039456301491879786,20.15503875968993,-1.0170556032804523,20.540831641305797,12.893168358694208
2022-09-08,13.99,13.46,14.01,13.37,624.87M,2.01%,13.99,624870000.0,14.928999999999998,16.691200000000002,0.020423048869438354,0.04105726663050847,18.46965699208441,-1.0422679313702723,20.462043067264872,12.560956932735131
2022-09-09,14.39,14.16,14.47,14.13,487.13M,2.84%,14.39,487130000.0,14.577000000000002,16.6682,0.028591851322373074,0.03932212864443684,25.495750708215283,-1.018234650741265,20.333007245225645,12.334992754774357
2022-09-12,14.51,14.37,14.55,14.2,484.16M,0.82%,14.51,484160000.0,14.402000000000001,16.6552,0.008339124391938846,0.031078810290167968,30.188679245282998,-0.9782286941146499,20.037858777001873,12.210141222998132
2022-09-13,13.13,13.8,13.92,13.1,714.96M,-9.47%,13.13,714960000.0,14.135,16.6274,-0.09510682288077177,0.04087657627228509,23.320158102766797,-1.0458225606423497,19.709872934900204,11.948127065099795
2022-09-14,13.13,13.25,13.29,12.91,588.51M,0.00%,13.13,588510000.0,13.901,16.590799999999998,0.0,0.04121981059280393,22.91390728476823,-1.0868625123590103,19.321320519269875,11.761679480730125
2022-09-15,12.93,13.02,13.23,12.79,523.62M,-1.52%,12.93,523620000.0,13.684999999999999,16.5468,-0.01523229246001534,0.041096508286313796,14.730878186968823,-1.1225848390617053,18.983490670360176,11.559509329639823
2022-09-16,13.2,12.74,13.21,12.62,670.75M,2.08%,13.2,670750000.0,13.611,16.4936,0.02088167053364276,0.03606873749094014,23.063380281690115,-1.116240965805277,18.425047723873647,11.560952276126354
2022-09-19,13.38,13.01,13.46,13.01,569.68M,1.39%,13.38,569680000.0,13.584,16.4444,0.013636363636363669,0.036017999928893575,27.592592592592595,-1.0841910256094422,17.994086305575365,11.544913694424633
2022-09-20,13.18,13.21,13.48,13.06,524.82M,-1.54%,13.18,524820000.00000006,13.555000000000001,16.405,-0.014947683109118204,0.03608635497332046,28.27324478178369,-1.0626796362752753,17.6911720197221,11.462827980277904
2022-09-21,13.26,13.21,14.03,13.11,807.68M,0.65%,13.26,807680000.0,13.51,16.3686,0.006069802731411222,0.03557302681358036,31.589537223340045,-1.027333908035967,17.29219002616113,11.469809973838872
2022-09-22,12.56,13.07,13.15,12.43,759.16M,-5.28%,12.56,759160000.0,13.367,16.3166,-0.05279034690799389,0.037745137525002685,34.734513274336294,-1.0437743328281233,16.84016093989843,11.45583906010157
2022-09-23,12.52,12.42,12.61,12.26,663.31M,-0.36%,12.52,663310000.0,13.180000000000001,16.2596,-0.0031847133757962887,0.0353943693240285,36.768149882903984,-1.0479510265219414,16.0046210046267,11.752378995373306
2022-09-26,12.23,12.49,12.66,12.21,547.34M,-2.30%,12.23,547340000.0,12.952000000000002,16.189,-0.02316293929712454,0.03465517550687758,35.84474885844749,-1.0624148061792411,15.60768408928821,11.746315910711786
2022-09-27,12.41,12.51,12.74,12.26,553.85M,1.51%,12.41,553850000.0,12.88,16.1152,0.014717906786590351,0.02204203709802776,34.953703703703695,-1.0472805616807825,15.238296895865007,11.776703104134997
2022-09-28,12.74,12.41,12.82,12.35,542.41M,2.60%,12.74,542410000.0,12.841,16.0302,0.02659145850120881,0.024258584954318416,35.69794050343249,-0.9971636400745165,14.864450966544533,11.877549033455468
2022-09-29,12.22,12.45,12.5,11.95,532.76M,-4.05%,12.22,532760000.0,12.77,15.918399999999998,-0.04081632653061218,0.026924790715935048,25.835189309576847,-0.988016038929155,14.569327112559268,11.885672887440734
2022-09-30,12.14,12.09,12.63,12.07,565.64M,-0.66%,12.14,565640000.0,12.664,15.8002,-0.006546644844517169,0.025309892288951794,23.37078651685394,-0.975971439297556,14.518984708565082,11.756015291434917
2022-10-03,12.51,12.35,12.68,12.1,547.48M,3.07%,12.51,547480000.0,12.577000000000002,15.703999999999999,0.030477759472817167,0.027387785573469662,40.988372093023244,-0.9258969360044507,14.46701361334794,11.693986386652062
2022-10-04,13.17,12.88,13.22,12.88,584.18M,5.23%,13.17,584180000.0,12.576,15.627,0.052757793764988126,0.03285230794342214,50.48780487804877,-0.8234636706209137,14.440716346615746,11.690283653384254
2022-10-05,13.21,12.91,13.32,12.62,507.13M,0.32%,13.21,507130000.0,12.571,15.560599999999999,0.0030372057706911093,0.03280823872389978,53.5532994923858,-0.7306346032050826,14.384202269653828,11.696797730346171
2022-10-06,13.13,13.22,13.66,13.1,644.16M,-0.60%,13.13,644160000.0,12.628,15.4674,-0.006056018168054456,0.027302348778617407,49.066666666666684,-0.6559607229994597,14.26621464171595,11.728785358284048
2022-10-07,12.08,12.51,12.67,12.02,672.48M,-8.03%,12.08,672480000.0,12.584,15.349400000000001,-0.07996953541508,0.038352833013670956,35.93073593073592,-0.6737408940862295,14.031985812269108,11.732014187730892
2022-10-10,11.67,12.04,12.12,11.41,698.70M,-3.36%,11.67,698700000.0,12.528,15.219599999999998,-0.03394039735099341,0.03912917139647156,34.36853002070394,-0.712699821358358,13.734405402872676,11.745594597127324
2022-10-11,11.59,11.56,11.85,11.28,667.48M,-0.72%,11.59,667480000.0,12.446,15.0826,-0.006855184233076295,0.0385748524507751,32.71221532091097,-0.7414830285218965,13.763126308537373,11.562873691462627
2022-10-12,11.5,11.58,11.73,11.35,492.59M,-0.74%,11.5,492590000.0,12.322,14.942,-0.007765314926660882,0.03682688952717342,37.44075829383886,-0.7627635124417953,13.773619298162677,11.389380701837327
2022-10-13,11.96,10.97,12.08,10.81,850.10M,4.00%,11.96,850100000.0,12.296000000000001,14.803400000000002,0.040000000000000036,0.03805452963888247,43.965517241379324,-0.7340486378782796,13.744195147038566,11.321804852961433
2022-10-14,11.23,12.06,12.11,11.2,713.43M,-6.13%,11.23,713430000.0,12.205000000000002,14.643600000000001,-0.06103678929765888,0.04250109824572519,40.15748031496063,-0.7614196206233483,13.734467206063817,11.134532793936183
2022-10-17,11.89,11.52,11.95,11.52,580.77M,5.89%,11.89,580770000.0,12.143,14.501600000000002,0.05877114870881561,0.046061100371012034,45.32374100719424,-0.7215374034507036,13.601272691529187,11.118727308470811
2022-10-18,11.97,12.34,12.49,11.62,659.36M,0.66%,11.97,659360000.0,12.023,14.385200000000003,0.006728343145500526,0.04185513695101105,42.74952919020716,-0.6756862372504724,13.489377923857525,11.109622076142475
2022-10-19,12.05,11.88,12.35,11.83,523.13M,0.70%,12.05,523130000.0,11.907,14.2844,0.006683375104427736,0.04198451075111841,48.25462012320329,-0.6256810644468676,13.34321012493062,11.134789875069382
2022-10-20,12.19,12.11,12.77,12.1,652.40M,1.19%,12.19,652400000.0,11.812999999999999,14.166199999999998,0.011618257261410747,0.042460847922271845,50.507099391480715,-0.568204862797927,13.314415709251248,11.12658429074875
2022-10-21,12.47,12.1,12.5,11.89,609.49M,2.23%,12.47,609490000.0,11.852,14.0568,0.022969647251845915,0.03440465840325938,49.586776859504134,-0.4943621992519116,13.30925905072479,11.12674094927521
2022-10-24,12.6,12.51,12.71,12.06,517.46M,1.07%,12.6,517460000.00000006,11.944999999999999,13.9346,0.010425020048115297,0.03176858376668771,43.38747099767981,-0.42050413294945876,13.341079462724604,11.131920537275395
2022-10-25,13.26,12.69,13.3,12.66,505.48M,5.25%,13.26,505480000.0,12.112,13.8192,0.05238095238095242,0.03409636618451159,50.507099391480715,-0.30519648404640165,13.473441512304003,11.084558487695997
2022-10-26,12.9,12.87,13.39,12.71,535.53M,-2.75%,12.9,535530000.0,12.252,13.6996,-0.02714932126696823,0.03597534115917486,47.79270633397312,-0.24009565958906265,13.496490540856083,11.077509459143918
2022-10-27,13.18,13.63,13.84,13.12,583.11M,2.17%,13.18,583110000.0,12.373999999999999,13.5966,0.021705426356589008,0.03484862648457347,62.387387387387385,-0.1640184249334382,13.607833556737553,11.062166443262445
2022-10-28,13.83,13.1,13.85,13.06,521.04M,4.99%,13.83,521039999.99999994,12.633999999999999,13.4978,0.04931714719271629,0.026126448786125592,73.07692307692308,-0.050692746215402096,13.85217838973732,10.986821610262682
2022-10-31,13.5,13.78,13.84,13.3,486.34M,-2.44%,13.5,486340000.0,12.794999999999998,13.4108,-0.02386117136659438,0.026041405412745196,69.3711967545639,0.01234808749491556,13.981055415302835,10.956944584697167
2022-11-01,13.54,13.81,13.93,13.52,432.82M,0.34%,13.54,432820000.0,12.951999999999998,13.341000000000001,0.002962962962962834,0.02617038096591792,70.90163934426229,0.06478921832214546,14.044066734836402,10.930933265163599
2022-11-02,13.22,13.85,14.21,13.21,672.63M,-2.39%,13.22,672630000.0,13.068999999999999,13.2618,-0.023633677991137247,0.02858970417081212,63.29113924050633,0.07961017018596195,14.04555003298848,10.93044996701152
2022-11-03,13.42,13.04,13.78,12.96,500.06M,1.53%,13.42,500060000.0,13.191999999999998,13.185800000000002,0.015128593040847127,0.028637745496766488,76.00950118764848,0.10626920460706124,14.090320419383055,10.914679580616944
2022-11-04,14.16,13.99,14.23,13.7,612.58M,5.48%,14.16,612580000.0,13.361,13.1108,0.055141579731743606,0.03187745842971086,76.45687645687649,0.18497620645143265,14.343288021486268,10.869711978513733
2022-11-07,14.3,14.23,14.41,13.95,410.06M,1.02%,14.3,410060000.0,13.531,13.0716,0.009887005649717562,0.03188319411142168,76.78160919540232,0.25570133659786265,14.571783549185229,10.90421645081477
2022-11-08,14.6,14.8,14.89,14.22,595.29M,2.10%,14.6,595290000.0,13.665000000000001,13.0476,0.020979020979020824,0.029011192862460886,77.89934354485779,0.33213041193653936,14.817189492348088,10.959810507651909
2022-11-09,13.78,14.16,14.21,13.76,454.41M,-5.66%,13.78,454410000.0,13.753,13.013800000000002,-0.05616438356164388,0.03414199323177489,65.14285714285715,0.32281267424534477,14.85359782504705,11.151402174952953
2022-11-10,15.75,14.8,15.77,14.55,700.82M,14.33%,15.75,700820000.0,14.01,13.027000000000001,0.14296081277213357,0.05502970936509277,73.63112391930837,0.4689846726440354,15.345084445993262,11.038915554006742
2022-11-11,16.33,15.81,16.39,15.48,655.49M,3.66%,16.33,655490000.0,14.26,13.0748,0.03682539682539665,0.054410192498811856,75.23680649526388,0.6244301452054692,15.81863146156244,11.075368538437559
2022-11-14,16.3,16.22,16.54,15.92,527.85M,-0.20%,16.3,527850000.0,14.540000000000001,13.127800000000002,-0.0018371096142068,0.05295267556961503,72.48520710059174,0.7367087331643649,16.241048645659923,11.093951354340076
2022-11-15,16.67,16.72,17.0,16.38,545.88M,2.28%,16.67,545880000.0,14.853,13.1918,0.022699386503067576,0.05260446102937241,77.84342688330875,0.8457964162300033,16.67412217368877,11.130877826311227
2022-11-16,15.91,16.16,16.36,15.87,649.55M,-4.54%,15.91,649550000.0,15.122000000000003,13.2358,-0.045590881823635354,0.05512780190258175,68.82758620689657,0.8609984879625685,16.861545819158323,11.329454180841678
2022-11-17,15.68,15.72,16.27,15.53,710.89M,-1.46%,15.68,710890000.0,15.347999999999999,13.2696,-0.014456316781898182,0.05620184401439535,63.54319180087848,0.8447494160953468,16.96943463866419,11.570565361335813
2022-11-18,15.41,15.97,16.0,15.12,492.07M,-1.71%,15.41,492070000.0,15.472999999999999,13.29,-0.01721938775510201,0.05540440607475974,64.10635155096013,0.8008534262723632,17.02227481124434,11.811725188755656
2022-11-21,15.32,15.15,15.48,15.08,404.74M,-0.60%,15.32,404740000.0,15.575,13.3062,-0.005840363400389403,0.055624709815958504,63.04985337243403,0.7501559593025338,17.04020599955241,12.065794000447593
2022-11-22,16.04,15.33,16.06,15.12,472.87M,4.71%,16.04,472870000.0,15.719,13.3644,0.04699738903394257,0.05688131907366767,69.52908587257618,0.7593228332230115,17.18566861428973,12.198331385710263
2022-11-23,16.52,16.1,16.53,16.05,427.24M,3.00%,16.52,427240000.0,15.993,13.4322,0.029925187032419087,0.0519115850882561,70.66666666666667,0.7961422035798176,17.344412125635014,12.401587874364989
2022-11-25,16.27,16.32,16.49,16.17,167.93M,-1.51%,16.27,167930000.0,16.044999999999998,13.498999999999999,-0.015133171912832921,0.02923826145384154,65.04992867332382,0.7959734230493396,17.43889291478444,12.616107085215562
2022-11-28,15.83,16.03,16.36,15.73,304.15M,-2.72%,15.83,304150000.0,15.995000000000001,13.5516,-0.02704363859864778,0.028138134591058822,60.46511627906977,0.7516705502912782,17.495282662501143,12.75971733749886
2022-11-29,15.64,15.83,15.93,15.52,298.38M,-1.19%,15.64,298380000.0,15.928999999999998,13.5968,-0.012002526847757378,0.028284734986590274,57.22222222222223,0.6932375810330687,17.483022087715895,12.985977912284106
2022-11-30,16.92,15.7,16.93,15.6,565.30M,8.21%,16.92,565300000.0,15.954000000000002,13.671599999999998,0.08184143222506401,0.03869930355977615,70.49608355091385,0.7416648833973429,17.62367803932807,13.183321960671927
2022-12-01,17.14,17.0,17.26,16.64,470.98M,1.25%,17.14,470980000.0,16.076999999999998,13.749199999999998,0.013002364066193817,0.034919353284104455,61.75972927241964,0.7887043381454486,17.696771159337366,13.502228840662635
2022-12-02,16.88,16.66,16.93,16.44,371.39M,-1.51%,16.88,371390000.0,16.197,13.8356,-0.015169194865811031,0.034970997237390354,54.91949910554562,0.795829787442166,17.674519702150118,13.87048029784988
2022-12-05,16.61,16.68,17.0,16.47,352.26M,-1.58%,16.61,352260000.0,16.317,13.9174,-0.015995260663507094,0.03487517129067709,52.65866209262434,0.7708046575470906,17.67116381416119,14.118836185838807
2022-12-06,15.99,16.53,16.57,15.82,352.69M,-3.75%,15.99,352690000.0,16.384,13.9926,-0.03732691149909684,0.03758545452064539,44.407894736842096,0.6929552861757688,17.589161291602363,14.369838708397634
2022-12-07,16.12,15.77,16.19,15.67,372.39M,0.83%,16.12,372390000.0,16.392000000000003,14.0668,0.008130081300813163,0.03464409152076117,51.926605504587165,0.6344356329797094,17.52866308455072,14.582336915449286
2022-12-08,17.17,16.27,17.18,15.96,515.46M,6.51%,17.17,515460000.00000006,16.457,14.155400000000002,0.06513647642679898,0.039374480169431,61.881977671451374,0.6651175499004083,17.32983149465323,15.12016850534677
2022-12-09,17.0,17.16,17.58,16.98,465.34M,-0.98%,17.0,465340000.0,16.53,14.251000000000001,-0.00990099009901002,0.039117879736871246,62.88492706645056,0.668015148058787,17.420263272523297,15.154736727476706
2022-12-12,17.53,17.04,17.54,16.8,457.33M,3.14%,17.53,457330000.0,16.7,14.3588,0.03117647058823536,0.03812772182255111,66.71709531013616,0.7049518400853341,17.60949299355749,15.085507006442507
2022-12-13,18.07,18.53,18.79,17.71,656.59M,3.06%,18.07,656590000.0,16.943,14.47,0.03080433542498562,0.037672341410040985,65.78538102643857,0.768934127683508,17.913770725040994,14.958229274959004
2022-12-14,17.67,17.99,18.25,17.42,496.89M,-2.20%,17.67,496890000.0,17.018,14.56,-0.022136137244050835,0.030980921328886236,59.05511811023623,0.7783910865973667,18.061542012000206,14.910457987999795
2022-12-15,16.95,17.15,17.32,16.7,478.54M,-4.09%,16.95,478540000.0,16.999000000000002,14.6348,-0.04074702886247894,0.0339177338221356,54.98533724340175,0.7194939337623829,18.102105259615414,14.973894740384589
2022-12-16,16.57,16.86,17.04,16.41,478.23M,-2.25%,16.57,478230000.0,16.968,14.703600000000002,-0.022418879056047114,0.034338542373961875,55.47337278106509,0.6348366894185951,18.09356619730251,15.071433802697488
2022-12-19,16.25,16.57,16.61,16.15,354.04M,-1.91%,16.25,354040000.0,16.932,14.787,-0.01931200965600488,0.03451153888718586,54.42670537010159,0.5357481169051574,18.04215521752934,15.206844782470661
2022-12-20,16.08,16.06,16.31,15.85,403.26M,-1.04%,16.08,403260000.0,16.941,14.875200000000001,-0.010461538461538522,0.03240807764510509,42.733564013840805,0.4384479747147978,17.969338289838554,15.355661710161447
2022-12-21,16.5,16.11,16.63,16.1,325.02M,2.59%,16.5,325020000.0,16.979000000000003,14.973400000000002,0.026119402985074647,0.03333227001030406,44.64882943143814,0.3907233849677674,17.962049213597158,15.408950786402844
2022-12-22,15.34,16.09,16.14,14.88,565.04M,-7.04%,15.34,565040000.0,16.796,15.0502,-0.07030303030303031,0.0327112593303119,38.80813953488374,0.25634402394126,18.037274703188494,15.215725296811506
2022-12-23,15.21,15.2,15.34,14.88,349.33M,-0.87%,15.21,349330000.0,16.617,15.1152,-0.008474576271186418,0.032718326825171604,39.61424332344215,0.1377693789895389,18.11431693984197,15.032683060158037
2022-12-27,14.12,15.07,15.1,14.06,464.90M,-7.14%,14.12,464900000.0,16.276,15.173,-0.07166337935568712,0.03426261324710556,37.031900138696265,-0.04365257222892893,18.357293139693176,14.618706860306823
2022-12-28,14.04,13.93,14.26,13.88,351.07M,-0.60%,14.04,351070000.0,15.873000000000001,15.216,-0.005665722379603388,0.02980314715642495,35.474860335195544,-0.19167657877070177,18.54751888344794,14.268481116552064
2022-12-29,14.6,14.4,14.68,14.23,354.92M,4.04%,14.6,354920000.0,15.565999999999999,15.2686,0.03988603988603989,0.03613266863627302,30.734632683658177,-0.2607930901208597,18.562215385097986,14.021784614902018
2022-12-30,14.61,14.33,14.63,14.23,310.49M,0.08%,14.61,310490000.0,15.331999999999999,15.3198,0.00068493150684934,0.03564541875609111,31.643625192012294,-0.3111744811772983,18.517247166861456,13.813752833138548
2023-01-03,14.31,14.85,15.0,14.1,401.28M,-2.05%,14.31,401280000.0,15.106,15.362199999999998,-0.02053388090349073,0.03560185413447698,24.363057324840767,-0.3710325570058206,18.50246760804408,13.57153239195592
2023-01-04,14.75,14.57,14.85,14.24,431.32M,3.03%,14.75,431320000.0,14.956,15.4078,0.030747728860936352,0.0381927953342986,23.1391585760518,-0.3786019035152819,18.458299316435973,13.429700683564027
2023-01-05,14.27,14.49,14.56,14.15,389.17M,-3.28%,14.27,389170000.0,14.775,15.441200000000002,-0.032542372881355974,0.03892020492770712,22.843450479233226,-0.41850834988576757,18.480988251674013,13.235011748325988
2023-01-06,14.86,14.47,15.01,14.03,405.04M,4.16%,14.86,405040000.0,14.610999999999999,15.473199999999999,0.041345480028030845,0.04079402256702391,32.95269168026101,-0.39793923123146513,18.4518006085672,13.138199391432796
2023-01-09,15.63,15.28,16.06,15.14,504.23M,5.18%,15.63,504230000.0,14.639999999999997,15.527800000000003,0.05181695827725452,0.03885285194103487,42.791411042944794,-0.31586440343984457,18.2950779045878,13.1409220954122
2023-01-10,15.91,15.51,15.96,15.47,384.10M,1.80%,15.91,384100000.0,14.710000000000003,15.5824,0.01791426743442104,0.038916213579486214,47.376543209876544,-0.2256249867547897,18.171602868703527,13.155397131296471
2023-01-11,16.0,15.84,16.03,15.56,353.28M,0.58%,16.0,353280000.0,14.898000000000001,15.625800000000002,0.0056568196103079504,0.02813615162723932,49.37500000000001,-0.14517387696729678,17.944189227158155,13.229810772841844
2023-01-12,16.51,16.1,16.64,15.49,551.41M,3.19%,16.51,551410000.0,15.145,15.686000000000002,0.0318750000000001,0.027882475284167207,50.07704160246535,-0.03980421685496083,17.609505202388714,13.408494797611286
2023-01-13,16.9,16.28,16.92,16.17,447.29M,2.35%,16.9,447290000.0,15.375,15.7532,0.023622047244094224,0.026833390558714552,63.636363636363626,0.07431508057612746,17.42755982481212,13.513440175187883
2023-01-17,17.7,16.9,17.73,16.9,511.10M,4.75%,17.7,511100000.0,15.684000000000001,15.842800000000002,0.047337278106508895,0.028083081252546875,69.48356807511736,0.22669555485317971,17.60795087661817,13.408049123381831
2023-01-18,17.38,17.67,17.87,17.28,439.62M,-1.84%,17.38,439620000.0,15.991,15.922,-0.01807909604519775,0.027700200367590053,79.00355871886121,0.31797147567020545,17.762819665031735,13.334180334968266
2023-01-19,16.76,17.04,17.2,16.73,452.93M,-3.52%,16.76,452930000.0,16.192,15.974,-0.035673187571921616,0.03239420856679949,72.07792207792211,0.33640165322576365,17.83361710776032,13.314382892239687
2023-01-20,17.84,17.01,17.86,16.83,564.97M,6.41%,17.84,564970000.0,16.549,16.0448,0.06443914081145574,0.03164439734911536,74.25149700598804,0.43316146010575096,18.131891112025393,13.19210888797461
2023-01-23,19.19,18.06,19.25,17.82,655.16M,7.59%,19.19,655160000.0,16.982000000000003,16.1366,0.0756726457399104,0.03548172896557199,78.55361596009978,0.6117264203666437,18.711414641703918,12.881585358296082
2023-01-24,19.26,18.83,19.5,18.82,496.20M,0.38%,19.26,496200000.0,17.345,16.246199999999998,0.0036477331943720603,0.03492181735413885,81.77150192554559,0.7502405468346751,19.28135118320394,12.703648816796061
2023-01-25,19.32,18.91,19.37,18.58,449.54M,0.30%,19.32,449540000.0,17.686,16.3176,0.0031152647975076775,0.03540750244764185,80.83670715249664,0.8549995855565271,19.781409725827714,12.614590274172286
2023-01-26,19.8,19.7,20.17,19.28,489.54M,2.48%,19.8,489540000.0,18.066,16.387,0.024844720496894457,0.0350522713001708,87.31443994601892,0.9656227687653143,20.266653776836797,12.697346223163208
2023-01-27,20.36,19.46,20.63,19.41,542.14M,2.84%,20.36,542140000.0,18.451,16.4682,0.028282828282828243,0.03495902252781737,87.26287262872631,1.0859614704956684,20.774656093278516,12.82134390672148
2023-01-30,19.16,19.95,20.14,19.15,488.61M,-5.91%,19.16,488610000.0,18.677,16.518,-0.058939096267190516,0.04323063714686131,72.59923175416135,1.0721418040964217,20.994923491856337,13.057076508143663
2023-01-31,19.54,19.17,19.69,18.95,498.02M,1.96%,19.54,498020000.0,18.861,16.590600000000002,0.019832985386221136,0.04168340139544291,72.9456384323641,1.0794096802326685,21.221958990265378,13.323041009734625
2023-02-01,20.94,19.69,21.19,19.61,660.48M,7.20%,20.94,660480000.0,19.217000000000002,16.6958,0.07164790174002067,0.0443675149824933,76.78958785249459,1.1844838318467303,21.61891639815937,13.589083601840635
2023-02-02,21.71,21.0,21.95,20.7,564.28M,3.66%,21.71,564280000.0,19.712,16.8218,0.036771728748806076,0.040025804037059895,77.42616033755276,1.3147329952839932,22.128619635416392,13.77538036458361
2023-02-03,21.1,21.0,21.74,20.79,429.37M,-2.81%,21.1,429370000.0,20.038000000000004,16.9374,-0.028097650852141887,0.04107402427047201,71.6494845360825,1.3531363797971352,22.31659268310344,14.270407316896563
2023-02-06,21.09,20.81,21.57,20.79,452.20M,-0.05%,21.09,452200000.0,20.228,17.0384,-0.00047393364928915993,0.035854565085335334,69.02356902356902,1.3670064231644474,22.470390291453295,14.739609708546705
2023-02-07,22.17,21.38,22.26,21.15,664.15M,5.14%,22.17,664150000.0,20.519,17.151400000000002,0.05120910384068278,0.03799936073165215,74.76732161323683,1.4484486916355337,22.843949843613228,15.020050156386779
2023-02-08,22.2,22.39,22.88,22.01,559.65M,0.14%,22.2,559650000.0,20.807000000000002,17.27,0.0013531799729362692,0.03806369588355418,79.95594713656388,1.4981433613307047,23.146838851675945,15.346161148324057
2023-02-09,22.34,22.61,23.02,22.12,523.88M,0.59%,22.34,523880000.0,21.061,17.400199999999998,0.006306306306306242,0.03796294850609374,77.64127764127764,1.5311731639542074,23.382572772559232,15.744427227440765
2023-02-10,21.26,21.69,22.08,20.81,550.74M,-4.80%,21.26,550740000.0,21.151000000000003,17.5126,-0.04834377797672329,0.04200623588191053,63.15120711562898,1.4534481014631773,23.405277575618065,16.19672242438194
2023-02-13,21.79,21.54,22.05,20.96,474.92M,2.46%,21.79,474920000.0,21.414,17.61,0.024929444967074277,0.03569165503504648,65.1860744297719,1.41826808838373,23.480646361701883,16.61035363829811
2023-02-14,22.97,21.58,23.05,21.37,675.47M,5.43%,22.97,675470000.0,21.756999999999998,17.7266,0.05415328132170716,0.03794574171851742,69.31216931216932,1.4686738549068536,23.794723665708755,16.823276334291247
2023-02-15,22.76,22.55,22.85,22.11,421.19M,-0.90%,22.76,421190000.0,21.939,17.8442,-0.009142359599477512,0.033324065884748885,66.1220043572985,1.4746763915855787,23.94017097783684,17.21582902216316
2023-02-16,22.0,22.13,22.55,21.93,412.03M,-3.35%,22.0,412030000.0,21.968,17.952,-0.033391915641476366,0.03417150053464651,58.742004264392335,1.4019470241220588,23.733440858216692,17.946559141783307
2023-02-17,21.39,21.63,21.74,20.98,465.89M,-2.79%,21.39,465890000.0,21.997,18.06,-0.02772727272727271,0.03413561591843835,62.68486916951082,1.2803277530424175,23.548959949057448,18.486040050942556
2023-02-21,20.66,21.0,21.49,20.62,410.02M,-3.43%,20.66,410020000.0,21.954,18.1508,-0.03412809724170174,0.03600220558085726,56.12691466083152,1.1122177514496165,23.480423185183497,18.701576814816505
2023-02-22,20.75,20.71,21.1,20.42,513.18M,0.48%,20.75,513179999.99999994,21.812,18.2224,0.004356243949661165,0.03109840646473154,48.78671775223498,0.975012277250709,23.402607860373536,18.928392139626467
2023-02-23,23.66,23.44,23.89,23.02,1.12B,14.02%,23.66,1120000000.0,21.958,18.3556,0.14024096385542162,0.05592930254025598,59.77933801404213,1.0885406119695062,23.706152977079924,19.058847022920077
2023-02-24,23.29,23.23,23.47,22.95,589.72M,-1.60%,23.29,589720000.0,22.053000000000004,18.4708,-0.015638207945900318,0.05641952472463384,61.25385405960945,1.1355666222253191,23.90432636261539,19.209673637384608
2023-02-27,23.5,23.67,23.88,23.45,452.99M,0.92%,23.5,452990000.0,22.276999999999997,18.5794,0.009016745384285096,0.05315503546211209,62.13494461228601,1.1762215690385602,24.14284767999749,19.285152320002513
2023-02-28,23.22,23.37,23.83,23.21,455.96M,-1.21%,23.22,455960000.0,22.419999999999998,18.6904,-0.01191489361702136,0.05337924978319717,55.75027382256296,1.1723333186040534,24.11473184514296,19.719268154857044
2023-03-01,22.7,23.19,23.26,22.51,460.03M,-2.23%,22.7,460030000.0,22.393,18.805400000000002,-0.02239448751076656,0.05141110660400663,52.5987525987526,1.1144455632083137,23.98928425541346,20.16071574458654
2023-03-02,23.31,22.49,23.38,22.43,390.08M,2.71%,23.31,390080000.0,22.448,18.9402,0.026872246696035162,0.05196361589697076,54.80673934588701,1.1050526430183858,24.105371775043523,20.281628224956478
2023-03-03,23.89,23.32,23.9,23.13,412.39M,2.47%,23.89,412390000.0,22.637,19.093,0.024882024882024956,0.05061307845282349,63.71220020855057,1.1313681312682355,24.342581267730505,20.2624187322695
2023-03-06,23.55,23.89,24.25,23.49,437.43M,-1.41%,23.55,437430000.0,22.853,19.2424,-0.014231896190874838,0.04968584237589169,59.36170212765958,1.1119700878028098,24.455260548484937,20.394739451515065
2023-03-07,23.29,23.6,24.13,23.24,515.15M,-1.13%,23.29,515150000.0,23.116,19.3782,-0.011040339702760193,0.04787442600516407,51.88679245283019,1.063359425967473,24.497989127781146,20.572010872218854
2023-03-08,24.18,23.49,24.2,23.42,513.57M,3.83%,24.18,513570000.00000006,23.459,19.555,0.038213825676255864,0.048388508735466504,57.75109170305675,1.0841532444615254,24.721750476963177,20.549249523036824
2023-03-09,23.44,24.17,24.45,23.38,501.26M,-3.08%,23.44,501260000.0,23.437,19.7196,-0.03060380479735314,0.02363428352691561,57.87746170678337,1.0290583359373606,24.80287032621907,20.592129673780924
2023-03-10,22.97,23.41,23.63,22.73,474.87M,-2.01%,22.97,474870000.0,23.404999999999998,19.8966,-0.020051194539249195,0.023983160145123063,58.777777777777764,0.936672771299488,24.83069755949243,20.627302440507574
2023-03-13,22.97,22.75,23.3,22.3,421.89M,0.00%,22.97,421890000.0,23.352,20.0752,0.0,0.023727632723875427,63.96614268440143,0.8536165850869146,24.80051929285101,20.828480707148987
2023-03-14,24.06,23.5,24.22,23.46,474.91M,4.78%,24.06,474910000.0,23.436,20.264400000000002,0.047453199825859826,0.028017950776115467,67.85329018338726,0.8657678171415988,24.926911282620352,20.92908871737965
2023-03-15,24.23,23.76,24.29,23.36,524.49M,0.69%,24.23,524490000.0,23.589,20.4568,0.007065669160432275,0.026449731569272793,54.364471669218986,0.878982966846646,25.073173965126376,20.908826034873623
2023-03-16,25.54,24.03,25.59,23.89,584.95M,5.42%,25.54,584950000.0,23.812,20.681400000000004,0.05406520841931495,0.029908025074584198,65.0602409638554,0.983821241209899,25.498699398847968,20.761300601152037
2023-03-17,25.73,25.98,26.4,25.67,848.55M,0.72%,25.73,848550000.0,23.996000000000002,20.901,0.007439310884886474,0.02942079838514298,64.96644295302013,1.0699045474351259,25.88916828511967,20.743831714880326
2023-03-20,25.9,25.61,26.02,25.13,432.75M,0.68%,25.9,432750000.0,24.231,21.1336,0.00660707345511069,0.028404911213579985,68.25613079019072,1.1387173423701604,26.19309788578193,20.890902114218072
2023-03-21,26.2,26.18,26.39,25.38,547.41M,1.15%,26.2,547410000.0,24.522,21.3604,0.01158301158301156,0.02743483184633022,74.57865168539324,1.2035852889161838,26.35750266682371,21.28049733317629
2023-03-22,26.47,26.42,27.59,26.24,797.29M,1.03%,26.47,797290000.0,24.750999999999998,21.5772,0.010305343511450404,0.02586662648411607,73.30383480825957,1.2622301440286954,26.470635554971377,21.739364445028617
2023-03-23,27.19,27.12,27.5,26.69,564.89M,2.73%,27.19,564890000.0,25.125999999999998,21.802799999999998,0.027200604457876976,0.022125244075585433,73.84393063583813,1.3512284761649518,27.00675247502483,21.556247524975173
2023-03-24,26.78,27.03,27.17,26.35,455.41M,-1.52%,26.78,455410000.0,25.506999999999998,22.0184,-0.015079073188672298,0.021285809330396307,73.10443490701,1.3728513463439,27.35531679792571,21.55668320207429
2023-03-27,26.53,26.84,27.0,26.36,361.03M,-0.93%,26.53,361030000.0,25.863,22.2188,-0.00933532486930544,0.0222327643067414,73.20916905444126,1.3542042919673598,27.61125817233879,21.603741827661207
2023-03-28,26.41,26.45,26.51,25.85,356.10M,-0.46%,26.41,356100000.0,26.098000000000003,22.408999999999995,-0.004523181304183943,0.019659425956325177,67.9549114331723,1.3145895993137486,27.799185940694386,21.734814059305613
2023-03-29,26.98,26.83,27.08,26.6,393.69M,2.17%,26.98,393690000.0,26.373,22.5946,0.021582733812949728,0.01999020607359799,79.30463576158937,1.3140414543650358,28.003065518812807,21.958934481187196
2023-03-30,27.38,27.23,27.5,27.1,364.52M,1.48%,27.38,364520000.0,26.557,22.7946,0.014825796886582587,0.013338813784049696,86.93467336683416,1.3305459965919404,28.28002801379794,22.08897198620206
2023-03-31,27.78,27.14,27.83,27.1,433.93M,1.44%,27.78,433930000.0,26.762,23.015,0.014609203798393144,0.013552418464238854,87.75510204081633,1.3602228203128242,28.617589036504274,22.14041096349572
2023-04-03,27.97,27.51,28.0,27.34,398.72M,0.68%,27.97,398720000.0,26.969,23.2176,0.00683945284377252,0.01355038742783918,85.74040219378426,1.3831294734239137,28.91539947581099,22.284600524189013
2023-04-04,27.45,27.97,28.0,27.31,368.59M,-1.83%,27.45,368590000.0,27.094,23.382800000000003,-0.018591347872720765,0.015789277543121743,77.66323024054982,1.3438326406941528,29.033964400886454,22.582035599113546
2023-04-05,26.88,26.83,27.0,26.4,515.02M,-2.08%,26.88,515020000.0,27.135,23.5352,-0.020765027322404372,0.017541716453241603,63.18897637795275,1.2522601063253198,29.10750112473013,22.77849887526987
2023-04-06,27.04,26.58,27.08,26.43,397.65M,0.58%,27.04,397650000.0,27.119999999999997,23.6896,0.005952380952380931,0.015242688422667015,62.970297029702955,1.1790080055369145,29.091509106569603,23.1544908934304
2023-04-10,27.58,26.82,27.62,26.67,395.28M,2.00%,27.58,395280000.0,27.2,23.8452,0.019970414201183395,0.015531628588927818,65.4981549815498,1.1512576928903044,28.988329665921153,23.71867033407884
2023-04-11,27.17,27.72,27.79,27.13,314.38M,-1.49%,27.17,314380000.0,27.264,23.981399999999997,-0.01486584481508324,0.016109617370683085,58.77034358047019,1.0836896964533302,28.681724430233775,24.44527556976622
2023-04-12,26.5,27.37,27.47,26.45,446.26M,-2.48%,26.5,446260000.0,27.273000000000003,24.128199999999996,-0.02465955097534056,0.018207403895589034,50.25295109612143,0.9649547739291648,28.44776498993027,24.92323501006973
2023-04-13,26.46,26.73,26.89,26.33,353.62M,-0.12%,26.46,353620000.0,27.220999999999997,24.266599999999997,-0.0015094339622641062,0.016631119574594302,43.04761904761904,0.8577413186873919,28.136616598723684,25.45738340127631
2023-04-14,26.76,26.5,26.88,26.22,395.66M,1.11%,26.76,395660000.0,27.159,24.382999999999996,0.01133786848072571,0.016276028198526284,49.80544747081713,0.7878989669317313,28.06072672662764,25.65527327337237
2023-04-17,27.0,26.57,27.01,26.43,321.47M,0.91%,27.0,321470000.0,27.081,24.4888,0.008968609865470878,0.01571816925002228,54.58089668615983,0.7433455692094135,28.001290915432097,25.841709084567906
2023-04-18,27.67,27.53,28.11,27.36,604.81M,2.46%,27.67,604810000.0,27.051,24.6202,0.024814814814814845,0.017821520838628657,61.09154929577467,0.7534151798918245,28.025500913470882,25.99449908652912
2023-04-19,27.93,27.36,28.0,27.23,358.66M,0.95%,27.93,358660000.0,27.099,24.757,0.00939645825804103,0.016915160804986257,58.84543761638734,0.7734592887752854,28.11620635607934,26.07679364392066
2023-04-20,27.1,27.67,28.03,27.0,427.71M,-2.96%,27.1,427710000.0,27.121000000000002,24.8556,-0.029717150017901872,0.018416138239296026,47.586206896551744,0.7141381856067675,28.104213954114332,26.15178604588566
2023-04-21,27.12,26.95,27.18,26.72,345.10M,0.06%,27.12,345100000.0,27.128999999999998,24.953999999999997,0.0007380073800737907,0.01833298829036692,43.91143911439113,0.6611186525191073,28.100279850061735,26.148720149938267
2023-04-24,27.04,27.01,27.37,26.67,339.28M,-0.28%,27.04,339280000.0,27.075,25.048000000000002,-0.002949852507374673,0.01700570623567941,41.24293785310734,0.6056632502137411,28.10080298015524,26.174197019844758
2023-04-25,26.24,27.08,27.25,26.23,378.53M,-2.96%,26.24,378530000.0,26.982,25.1476,-0.029585798816568087,0.01880041304366727,39.17710196779963,0.4914954763253334,28.132431314624423,26.113568685375572
2023-04-26,26.96,27.0,27.33,26.71,406.34M,2.72%,26.96,406340000.0,27.028,25.250999999999998,0.027439024390244038,0.01943668004811527,50.696864111498286,0.45388259961703525,28.10670907204999,26.19429092795001
2023-04-27,27.23,27.36,27.5,26.63,377.16M,1.00%,27.23,377160000.0,27.105,25.336199999999998,0.010014836795252169,0.01955380526633339,51.62393162393163,0.4407798318299996,28.116356397707413,26.209643602292587
2023-04-28,27.75,27.23,27.76,27.07,292.22M,1.92%,27.75,292220000.0,27.203999999999997,25.436,0.019096584649283876,0.02006659207410411,51.45797598627788,0.4669724800671631,28.166423721330297,26.196576278669703
2023-05-01,28.91,27.84,29.06,27.78,570.33M,4.18%,28.91,570330000.0,27.395,25.5742,0.04180180180180182,0.023409917843654215,63.22188449848023,0.5747077744972238,28.466907944818942,26.009092055181057
2023-05-02,28.21,28.68,28.84,28.08,402.73M,-2.42%,28.21,402730000.0,27.449,25.7106,-0.02421307506053272,0.0244017683380254,62.93494704992436,0.5967259365208051,28.513212279529814,25.986787720470186
2023-05-03,27.8,27.84,28.37,27.47,383.39M,-1.45%,27.8,383390000.0,27.436,25.8534,-0.014533853243530626,0.024788176529307638,59.598853868194844,0.5744697849834886,28.551898282218346,25.983101717781658
2023-05-04,27.56,27.65,27.86,27.24,321.85M,-0.86%,27.56,321850000.0,27.482,25.9896,-0.008633093525179936,0.022815936705716047,55.78034682080923,0.5313406658589983,28.57868893627544,26.024311063724568
2023-05-05,28.68,27.83,28.75,27.73,361.49M,4.06%,28.68,361490000.0,27.637999999999998,26.09,0.04063860667634267,0.025871118954439665,60.76923076923076,0.580839610523757,28.793662737901343,25.973337262098653
2023-05-08,29.15,28.52,29.22,28.35,344.98M,1.64%,29.15,344980000.0,27.849,26.207200000000004,0.016387726638772637,0.025858204636464655,59.736842105263136,0.6504944576482963,29.077993746730066,25.846006253269934
2023-05-09,28.57,28.9,28.97,28.45,314.87M,-1.99%,28.57,314870000.0,28.082,26.308600000000002,-0.01989708404802737,0.024442822832164444,54.040404040404034,0.6513864950518737,29.21464953976792,25.84935046023208
2023-05-10,28.89,29.0,29.11,28.46,369.35M,1.10%,28.89,369350000.0,28.275,26.421999999999997,0.011200560028001405,0.02359231168942945,62.078272604588385,0.6701892423617757,29.364745918992465,25.938254081007532
2023-05-11,28.58,28.9,28.95,28.25,322.15M,-1.06%,28.58,322150000.0,28.410000000000004,26.5396,-0.010730356524749074,0.024219698681815192,59.480519480519455,0.652553910569118,29.421988225440046,26.09301177455996
2023-05-12,28.34,28.53,28.78,28.05,274.22M,-0.83%,28.34,274220000.0,28.469,26.6402,-0.008397480755773179,0.024015451821267842,58.269720101781175,0.6121552442293492,29.45087326929942,26.222126730700566
2023-05-15,28.95,28.51,28.97,28.15,293.93M,2.16%,28.95,293930000.0,28.473000000000003,26.7414,0.02152434721242069,0.020979547235417322,67.66623207301174,0.6221887079890251,29.571037118184165,26.29696288181583
2023-05-16,29.21,28.84,29.87,28.83,449.40M,0.90%,29.21,449400000.0,28.573,26.8546,0.00898100172711569,0.019215901644297928,65.60332871012483,0.643699955003143,29.738144281297306,26.2838557187027
2023-05-17,30.18,29.58,30.2,29.43,432.54M,3.30%,30.18,432540000.0,28.811,26.992399999999996,0.033207805546045854,0.02010516000497541,68.6472819216182,0.7305968014671542,30.103093525528084,26.143906474471915
2023-05-18,31.68,30.41,31.83,30.32,748.72M,4.97%,31.68,748720000.0,29.223000000000003,27.1424,0.0497017892644136,0.022876679838066006,72.10348706411698,0.9100106065148346,30.830469244955285,25.87453075504472
2023-05-19,31.26,31.54,31.58,30.92,473.91M,-1.31%,31.26,473910000.0,29.481,27.2988,-0.01325757575757569,0.02231384946131653,64.41717791411044,1.0067022132443277,31.283432721944706,25.8355672780553
2023-05-22,31.18,30.9,31.52,30.68,372.00M,-0.28%,31.18,372000000.0,29.684000000000005,27.463,-0.002559181062060212,0.022408978610599446,69.72111553784859,1.064603589305964,31.6298897835657,25.9031102164343
2023-05-23,30.69,31.0,31.29,30.63,356.25M,-1.57%,30.69,356250000.0,29.895999999999997,27.617400000000004,-0.0157152020525978,0.021884617958078226,68.98817345597898,1.0587473615558949,31.714002366005154,26.263997633994855
2023-05-24,30.54,30.21,30.61,29.81,721.42M,-0.49%,30.54,721420000.0,30.061,27.747000000000003,-0.00488758553274693,0.02216339241743926,69.81382978723404,1.0301278399675944,31.800578084011537,26.53542191598846
2023-05-25,37.98,38.52,39.48,36.63,1.54B,24.37%,37.98,1540000000.0,31.000999999999998,28.022000000000002,0.24361493123772093,0.07763247956885438,83.59826589595376,1.5894700627691591,34.31754589834249,25.09345410165751
2023-05-26,38.95,37.89,39.17,37.55,714.40M,2.54%,38.95,714400000.0,32.062,28.2902,0.02553975776724604,0.07644073702554786,84.17015341701534,2.086966447439675,36.35953323363339,24.171466766366603
2023-05-30,40.11,40.6,41.94,39.95,923.40M,2.99%,40.11,923400000.0,33.178,28.577800000000003,0.029781771501925514,0.07632813137216038,88.67292225201072,2.5454953363132766,38.29764751065912,23.353352489340878
2023-05-31,37.83,39.49,40.29,37.82,1.00B,-5.68%,37.83,1000000000.0,34.04,28.816399999999998,-0.05684367988032912,0.08152495307442913,76.48104265402843,2.6938527810283404,39.29071673316186,23.32228326683814
2023-06-01,39.77,38.49,40.05,38.34,635.87M,5.12%,39.77,635870000.0,34.999,29.087799999999998,0.05128205128205132,0.08183187436720905,80.22690437601297,2.934145904026998,40.54971727947779,23.260282720522216
2023-06-02,39.33,40.1,40.5,39.06,482.73M,-1.11%,39.33,482730000.0,35.763999999999996,29.345,-0.011063615790797177,0.0825145250188363,79.36932121859965,3.053872471572646,41.488210199830995,23.498789800169
2023-06-05,39.17,38.91,39.57,38.71,396.09M,-0.40%,39.17,396090000.0,36.555,29.584600000000002,-0.004068141367912448,0.08209631360224592,77.98466593647316,3.1001098396318056,42.29534898613406,23.740651013865943
2023-06-06,38.65,38.83,39.16,38.15,388.73M,-1.32%,38.65,388730000.0,37.302,29.822,-0.013275465917794271,0.082571956117802,75.48596112311013,3.0595253292550026,42.90826442594804,24.077735574051964
2023-06-07,37.47,38.92,39.5,37.36,512.00M,-3.05%,37.47,512000000.0,37.980000000000004,30.0408,-0.030530401034928878,0.083500101745782,69.46075814201814,2.8987309085409194,43.21382392424956,24.662176075750445
2023-06-08,38.51,37.72,38.86,37.51,417.77M,2.76%,38.51,417770000.0,38.777,30.2828,0.027755537763544114,0.08292679746078226,68.6918445539135,2.822681366288684,43.58975420189501,25.248245798104982
2023-06-09,38.77,39.04,39.71,38.57,427.72M,0.68%,38.77,427720000.0,38.856,30.518600000000003,0.006751493118670515,0.03231679606679621,70.73440088348977,2.75167182331284,43.86256791297672,25.994432087023277
2023-06-12,39.48,39.2,39.53,38.62,389.67M,1.84%,39.48,389670000.0,38.909000000000006,30.7606,0.018313128707763582,0.03182217241266107,72.14514407684096,2.7213176591772026,44.072347899089706,26.898652100910297
2023-06-13,41.02,40.19,41.1,39.74,613.21M,3.90%,41.02,613210000.0,39.0,31.0254,0.03900709219858167,0.03284059815506385,76.09903991915107,2.78937274244214,44.43506721125182,27.742932788748174
2023-06-14,43.0,40.82,43.0,40.55,740.47M,4.81%,43.0,740470000.0,39.516999999999996,31.326,0.04826913700633839,0.02813829855403673,78.81591119333949,2.9688532465107613,45.00941802771375,28.54758197228624
2023-06-15,42.65,42.6,43.29,42.15,568.62M,-0.80%,42.65,568620000.0,39.805,31.63,-0.008139534883720989,0.025349017152500142,66.07019958706124,3.0477185617040092,45.41465210053491,29.389347899465097
2023-06-16,42.69,43.45,43.72,42.66,655.71M,0.09%,42.69,655710000.0,40.141000000000005,31.946199999999997,0.0009378663540444698,0.024657562915552232,63.74999999999997,3.077966674043971,45.82146602583753,30.08353397416247
2023-06-20,43.81,43.0,43.99,42.67,451.15M,2.61%,43.81,451150000.0,40.605000000000004,32.281600000000005,0.026235652377606167,0.024802769438979886,63.643067846607664,3.155933523608965,46.19948471803815,30.96051528196185
2023-06-21,43.04,43.5,43.62,42.08,551.60M,-1.74%,43.04,551600000.0,41.044,32.5908,-0.017575895914174966,0.025312733052627597,71.61825726141076,3.1196291063324324,46.18978018827169,32.15621981172831
2023-06-22,43.03,42.25,43.43,42.23,417.74M,-0.05%,43.03,417740000.0,41.6,32.908,-0.00023234200743493805,0.021265513680723828,66.10671936758891,3.054836424918257,45.757783684523,33.822216315477
2023-06-23,42.21,42.46,42.81,42.01,358.14M,-1.90%,42.21,358140000.0,41.97,33.2222,-0.01905647222867768,0.023013899459026155,63.71428571428572,2.9038468719593666,44.544907814861844,36.202092185138156
2023-06-26,40.63,42.46,42.76,40.1,594.32M,-3.74%,40.63,594320000.0,42.156,33.5056,-0.03743188817815679,0.02741098312968395,56.124161073825505,2.6264180555732324,44.52277744624062,36.48922255375938
2023-06-27,41.88,40.8,41.94,40.45,462.18M,3.06%,41.88,462180000.0,42.396,33.808,0.030765444253014973,0.02834814696683662,62.76679841897234,2.478843705919445,44.64397446704202,36.661025532957986
2023-06-28,41.12,40.66,41.85,40.52,582.64M,-1.81%,41.12,582640000.0,42.406,34.0904,-0.018147086914995336,0.026731748803940632,64.92232215862632,2.274347064955144,44.69113028346498,36.71486971653503
2023-06-29,40.82,41.56,41.6,40.6,380.51M,-0.72%,40.82,380510000.0,42.188,34.3534,-0.007295719844357951,0.020838957334140228,60.052219321148826,2.0642787899551323,44.604332534697775,37.10066746530222
2023-06-30,42.3,41.68,42.55,41.5,501.15M,3.63%,42.3,501150000.0,42.153,34.6408,0.036256736893679475,0.024501666815003622,63.88670338316284,1.994233517063904,44.74772392196559,37.21027607803441
2023-07-03,42.41,42.52,42.9,42.2,198.21M,0.26%,42.41,198210000.0,42.125,34.946999999999996,0.002600472813238719,0.02451855290720206,62.0974401321222,1.9254033628948264,44.869584987447325,37.396415012552666
2023-07-05,42.32,42.13,43.18,42.08,323.62M,-0.23%,42.32,323620000.0,41.976,35.251000000000005,-0.0021221410044799383,0.02266715840861824,56.097560975609746,1.8423551980854995,44.943308436488266,37.63769156351172
2023-07-06,42.1,41.84,42.18,41.35,304.14M,-0.51%,42.1,304140000.0,41.882,35.5522,-0.0051984877126654006,0.022127909858627677,44.943820224719104,1.7387436137125434,44.91087409710236,38.015125902897644
2023-07-07,42.5,42.32,43.21,42.18,355.88M,0.95%,42.5,355880000.0,41.82899999999999,35.877399999999994,0.009501187648456089,0.022425700645416904,49.16201117318436,1.6696605363409986,44.62847702552008,38.800522974479925
2023-07-10,42.18,42.66,42.81,41.65,353.91M,-0.76%,42.18,353910000.0,41.826,36.1818,-0.007529411764705896,0.02167900456055099,47.23726977248104,1.5709810821457353,44.39464701465489,39.40135298534511
2023-07-11,42.4,42.48,42.76,42.07,298.24M,0.53%,42.4,298240000.0,42.003,36.4852,0.005215742057847361,0.017198369147821583,41.53661464585831,1.493315058691941,44.10131237090725,40.057687629092754
2023-07-12,43.9,43.03,43.94,42.78,481.28M,3.53%,43.9,481280000.0,42.205,36.8082,0.03537735849056611,0.018025738130445657,54.746136865342166,1.5351058943484546,44.07735085118704,40.52364914881296
2023-07-13,45.98,44.52,46.15,44.49,478.20M,4.73%,45.98,478200000.0,42.691,37.1496,0.04738041002277904,0.020474510996201414,63.25247079964061,1.7162798437164,44.872999040539575,40.22400095946043
2023-07-14,45.47,46.58,48.09,45.06,772.08M,-1.10%,45.47,772080000.0,43.156,37.4948,-0.011091779034362759,0.0208909893052229,65.06469500924214,1.7979827403013502,45.335275387463604,40.008724612536405
2023-07-17,46.46,46.29,46.5,45.26,510.49M,2.18%,46.46,510490000.0,43.572,37.868,0.02177259731691228,0.0193970157809645,78.494623655914,1.9204795083915442,46.01859935805108,39.70640064194892
2023-07-18,47.49,46.7,47.9,45.73,570.19M,2.22%,47.49,570190000.0,44.08,38.266600000000004,0.022169608265174334,0.01959952566244051,78.02197802197804,2.0767321955460645,46.873485491743914,39.331514508256085
2023-07-19,47.08,47.46,47.82,46.74,427.50M,-0.88%,47.08,427500000.0,44.556,38.6346,-0.008633396504527324,0.02020297728117012,80.84886128364393,2.14277937556119,47.4292952535722,39.10270474642781
2023-07-20,45.52,46.51,47.09,45.06,537.87M,-3.31%,45.52,537870000.0,44.898,38.961999999999996,-0.03313508920985542,0.024210013823057947,71.52014652014655,2.045662159042429,47.67101807861978,39.10898192138022
2023-07-21,44.31,45.79,45.87,44.1,963.77M,-2.66%,44.31,963770000.0,45.079,39.2768,-0.026581722319859447,0.026553887158087028,59.436619718309885,1.849736565940347,47.750600369692044,39.15739963030796
2023-07-24,44.61,44.73,45.11,44.04,383.10M,0.68%,44.61,383100000.0,45.322,39.5912,0.00677048070413,0.026217337780916602,60.14760147601478,1.6990856133282932,47.85835292663848,39.289647073361515
2023-07-25,45.68,44.94,46.18,44.92,348.08M,2.39%,45.68,348080000.0,45.65,39.9332,0.02398565344093262,0.026825804612081956,64.21319796954316,1.6470475665430229,47.97334293358034,39.67965706641965
2023-07-26,45.45,46.02,46.05,44.63,364.24M,-0.50%,45.45,364240000.0,45.805,40.2754,-0.005035026269702203,0.02520502459969762,64.15891800507187,1.5691596658817062,48.10614489791326,39.903855102086744
2023-07-27,45.9,46.52,47.4,45.75,455.98M,0.99%,45.9,455980000.0,45.797,40.6144,0.00990099009900991,0.02030914763417618,64.30976430976432,1.5261516563506916,48.19148367550986,40.29651632449014
2023-07-28,46.75,46.67,47.03,46.38,331.19M,1.85%,46.75,331190000.0,45.925,40.965199999999996,0.0185185185185186,0.020665752471654537,68.41257050765513,1.5428701485260987,48.29102263024712,40.78997736975288
2023-07-31,46.73,46.75,47.13,46.51,251.06M,-0.04%,46.73,251060000.0,45.952,41.2962,-0.00042780748663107104,0.019586067521096904,67.73136773136773,1.5367906748911437,48.478487305875355,41.045512694124646
2023-08-01,46.51,46.46,46.9,46.03,239.28M,-0.48%,46.51,239280000.0,45.854,41.5928,-0.004707896426278557,0.018109078443255995,61.93961573650504,1.4969644129276816,48.588323398688736,41.34567660131126
2023-08-02,44.27,45.83,45.84,43.39,530.14M,-4.81%,44.27,530140000.0,45.57299999999999,41.852999999999994,-0.04816168565899792,0.02330301620449077,42.29035166816954,1.270012618934338,48.48519537405789,41.6438046259421
2023-08-03,44.51,43.8,45.12,43.8,325.08M,0.56%,44.51,325080000.0,45.472,42.1196,0.0054212785181837475,0.021406287155770982,45.563770794824386,1.0968736051910142,48.32420204409974,42.04579795590026
2023-08-04,44.68,44.99,45.64,44.39,362.67M,0.37%,44.68,362670000.0,45.509,42.39939999999999,0.003819366434509197,0.019616241144096564,41.09999999999999,0.9622846502047508,48.18199620935675,42.40600379064325
2023-08-07,45.42,45.11,45.54,44.56,322.15M,1.65%,45.42,322150000.0,45.589999999999996,42.696999999999996,0.016562220232766434,0.02017232547057887,39.34088568486095,0.9049025954410936,47.94435096526024,42.967649034739765
2023-08-08,44.66,44.85,45.24,44.06,353.84M,-1.66%,44.66,353840000.0,45.488,42.8306,-0.016732716864817365,0.019330570520117673,37.97216699801191,0.7890060842109818,47.64394223128107,43.49405776871893
2023-08-09,42.55,44.27,44.31,42.13,586.45M,-4.72%,42.55,586450000.0,45.19799999999999,42.9026,-0.047245857590685114,0.02407332483036323,36.00377002827517,0.520893363626584,47.87185440388052,43.13114559611948
2023-08-10,42.39,42.16,43.57,41.83,492.70M,-0.39%,42.39,492700000.0,44.847,42.9482,-0.0037602820211515287,0.023430496141651807,39.95815899581587,0.29213390033537223,48.05566228230189,42.5883377176981
2023-08-11,40.85,41.75,42.02,40.64,533.08M,-3.62%,40.85,533080000.00000006,44.257,43.00860000000001,-0.036329322953526755,0.023034804656425677,32.59259259259258,-0.013271763500597444,48.47535969221824,41.70664030778175
2023-08-14,43.75,40.49,43.8,40.31,690.29M,7.09%,43.75,690290000.0,43.958999999999996,43.0882,0.07099143206854341,0.03525174749356646,42.35946159936658,-0.02105942874528921,48.32605032208095,41.58494967791905
2023-08-15,43.94,44.56,45.27,43.71,676.51M,0.43%,43.94,676510000.0,43.702,43.1804,0.004342857142856982,0.03540487184351612,44.00317712470212,-0.011764187227662148,47.954900840026994,41.60109915997302
2023-08-16,43.49,44.52,44.67,43.41,527.45M,-1.03%,43.49,527450000.00000006,43.624,43.2668,-0.010241238051888812,0.032163773964459935,40.42891183478952,-0.0402449616827667,47.63011082768256,41.566889172317445
2023-08-17,43.34,43.97,44.06,43.0,452.40M,-0.33%,43.34,452400000.0,43.507000000000005,43.360600000000005,-0.0034490687514371343,0.03207949189048522,35.66021867115222,-0.07406613868681688,47.538320134170284,41.440679865829715
2023-08-18,43.3,42.63,43.58,41.66,583.77M,-0.10%,43.3,583770000.0,43.369,43.4772,-0.0009229349330873715,0.03201553957069162,35.600335852225,-0.10291103646849109,47.533456163425846,41.344543836574154
2023-08-21,46.97,44.49,47.06,44.22,692.57M,8.47%,46.97,692570000.0,43.524,43.6464,0.08475750577367203,0.04220945372725205,51.497395833333336,0.16842599275064174,47.8523753879284,41.26162461207161
2023-08-22,45.67,48.13,48.19,45.33,757.21M,-2.77%,45.67,757210000.0,43.625,43.7844,-0.02767724079199485,0.042946287906815636,54.85436893203883,0.27538889606761785,47.85116091218984,41.26183908781016
2023-08-23,47.12,45.87,47.2,45.21,779.05M,3.17%,47.12,779050000.0,44.08200000000001,43.937200000000004,0.031749507335230964,0.03981897092168828,58.34932821497121,0.4717229212183227,48.109991657808266,41.170008342191736
2023-08-24,47.16,50.22,50.27,47.16,1.16B,0.10%,47.16,1160000000.0,44.559,44.06,0.000848896434634927,0.039656168364831525,57.99999999999999,0.6233609988011395,48.31226935308985,41.09373064691014
2023-08-25,46.02,47.01,47.81,45.02,925.34M,-2.43%,46.02,925340000.0,45.076,44.1204,-0.024173027989821794,0.03818945252899446,51.88679245283019,0.6441217604537641,48.202630951373116,41.13036904862688
2023-08-28,46.83,46.48,46.98,44.89,685.19M,1.78%,46.83,685190000.0,45.384,44.20399999999999,0.017601043024771723,0.03241866212008235,56.80250783699061,0.7176622801479411,48.220176699247936,41.12282330075205
2023-08-29,48.78,46.67,49.08,46.39,701.40M,4.16%,48.78,701400000.0,45.868,44.3258,0.041639974375400346,0.034142397311167846,69.7276757441419,0.9226565644650506,48.706849724703076,40.86315027529692
2023-08-30,49.26,49.04,49.93,48.42,735.21M,0.98%,49.26,735210000.0,46.445,44.434799999999996,0.009840098400983877,0.03333437162003963,71.32216014897581,1.1110406155458108,49.425272501267905,40.64372749873208
2023-08-31,49.35,49.38,49.74,48.96,528.57M,0.18%,49.35,528570000.00000006,47.046,44.56099999999999,0.0018270401948843329,0.033085538642308954,78.9904502046385,1.253153013223944,50.06138530358009,40.49161469641991
2023-09-01,48.51,49.76,49.8,48.14,463.83M,-1.71%,48.51,463830000.0,47.567,44.67060000000001,-0.017021276595744705,0.0342394636349136,68.8888888888889,1.2832051423082547,50.45467951963776,40.48132048036225
2023-09-05,48.55,48.22,48.85,47.86,382.65M,0.08%,48.55,382650000.0,47.725,44.79740000000001,0.0008245722531436961,0.022773357052756436,68.5140562248996,1.2953177204534114,50.79780587576321,40.451194124236785
2023-09-06,47.06,48.44,48.55,46.58,468.67M,-3.06%,47.06,468670000.0,47.864,44.926,-0.03069001029866103,0.023247312464993314,63.23202372127503,1.1711857777414636,50.93491819631398,40.554081803686024
2023-09-07,46.24,45.53,46.34,45.15,433.33M,-1.74%,46.24,433330000.0,47.775999999999996,45.0132,-0.01742456438589035,0.021696957157967333,60.24011299435029,0.9951714547877586,50.89895139232779,40.959048607672216
2023-09-08,45.57,45.94,46.61,45.27,473.90M,-1.45%,45.57,473900000.0,47.617000000000004,45.1022,-0.014489619377162644,0.02203837243246294,57.674104124408395,0.7924802165216036,50.776748458305136,41.399251541694866
2023-09-11,45.18,46.15,46.16,44.31,473.97M,-0.86%,45.18,473970000.0,47.533,45.1894,-0.008558262014483176,0.020912184407474308,42.224152910512586,0.5935343151276484,50.327489069414334,42.281510930585675
2023-09-12,44.87,44.74,45.67,44.53,349.26M,-0.68%,44.87,349260000.0,47.337,45.2408,-0.006861443116423227,0.01981253806151001,46.19771863117869,0.40617175061526467,50.263149437443055,42.45785056255695
2023-09-13,45.49,44.6,45.93,44.5,398.36M,1.37%,45.49,398360000.0,47.007999999999996,45.3024,0.013817695564965593,0.013682113208106103,41.58926728586174,0.30420767014982886,50.19718580210296,42.67881419789705
2023-09-14,45.58,45.95,45.99,45.13,370.10M,0.21%,45.58,370100000.0,46.64,45.3676,0.0019784568036931294,0.012813330791407996,41.88911704312116,0.22803401542448398,50.06540475243547,43.019595247564524
2023-09-15,43.9,45.34,45.6,43.81,506.83M,-3.69%,43.9,506830000.0,46.095,45.4036,-0.03685827117156648,0.015240781626940576,39.68871595330737,0.03173802935278047,49.99372393443064,43.147276065569365
2023-09-18,43.97,42.75,44.24,42.0,500.27M,0.15%,43.97,500270000.0,45.641,45.43299999999999,0.0015945330296127658,0.015627301272885082,35.01048218029351,-0.11683276348804839,49.90333581832781,43.30466418167219
2023-09-19,43.52,43.83,43.97,43.0,373.06M,-1.01%,43.52,373060000.0,45.138,45.459799999999994,-0.010234250625426378,0.015187489963772893,17.28855721393036,-0.26780039020393076,50.00003663063813,42.86296336936187
2023-09-20,42.24,43.6,43.9,42.22,367.11M,-2.94%,42.24,367110000.0,44.656,45.4566,-0.02941176470588236,0.015005519102241967,10.294117647058869,-0.4851362756342752,50.283331952498536,42.236668047501475
2023-09-21,41.02,41.58,42.1,40.98,450.74M,-2.89%,41.02,450740000.0,44.134,45.39900000000001,-0.02888257575757569,0.015986154625752633,8.22467402206621,-0.7472069975454119,50.583213250783984,41.32678674921601
2023-09-22,41.61,41.57,42.12,41.23,479.24M,1.45%,41.61,479240000.0,43.738,45.311600000000006,0.014383227693807843,0.017933307927003737,14.50617283950615,-0.8969523551960634,50.65394081225632,40.70105918774368
2023-09-25,42.22,41.59,42.54,41.18,419.09M,1.47%,42.22,419090000.0,43.44199999999999,45.2466,0.014659937515020482,0.019424008127319547,19.241982507288625,-0.9553915686808097,50.69374271023647,40.28125728976352
2023-09-26,41.91,42.0,42.82,41.65,402.28M,-0.74%,41.91,402280000.0,43.146,45.15559999999999,-0.007342491710090049,0.019425374234883483,21.734357848518087,-1.015018968776488,50.64197668461298,39.84102331538703
2023-09-27,42.47,42.33,42.87,41.63,444.94M,1.33%,42.47,444940000.0,42.844,45.055200000000006,0.01336196611787166,0.019372536613994833,28.70056497175139,-1.005496060375357,50.19165595453926,39.66034404546075
2023-09-28,43.09,42.46,43.45,42.12,424.66M,1.46%,43.09,424660000.0,42.595,44.9754,0.014598540145985606,0.02038358334736917,35.909090909090935,-0.9371177582334411,49.524804437479,39.710195562521
2023-09-29,43.5,43.83,44.14,43.31,397.83M,0.95%,43.5,397830000.0,42.555,44.935,0.009514968670224944,0.01750687586778104,40.47619047619048,-0.8401590570312791,48.71467448739186,39.935325512608145
2023-10-02,44.78,44.03,45.17,43.86,433.30M,2.95%,44.78,433300000.0,42.636,44.944399999999995,0.029425287356321883,0.019965102696148453,49.5403472931563,-0.6525115383454718,48.07285756810182,40.204142431898184
2023-10-03,43.52,44.81,45.13,43.25,470.85M,-2.82%,43.52,470850000.0,42.636,44.9226,-0.02813756141134427,0.021894321001418606,40.556088207094916,-0.5985710432116207,47.23308081822618,40.54091918177382
2023-10-04,44.04,43.74,44.14,43.29,361.82M,1.20%,44.04,361820000.0,42.815999999999995,44.889799999999994,0.011948529411764719,0.019444945575476442,42.909760589318594,-0.5080071676143092,46.7336018484951,40.73839815150491
2023-10-05,44.69,44.05,44.9,43.89,393.48M,1.47%,44.69,393480000.0,43.183,44.8746,0.014759309718437752,0.015692110707575264,54.01831129196337,-0.37941145690287215,46.457058087375884,40.85994191262411
2023-10-06,45.76,44.19,45.79,44.03,434.44M,2.40%,45.76,434440000.0,43.598,44.8718,0.02394271649138502,0.01635289880475812,58.26408125577101,-0.18897992905883854,46.495024472553595,40.84097552744639
2023-10-09,45.27,44.84,45.6,44.37,409.68M,-1.07%,45.27,409680000.0,43.903000000000006,44.842200000000005,-0.01070804195804187,0.01742579722755494,58.04967801287949,-0.07671614024588536,46.509925630835504,40.835074369164495
2023-10-10,45.8,45.31,46.26,45.09,368.58M,1.16%,45.8,368580000.0,44.292,44.8236,0.011707532582283964,0.016692963412877307,67.58893280632412,0.05439327993800447,46.667369040672476,40.77063095932753
2023-10-11,46.81,46.2,46.86,46.05,378.14M,2.20%,46.81,378140000.0,44.726000000000006,44.8296,0.02205240174672496,0.017162501319342625,79.21291624621597,0.2370642697693981,46.95133276171198,40.61866723828801
2023-10-12,46.94,46.78,47.61,46.33,481.32M,0.30%,46.94,481320000.0,45.111000000000004,44.883,0.0027771843623156656,0.017210758830906555,78.20105820105823,0.3878513498963301,47.23286047672107,40.47313952327893
2023-10-13,45.46,46.96,47.12,45.28,475.43M,-3.16%,45.46,475430000.0,45.307,44.902,-0.031529612270984164,0.021389253120127575,65.69767441860469,0.3835067391707554,47.38658221158874,40.47541778841126
2023-10-16,46.1,45.06,46.22,44.91,375.10M,1.39%,46.1,375100000.0,45.43900000000001,44.9304,0.014078310602727795,0.019911530963790586,69.67136150234747,0.42678652576272214,47.62684607737312,40.44815392262688
2023-10-17,43.94,44.0,44.75,42.48,812.33M,-4.68%,43.94,812330000.0,45.481,44.9008,-0.046854663774403504,0.023693559577718352,56.00000000000001,0.2835238340525805,47.64000380059551,40.47699619940448
2023-10-18,42.2,42.59,43.22,41.83,627.29M,-3.96%,42.2,627290000.0,45.297000000000004,44.851600000000005,-0.03959945380063712,0.026536344916127518,46.67165295437546,0.029246524774805494,47.64232164114463,40.47067835885538
2023-10-19,42.1,42.81,43.3,41.88,501.23M,-0.23%,42.1,501230000.0,45.038,44.842600000000004,-0.0023696682464455776,0.02573615694770645,44.64012251148545,-0.1782840910385488,47.532573701872664,40.688426298127325
2023-10-20,41.39,41.89,42.47,41.08,477.27M,-1.70%,41.39,477270000.0,44.601000000000006,44.8226,-0.016864608076009535,0.02367520004615267,36.4291433146517,-0.39548575196309343,47.556651093632794,40.642348906367204
2023-10-23,42.97,41.23,43.25,40.94,478.53M,3.84%,42.97,478530000.0,44.370999999999995,44.865,0.0381734718531046,0.028086346026755683,47.85323965651832,-0.4351111472519804,47.52386689558609,40.75013310441391
2023-10-24,43.66,43.08,43.7,42.69,401.46M,1.60%,43.66,401460000.0,44.157,44.8632,0.01605771468466366,0.02840307506178382,48.5362095531587,-0.406155418236132,47.455973348179725,40.99302665182027
2023-10-25,41.78,43.4,43.65,41.56,398.38M,-4.31%,41.78,398380000.0,43.653999999999996,44.82,-0.04306000916170394,0.029117555661231736,39.76073187895848,-0.5288122639560626,47.513758177281936,40.866241822718074
2023-10-26,40.33,41.85,42.26,39.88,541.00M,-3.48%,40.33,541000000.0,42.992999999999995,44.756800000000005,-0.03470560076591678,0.02956762385121989,31.39136394790951,-0.7345540973382825,47.77345189550022,40.330548104499776
2023-10-27,40.5,41.13,41.21,40.01,416.78M,0.43%,40.5,416780000.0,42.497,44.7,0.004215224398710582,0.029463065841323577,33.28661527680447,-0.8738156010156501,47.94507647323384,39.85892352676616
2023-10-30,41.16,41.09,41.77,40.48,388.03M,1.63%,41.16,388030000.0,42.003,44.6572,0.016296296296296253,0.0296811512367496,33.88888888888887,-0.9203160315205281,47.91970105226744,39.522298947732565
2023-10-31,40.78,40.45,40.88,39.23,517.97M,-0.93%,40.78,517970000.0,41.687,44.53339999999999,-0.009232264334305018,0.026863985198737495,28.10457516339865,-0.9765734510725537,47.9842842013474,39.18371579865261
2023-11-01,42.33,40.88,42.38,40.87,437.59M,3.79%,42.33,437590000.0,41.7,44.46660000000001,0.03800882785679249,0.02763397758187463,34.82554312047398,-0.8858740111082071,47.92783415454598,39.06916584545402
2023-11-02,43.51,43.33,43.88,42.89,409.17M,2.79%,43.51,409170000.0,41.840999999999994,44.3944,0.027876210725253925,0.028893059580576433,43.451981195433156,-0.7105867118642522,47.83330173474025,39.04569826525975
2023-11-03,45.01,44.02,45.31,43.72,424.61M,3.45%,45.01,424610000.0,42.202999999999996,44.351400000000005,0.0344748333716387,0.0293944509401464,46.539682539682524,-0.4454973838313663,47.72463857042458,39.07936142957542
2023-11-06,45.75,45.28,45.94,44.9,400.73M,1.66%,45.75,400730000.0,42.481,44.346000000000004,0.01644079093534767,0.027739079360318452,56.315422191207276,-0.1736980825653518,47.797363270434204,39.0546367295658
2023-11-07,45.96,45.72,46.22,45.16,343.16M,0.45%,45.96,343160000.0,42.711,44.32860000000001,0.00459016393442635,0.02754269928793606,64.6875,0.057981690022721466,47.82420152996193,39.04379847003806
2023-11-08,46.57,46.1,46.87,45.97,346.72M,1.35%,46.57,346720000.0,43.19,44.2844,0.013272410791993039,0.021637109411245022,66.79188580015028,0.28749739002736874,47.77449764956509,39.06950235043492
2023-11-09,46.95,47.47,48.23,46.75,540.50M,0.81%,46.95,540500000.0,43.852,44.238200000000006,0.008159759501825237,0.014674988821042689,71.41756548536212,0.4943544496888066,47.776701238005494,39.068298761994505
2023-11-10,48.33,47.5,48.47,47.28,422.44M,2.95%,48.33,422440000.0,44.635,44.217800000000004,0.029392971246006372,0.014700698830904824,70.97026604068859,0.760873747717703,48.368978900201974,38.76302109979802
2023-11-13,48.62,48.32,49.12,48.1,384.14M,0.59%,48.62,384140000.0,45.381,44.22,0.006000413821642958,0.015180393975251848,70.032310177706,0.9841481407862886,48.89078771293909,38.49321228706091
2023-11-14,49.66,49.68,49.83,49.04,416.95M,2.13%,49.66,416950000.0,46.26899999999999,44.2422,0.021390374331550888,0.012099541517358767,84.14211438474871,1.2308258203609839,49.823370998085494,38.132629001914495
2023-11-15,48.89,49.94,49.96,48.2,475.50M,-1.55%,48.89,475500000.0,46.925,44.278800000000004,-0.015505436971405495,0.014769795894675551,89.41068139963174,1.3486408021319107,50.485929909061994,38.13907009093799
2023-11-16,49.48,48.68,49.52,48.33,339.76M,1.21%,49.48,339760000.0,47.522,44.34360000000001,0.0120679075475556,0.014018946466573558,89.80496453900714,1.4726423883953856,51.17219058040224,38.19080941959776
2023-11-17,49.3,49.52,49.72,49.01,325.90M,-0.37%,49.3,325900000.0,47.951,44.4182,-0.003637833468067897,0.012654974750871052,87.68518518518525,1.538653404546018,51.686104087703676,38.467895912296335
2023-11-20,50.41,49.31,50.55,49.18,416.14M,2.25%,50.41,416140000.0,48.416999999999994,44.5228,0.022515212981744304,0.013175326593307656,91.76062445793585,1.6613839339569552,52.38805772459484,38.50994227540516
2023-11-21,49.94,50.13,50.52,49.22,565.75M,-0.92%,49.94,565750000.0,48.815,44.6242,-0.009323546915294578,0.014461427604903251,86.41148325358856,1.701114303906195,52.925940002099715,38.60005999790027
2023-11-22,48.72,49.85,50.33,47.69,900.64M,-2.46%,48.72,900640000.0,49.029999999999994,44.6888,-0.024429315178213784,0.017627575240968866,74.83317445185895,1.6155342313147827,53.13151580575893,39.08848419424107
2023-11-24,47.78,48.47,48.92,47.74,294.64M,-1.93%,47.78,294640000.0,49.113,44.7328,-0.019293924466338264,0.019098929259265686,63.94763343403831,1.4550879153948486,52.98413339800865,39.98086660199135
2023-11-27,48.24,47.8,48.53,47.65,395.66M,0.98%,48.24,395660000.0,49.104,44.8196,0.009627459187944831,0.0168272381693675,62.90155440414512,1.3494950705527984,52.76493079091958,40.974069209080426
2023-11-28,47.82,48.24,48.32,47.47,401.49M,-0.87%,47.82,401490000.0,49.024,44.8966,-0.008706467661691586,0.01688141752948885,59.432048681541595,1.2178824990035721,52.45764835285576,41.94735164714424
2023-11-29,48.14,48.38,48.76,47.86,382.00M,0.67%,48.14,382000000.0,48.872,44.989000000000004,0.006691760769552468,0.015222433036677266,58.2027168234065,1.126415299083206,51.87718256745705,43.26381743254294
2023-11-30,46.77,48.02,48.11,46.42,526.25M,-2.85%,46.77,526250000.0,48.66,45.0796,-0.02845866223514748,0.01686711527476407,49.14772727272727,0.9326285720905148,51.35525987048429,44.229740129515704
2023-12-01,46.76,46.53,47.2,46.19,369.32M,-0.01%,46.76,369320000.0,48.388,45.194399999999995,-0.00021381227282457616,0.015966387778430794,41.458106637649614,0.7693753976991999,50.94590199385378,44.964098006146216
2023-12-04,45.51,46.08,46.08,45.01,437.54M,-2.68%,45.51,437540000.0,48.009,45.2724,-0.02673224978614197,0.017279651125611778,34.679802955665025,0.5329875784729623,50.87404470194199,45.085955298058
2023-12-05,46.57,45.47,46.6,45.27,371.72M,2.32%,46.57,371720000.0,47.625,45.359399999999994,0.023291584267194132,0.017432222795676557,34.80825958702066,0.42626791864075386,50.80309235913067,45.23890764086933
2023-12-06,45.5,47.21,47.39,45.41,380.59M,-2.28%,45.5,380590000.0,47.181000000000004,45.4312,-0.022976164913034114,0.018090922721118226,33.810888252148985,0.25244177012673674,50.85833932473545,45.13766067526456
2023-12-07,46.6,45.7,46.63,45.6,350.82M,2.40%,46.6,350820000.0,46.969,45.5138,0.024175824175824312,0.019954175737047806,36.88524590163937,0.20112565069123178,50.85671598026666,45.14228401973334
2023-12-08,47.51,46.6,47.74,46.55,359.22M,1.95%,47.51,359220000.0,46.94199999999999,45.6022,0.019527896995708005,0.02047386524870035,42.35695986336465,0.23122127619684818,50.85220212681967,45.20279787318032
2023-12-11,46.63,47.49,47.53,45.83,509.73M,-1.85%,46.63,509730000.0,46.781,45.66480000000001,-0.018522416333403346,0.020876679876411994,33.53658536585367,0.18196603947108514,50.83047780280079,45.05452219719921
2023-12-12,47.66,46.05,47.67,46.05,372.39M,2.21%,47.66,372390000.0,46.765,45.7224,0.022088784044606458,0.02220213321088396,40.531561461794006,0.22346730939282367,50.76693505721037,45.02206494278963
2023-12-13,48.09,47.63,48.59,47.61,447.79M,0.90%,48.09,447790000.0,46.76,45.8138,0.00902224087284953,0.022293536753625328,47.200000000000024,0.2877379076575082,50.568594183100466,45.06340581689954
2023-12-14,48.35,48.39,48.67,47.42,391.23M,0.54%,48.35,391230000.0,46.918,45.9,0.005406529423996664,0.019915147443491505,52.696310312204346,0.35555404125340573,50.50762116754578,45.070378832454224
2023-12-15,48.89,48.19,49.4,48.12,479.95M,1.12%,48.89,479950000.0,47.131,45.983999999999995,0.011168562564632945,0.02000394736235473,53.051643192488264,0.44771136482565055,50.4128829449644,45.106117055035604
2023-12-18,50.08,49.4,50.43,49.15,412.59M,2.43%,50.08,412590000.0,47.588,46.0704,0.024340355901002253,0.017460906446717467,59.89492119089317,0.6097410472275442,50.567625075580175,45.02937492441982
2023-12-19,49.6,49.42,49.7,48.9,464.44M,-0.94%,49.6,464440000.0,47.891,46.157,-0.009584664536741117,0.01772152422048381,56.30397236614854,0.6914481653802795,50.386424382940945,45.12957561705905
2023-12-20,48.11,49.65,50.0,48.1,397.89M,-3.01%,48.11,397890000.0,48.152,46.203199999999995,-0.03004032258064515,0.01911175795017367,55.72649572649571,0.628723563757724,50.09489583177575,45.23810416822425
2023-12-21,48.99,48.81,49.1,48.42,300.42M,1.83%,48.99,300420000.0,48.391000000000005,46.2468,0.01829141550613178,0.018564435958077476,58.87032617342882,0.6426148466601873,50.13590159240457,45.22409840759543
2023-12-22,48.83,49.19,49.38,48.47,252.51M,-0.33%,48.83,252510000.0,48.523,46.2846,-0.0032659726474791873,0.01799628833420227,64.45993031358886,0.6334115515363621,50.24171564595216,45.22328435404784
2023-12-26,49.28,48.97,49.6,48.96,244.20M,0.92%,49.28,244200000.0,48.788,46.361000000000004,0.009215646119189014,0.016395645516001776,62.465501379944804,0.6548800633164262,50.37963289386854,45.18936710613146
2023-12-27,49.42,49.51,49.68,49.08,233.65M,0.28%,49.42,233650000.0,48.964,46.4274,0.0028409090909091717,0.01534967564152054,69.71830985915494,0.6754051929068865,50.560910674639935,45.168089325360064
2023-12-28,49.52,49.64,49.88,49.41,246.59M,0.21%,49.52,246590000.0,49.107000000000006,46.53900000000001,0.0020234722784298054,0.01524121453384444,66.33109619686803,0.6917664175956304,50.728422275540446,45.138577724459545
2023-12-29,49.52,49.81,50.0,48.75,389.29M,0.00%,49.52,389290000.0,49.224000000000004,46.6854,0.0,0.015243815747667911,62.5155666251557,0.6967016629489677,50.895337090362354,45.24666290963766
2024-01-02,48.17,49.24,49.29,47.6,411.25M,-2.73%,48.17,411250000.0,49.152,46.806799999999996,-0.02726171243941844,0.01749352500685378,59.05882352941175,0.5849363803859262,50.89761683351713,45.385383166482875
2024-01-03,47.57,47.49,48.18,47.32,320.90M,-1.24%,47.57,320900000.0,48.901,46.9304,-0.012455885405854294,0.01521182233727021,49.44237918215616,0.4428417985443929,50.72692220421839,45.762077795781614
2024-01-04,48.0,47.77,48.5,47.51,306.54M,0.90%,48.0,306540000.0,48.741,47.031000000000006,0.009039310489804553,0.015722866922123404,49.44237918215611,0.3607694988275796,50.67463832260027,45.95736167739973
2024-01-05,49.1,48.46,49.55,48.31,415.04M,2.29%,49.1,415040000.0,48.839999999999996,47.139799999999994,0.022916666666666696,0.014537356462507589,54.20875420875421,0.38010579393459665,50.467474468245506,46.524525531754485
2024-01-08,52.25,49.51,52.28,49.48,642.51M,6.43%,52.25,642510000.0,49.166,47.3492,0.0641547861507128,0.024214660955771586,64.58333333333331,0.6422056742157807,51.17865153030338,46.37834846969661
2024-01-09,53.14,52.4,54.33,51.69,773.10M,1.70%,53.14,773100000.0,49.597,47.6054,0.01703349282296651,0.02413517623677844,63.63636363636363,0.9112331510831879,52.07547587236887,46.044524127631135
2024-01-10,54.35,53.62,54.6,53.49,533.80M,2.28%,54.35,533799999.99999994,50.104,47.8824,0.022770041400075325,0.024541382363737627,69.87447698744768,1.2081494574484495,53.06732514274408,45.824674857255914
2024-01-11,54.82,55.0,55.35,53.56,596.76M,0.87%,54.82,596760000.0,50.644000000000005,48.15559999999999,0.008647654093836277,0.024418770506720616,80.69533394327536,1.4645009857124123,54.044612666758255,45.56338733324175
2024-01-12,54.71,54.62,54.97,54.33,352.99M,-0.20%,54.71,352990000.0,51.163,48.434200000000004,-0.0020065669463699143,0.02461014071237997,78.14960629921256,1.6398818014666574,54.82223013258219,45.44776986741782
2024-01-16,56.38,55.02,56.83,54.9,449.58M,3.06%,56.38,449580000.0,51.849000000000004,48.715199999999996,0.030524584171083946,0.0250814015022581,82.34790059982862,1.891819685018092,55.90596248412429,45.16703751587572
2024-01-17,56.05,56.35,56.47,54.74,474.39M,-0.58%,56.05,474390000.0,52.637,48.966,-0.005853139411138852,0.02194917430998927,79.30735930735926,2.041322930706322,56.73577410398553,45.053225896014474
2024-01-18,57.11,57.26,57.6,56.11,491.65M,1.88%,57.11,491650000.0,53.590999999999994,49.20799999999999,0.018911685994647653,0.019632877416450777,80.8340016038492,2.219750568431216,57.69532113930544,44.79667886069456
2024-01-19,59.49,57.99,59.5,57.22,543.50M,4.17%,59.49,543500000.0,54.739999999999995,49.4828,0.0416739625284539,0.020555193211728183,83.79661016949149,2.5241055487748696,59.109480433654056,44.37151956634594
2024-01-22,59.65,60.05,60.33,59.07,452.96M,0.27%,59.65,452960000.0,55.794999999999995,49.7566,0.0026895276517060474,0.021418634147198874,83.97048960429238,2.7465591026193223,60.27336476824008,44.36163523175991
2024-01-23,59.87,59.57,59.91,58.58,294.65M,0.37%,59.87,294650000.0,56.556999999999995,50.022600000000004,0.0036881810561608663,0.01513658892303706,92.4528301886792,2.907096113721174,61.3306919082605,44.3923080917395
2024-01-24,61.36,60.3,62.85,59.94,560.27M,2.49%,61.36,560270000.0,57.379,50.3108,0.024887255720728252,0.015521403745188853,97.00068166325832,3.1186040726901894,62.5355436619995,44.4404563380005
2024-01-25,61.62,62.35,62.72,60.85,482.78M,0.42%,61.62,482780000.0,58.105999999999995,50.5766,0.004237288135593209,0.015543015744219055,96.96551724137927,3.2695165297435267,63.61548285895749,44.5945171410425
2024-01-26,61.03,60.96,61.78,60.57,390.31M,-0.95%,61.03,390310000.0,58.727,50.824799999999996,-0.00957481337228172,0.017069359789597133,92.63759828448892,3.303427810571705,64.40689144253258,44.964108557467426
2024-01-29,62.47,61.23,62.49,60.91,348.73M,2.35%,62.47,348730000.0,59.503,51.081,0.023594953301654842,0.016833811016696957,91.61237785016286,3.4072223717838384,65.32701736830055,45.33898263169944
2024-01-30,62.77,62.9,63.49,62.26,410.74M,0.49%,62.77,410740000.0,60.141999999999996,51.358599999999996,0.004802305106451188,0.015877692879807847,91.18905047048759,3.4736457759040817,66.12281267934696,45.86818732065302
2024-01-31,61.53,61.44,62.27,60.7,453.80M,-1.99%,61.53,453800000.0,60.69000000000001,51.59959999999999,-0.01975465986936442,0.017977716135993357,80.63139931740612,3.387183818723031,66.37122297004589,46.9557770299541
2024-02-01,63.03,62.1,63.19,61.65,369.15M,2.44%,63.03,369150000.0,61.282000000000004,51.8742,0.024378352023403327,0.01837392887934716,82.19607843137254,3.4005007033393184,66.53860449927865,48.33439550072136
2024-02-02,66.16,63.97,66.6,63.69,476.58M,4.97%,66.16,476580000.0,61.949,52.1892,0.04965889259082967,0.020001748320103128,86.3031071655041,3.6218686248667353,67.09955381870496,49.58944618129503
2024-02-05,69.33,68.22,69.5,67.21,680.08M,4.79%,69.33,680080000.0,62.91700000000001,52.577000000000005,0.047914147521160855,0.022857748893690244,87.49276201505499,4.006907667375486,68.2867261448151,50.42527385518491
2024-02-06,68.22,69.63,69.75,66.3,683.11M,-1.60%,68.22,683110000.0,63.751999999999995,52.967,-0.016010385114669012,0.024748221355779757,83.71191135734074,4.174366658886605,69.26404496523752,51.044955034762495
2024-02-07,70.1,68.32,70.22,67.6,495.58M,2.75%,70.1,495580000.0,64.626,53.4134,0.027557900908824262,0.024899742978142642,84.41971383147855,4.407967103416553,70.51150708746574,51.49349291253425
2024-02-08,69.64,70.07,70.79,69.46,414.42M,-0.65%,69.64,414420000.0,65.428,53.84139999999999,-0.0065620542082738265,0.02557971586595121,79.94100294985253,4.504058994676008,71.48038978177198,52.05361021822805
2024-02-09,72.13,70.53,72.18,70.21,436.64M,3.58%,72.13,436640000.0,66.538,54.327600000000004,0.03575531303848356,0.025227451660497672,82.3651452282158,4.7266488354670315,72.81309428520755,52.45190571479246
2024-02-12,72.25,72.6,74.61,71.25,613.71M,0.16%,72.25,613710000.0,67.51599999999999,54.809799999999996,0.0016636628309996127,0.02555448462311777,82.27320125130348,4.856750290953258,73.83737841870632,53.18162158129368
2024-02-13,72.13,70.4,73.45,69.62,602.58M,-0.17%,72.13,602580000.0,68.452,55.317,-0.0016608996539793086,0.025918524822717733,80.23582257158901,4.893761399485719,74.73719782026743,53.85680217973257
2024-02-14,73.9,73.2,74.24,71.94,504.92M,2.46%,73.9,504920000.0,69.689,55.85980000000001,0.024539026757244065,0.02308290188592122,81.78053830227745,5.008185927259184,75.71278440824648,54.66621559175352
2024-02-15,72.66,73.87,73.97,72.4,420.12M,-1.68%,72.66,420120000.0,70.652,56.4028,-0.016779431664411537,0.02550481248007747,79.1186780170255,4.941844050987569,76.27236518416252,55.6616348158375
2024-02-16,72.61,74.1,74.4,72.5,495.33M,-0.06%,72.61,495330000.0,71.297,56.92360000000001,-0.0006881365262867423,0.022623353195724828,77.28740581270182,4.8295608823874545,76.86248826846351,56.3835117315365
2024-02-20,69.45,71.95,71.96,67.73,704.83M,-4.35%,69.45,704830000.0,71.309,57.4026,-0.043520176284258305,0.0238494061200663,65.57835820895522,4.434472235964151,76.87426631129392,57.35173368870607
2024-02-21,67.47,68.01,68.89,66.25,690.30M,-2.85%,67.47,690300000.0,71.23400000000001,57.82,-0.02850971922246226,0.025101421721710055,63.39044183949503,3.9164458350801965,76.6394047581551,58.34659524184493
2024-02-22,78.54,75.03,78.57,74.22,865.10M,16.40%,78.54,865100000.0,72.078,58.4406,0.16407292129835493,0.05791909179920079,74.4251968503937,4.349029756494986,78.2677962230395,58.43620377696051
2024-02-23,78.82,80.79,82.39,77.57,829.39M,0.36%,78.82,829390000.0,72.99600000000001,59.084399999999995,0.0035650623885916666,0.05763014346988016,71.90311418685121,4.660723372914035,79.63971125920091,58.78428874079909
2024-02-26,79.09,79.7,80.65,78.5,503.97M,0.35%,79.09,503970000.0,73.69200000000001,59.713,0.00342552651611272,0.05716934201554393,68.76923076923077,4.873352578109433,80.6862928054685,59.54370719453152
2024-02-27,78.7,79.38,79.48,77.16,391.70M,-0.49%,78.7,391700000.0,74.337,60.325199999999995,-0.004931091161967438,0.057321852360190384,70.72784810126582,4.953294518611699,81.51853926491384,60.334460735086175
2024-02-28,77.66,77.62,78.93,77.13,393.11M,-1.32%,77.66,393110000.0,74.89000000000001,60.9114,-0.013214739517153795,0.05769712692355466,65.46644844517184,4.876516329334422,81.93729210982298,61.40470789017704
2024-02-29,79.11,79.09,79.99,78.35,507.29M,1.87%,79.11,507290000.0,75.41099999999999,61.5158,0.018671130569147598,0.05754887516993031,68.61974046401885,4.876459157344144,82.14912934648395,62.950870653516056
2024-03-01,82.28,80.0,82.3,79.44,479.14M,4.00%,82.28,479140000.0,76.373,62.1598,0.040070787511060635,0.0576140405685043,69.43699731903483,5.0737196732224845,82.95144480052573,64.07355519947427
2024-03-04,85.24,84.13,87.69,83.72,615.62M,3.60%,85.24,615620000.0,77.636,62.872600000000006,0.03597472046669892,0.0577493535878874,72.43523316062173,5.406573699358248,84.60727392458176,64.32572607541826
2024-03-05,85.96,85.27,86.1,83.42,520.64M,0.85%,85.96,520640000.0,79.287,63.6296,0.008446738620365934,0.05384860688031245,73.40101522842637,5.663179290212668,86.35152261070047,64.2444773892995
2024-03-06,88.7,88.02,89.72,87.03,582.52M,3.18%,88.7,582520000.0,81.41,64.4238,0.0318752908329456,0.05075788696009206,74.24639580602881,6.018261399398185,88.36491204511266,64.27908795488732
2024-03-07,92.67,90.16,92.77,89.6,608.12M,4.47%,92.67,608120000.0,82.82300000000001,65.3006,0.04475760992108224,0.0203264847510958,80.09022556390977,6.544570614293974,91.15393249354948,63.747067506450534
2024-03-08,87.53,95.14,97.4,86.51,1.14B,-5.55%,87.53,1140000000.0,83.69399999999999,66.06559999999999,-0.055465630732707494,0.030595492662268103,69.45748565466874,6.472310647454009,92.23603535226584,64.45396464773415
2024-03-11,85.77,86.43,88.8,84.17,678.36M,-2.00%,85.77,678360000.0,84.362,66.7926,-0.020107391751399528,0.0321071832337913,72.08987547374117,6.201539327024335,92.97250310466102,65.08149689533899
2024-03-12,91.91,88.05,91.96,86.15,668.08M,7.16%,91.91,668080000.0,85.683,67.6404,0.07158680191209044,0.037231116096370094,79.73236009732358,6.408524311564918,94.69607790427831,65.3239220957217
2024-03-13,90.89,91.06,91.5,88.43,635.71M,-1.12%,90.89,635710000.0,87.006,68.4678,-0.011097813078011054,0.0370504874213641,69.88727858293075,6.416292897041842,95.90877200372273,65.98722799627728
2024-03-14,87.94,89.58,90.65,86.6,602.32M,-3.24%,87.94,602320000.0,87.889,69.26320000000001,-0.03245681593134564,0.04011421806458385,63.52313167259786,6.113931613332397,96.53570490525462,66.76429509474539
2024-03-15,87.84,86.93,89.55,86.26,642.09M,-0.12%,87.84,642090000.0,88.445,70.0686,-0.0011371389583806346,0.03893625110268801,63.04023845007451,5.7993872273682285,96.90763427325068,67.9103657267493
2024-03-18,88.46,90.39,92.4,87.08,668.98M,0.70%,88.46,668980000.0,88.76700000000001,70.8778,0.007058287795992602,0.03761631006925229,64.44641799881586,5.53631812466277,97.16786904175643,69.23513095824356
2024-03-19,89.4,86.7,90.54,85.01,672.17M,1.07%,89.4,672170000.0,89.111,71.6838,0.010626271761248196,0.03764901030937356,67.42874109263659,5.342103663857486,96.81436223065089,71.58363776934911
2024-03-20,90.37,89.8,90.41,88.22,479.06M,1.09%,90.37,479060000.0,89.27799999999999,72.4462,0.010850111856823164,0.03652462237157455,66.95783132530121,5.206441580162661,95.47941243675682,75.20858756324317
2024-03-21,91.43,92.3,92.65,90.4,480.37M,1.18%,91.43,480370000.0,89.154,73.212,0.011729556268673225,0.03365557309420297,64.71534255387584,5.12537935983012,95.93984114209351,76.03715885790649
2024-03-22,94.29,91.14,94.78,90.83,586.72M,3.12%,94.29,586720000.0,89.83000000000001,74.0108,0.03128076123810564,0.028847890855324347,64.60148434979027,5.231608339799422,96.77199626689067,76.75200373310933
2024-03-25,95.0,93.94,96.77,93.51,552.14M,0.76%,95.0,552140000.0,90.753,74.8144,0.0075299607593593,0.027147409808880592,64.59005810200131,5.311854881487051,97.5290255128109,77.58597448718908
2024-03-26,92.56,95.85,96.38,92.5,513.65M,-2.57%,92.56,513650000.0,90.818,75.5714,-0.025684210526315754,0.01909985959608108,56.29074315514993,5.119548270199729,97.53278074287141,78.9682192571286
2024-03-27,90.25,93.11,93.24,89.12,586.07M,-2.50%,90.25,586070000.0,90.75399999999999,76.2488,-0.02495678478824548,0.020515105628648132,45.83046175051688,4.726264762550699,96.7363068864922,81.02369311350782
2024-03-28,90.36,90.0,91.3,89.19,435.21M,0.12%,90.36,435210000.0,90.99600000000001,76.935,0.0012188365650969146,0.0171827271556916,55.898290954564395,4.37305101994761,95.82647294216726,83.05852705783273
2024-04-01,90.36,90.3,92.22,89.2,452.44M,0.01%,90.36,452440000.0,91.248,77.6,0.0,0.017157140940580403,60.323886639676125,4.04648126696857,95.27280736126836,84.42019263873162
2024-04-02,89.45,88.45,90.09,87.62,433.06M,-1.01%,89.45,433060000.0,91.34700000000001,78.1992,-0.01007082779991142,0.017553581685380227,42.764705882352956,3.6719154346691028,95.03936933702573,85.07463066297424
2024-04-03,88.96,88.48,90.37,88.4,370.07M,-0.55%,88.96,370070000.0,91.303,78.7854,-0.005477920626048127,0.01733540457772975,44.14086217364904,3.297518666518016,94.83828991921231,85.5757100807877
2024-04-04,85.9,90.41,90.63,85.88,434.96M,-3.44%,85.9,434960000.0,90.85600000000001,79.306,-0.0343974820143883,0.019812935384870806,43.848009650180956,2.7225067408552945,95.04630918903497,85.08769081096504
2024-04-05,88.01,86.87,88.48,85.93,399.68M,2.45%,88.01,399680000.0,90.51400000000001,79.839,0.024563445867287426,0.021363551786625593,50.457235072619696,2.4092921923633526,94.7359669521538,84.9320330478462
2024-04-08,87.13,88.7,88.83,86.73,283.22M,-0.99%,87.13,283220000.0,89.798,80.3492,-0.009998863765481314,0.017516776154625133,46.472148541114066,2.066240427107701,94.75862557786442,84.86937442213556
2024-04-09,85.35,87.44,87.64,83.02,503.55M,-2.04%,85.35,503550000.0,88.833,80.8356,-0.02042924365890053,0.017035635672158454,39.7155916708989,1.6319264751027447,94.81293541581516,84.77306458418485
2024-04-10,87.04,83.93,87.4,83.71,431.93M,1.97%,87.04,431930000.0,88.281,81.327,0.019800820152314103,0.018543422493275435,41.84223419892211,1.4078693733882943,94.60935843363517,84.48964156636482
2024-04-11,90.62,87.42,90.74,86.93,431.64M,4.11%,90.62,431640000.0,88.31800000000001,81.884,0.04113051470588225,0.022401807309840555,48.23375490623636,1.5018660102400645,94.58222172364813,84.48977827635187
2024-04-12,88.19,89.7,90.17,87.53,426.80M,-2.68%,88.19,426800000.0,88.101,82.41720000000001,-0.026815272566762416,0.024016415912984295,36.44444444444444,1.3645486629274615,94.57929056254764,84.51770943745237
2024-04-15,86.0,89.1,90.61,85.93,443.08M,-2.48%,86.0,443080000.0,87.66499999999999,82.8766,-0.02483274747703823,0.025029636803757683,31.234361968306942,1.066712579842914,94.6823598889518,84.23064011104822
2024-04-16,87.42,86.43,88.12,86.06,370.45M,1.64%,87.42,370450000.0,87.462,83.3018,0.0165116279069768,0.025790302887148498,38.80662020905925,0.934485305861088,94.69243850987495,84.11656149012508
2024-04-17,84.04,88.34,88.78,83.95,495.40M,-3.87%,84.04,495400000.0,86.97,83.596,-0.038663921299473714,0.028301232552560177,37.07865168539328,0.5506094039566847,94.94325205891313,83.32974794108686
2024-04-18,84.67,84.97,86.19,82.4,447.26M,0.76%,84.67,447260000.0,86.84700000000001,83.925,0.007496430271299426,0.02656503905378895,38.41140529531569,0.2938335901688305,94.95526682661551,82.74773317338452
2024-04-19,76.2,83.15,84.32,75.61,875.20M,-10.00%,76.2,875200000.0,85.666,84.04700000000001,-0.10003543167591822,0.03933124237580896,28.55844942459116,-0.5863620883278458,96.28216570556138,79.89783429443862
2024-04-22,79.52,78.1,80.07,76.4,596.34M,4.35%,79.52,596340000.0,84.905,84.24459999999999,0.0435695538057741,0.043319479449319666,35.986452159187124,-1.0044485932659484,95.8476570879525,78.85534291204753
2024-04-23,82.42,80.77,82.77,80.26,438.56M,3.65%,82.42,438560000.0,84.61200000000001,84.45039999999999,0.03646881287726367,0.0452330400827719,41.35835095137422,-1.0892235063283806,94.68007930661453,78.76492069338546
2024-04-24,79.68,83.95,84.08,79.18,512.21M,-3.33%,79.68,512210000.00000006,83.876,84.59899999999999,-0.03324435816549376,0.04543229380169804,41.71108742004265,-1.3618052928436413,94.13109363252197,78.02590636747802
2024-04-25,82.63,78.87,83.32,78.22,424.64M,3.71%,82.63,424640000.0,83.077,84.80900000000001,0.03702309236947787,0.04495643123469481,42.98748696558914,-1.3245197376308937,93.63936475517436,77.75563524482563
2024-04-26,87.74,83.82,88.33,83.39,551.01M,6.18%,87.74,551010000.0,83.03200000000001,85.0858,0.06184194602444637,0.04941021214833879,50.71613054707679,-0.8725778383886507,93.26731957360838,77.8656804263916
2024-04-29,87.76,87.6,87.99,85.27,388.97M,0.03%,87.76,388970000.0,83.208,85.38780000000001,0.00022794620469590576,0.048605160747870725,52.95126132745532,-0.5069529562086785,92.88008791528914,77.99291208471085
2024-04-30,86.4,87.24,88.82,86.3,363.71M,-1.54%,86.4,363710000.0,83.106,85.6636,-0.015496809480401108,0.04867913449284515,49.20987654320988,-0.32320750200833004,92.50295574894805,78.06504425105196
2024-05-01,83.04,85.08,86.0,81.25,559.86M,-3.89%,83.04,559860000.0,83.006,85.93539999999999,-0.03888888888888886,0.048698994347911875,40.59086395233366,-0.4435982999765997,92.0562167780183,77.9197832219817
2024-05-02,85.82,84.45,86.24,83.2,377.90M,3.34%,85.82,377900000.0,83.12100000000001,86.30239999999999,0.03347784200385351,0.04982947224075431,47.083435884814165,-0.3110999416899034,92.05013390908064,77.91786609091935
2024-05-03,88.79,87.79,89.28,87.04,398.34M,3.46%,88.79,398340000.0,84.38000000000001,86.50740000000002,0.03460731764157554,0.0350441004348993,53.36875150929728,0.033177688781890424,92.16762948838654,77.87837051161345
2024-05-06,92.14,89.39,92.22,89.06,376.20M,3.77%,92.14,376200000.0,85.64200000000001,86.7738,0.03772947403986926,0.03457840823016469,55.445316105214594,0.5697692489659829,93.05234384590372,77.49465615409628
2024-05-07,90.55,91.1,91.78,89.01,437.34M,-1.72%,90.55,437340000.0,86.455,87.00299999999999,-0.017256349034078577,0.03510646439787502,57.83393501805053,0.8568450382958019,93.66282385354381,77.40417614645617
2024-05-08,90.41,89.48,91.19,89.42,325.72M,-0.16%,90.41,325720000.0,87.52799999999999,87.23719999999999,-0.0015461071231364087,0.03206729082226757,56.98977106673161,1.0608292602687897,94.09812592368188,77.30587407631812
2024-05-09,88.75,90.53,91.07,88.23,378.01M,-1.84%,88.75,378010000.0,88.14,87.459,-0.018360800796372034,0.03227227858034102,68.32116788321169,1.0761350836348669,93.81350046505703,77.40349953494298
2024-05-10,89.88,90.3,91.4,89.23,335.32M,1.27%,89.88,335320000.0,88.354,87.6744,0.01273239436619722,0.026288513723610907,66.15720524017468,1.1660056280540232,94.04346068694522,77.3425393130548
2024-05-13,90.4,90.48,91.0,88.53,289.68M,0.58%,90.4,289680000.0,88.61800000000001,87.83679999999998,0.005785491766800321,0.026288660293562534,63.4433962264151,1.264610691310608,94.5252558937223,77.30074410627769
2024-05-14,91.36,89.6,91.65,88.93,296.51M,1.06%,91.36,296510000.0,89.114,87.9592,0.010619469026548645,0.0255016819012636,70.93189964157705,1.4040350492317373,95.04172465222507,77.17827534777493
2024-05-15,94.63,92.47,94.86,91.6,417.74M,3.58%,94.63,417740000.0,90.273,88.1326,0.03579246935201397,0.02156206189752028,71.26151665485472,1.7581249587228598,96.28187025894223,76.99712974105776
2024-05-16,94.36,94.91,95.82,94.1,323.95M,-0.29%,94.36,323950000.0,91.127,88.2458,-0.002853217795624974,0.0208441633116977,64.15739948674081,1.993971754378606,97.30825079279442,76.93974920720557
2024-05-17,92.48,94.37,94.74,91.81,359.69M,-1.99%,92.48,359690000.0,91.496,88.24199999999999,-0.019923696481559894,0.020744118742983132,59.35023771790809,2.006057172577499,96.9848502224463,78.89114977755374
2024-05-20,94.78,93.75,95.2,93.44,318.76M,2.49%,94.78,318760000.0,91.75999999999999,88.387,0.024870242214532823,0.018741554976089078,66.00458365164248,2.1761405381455603,97.32255169817005,80.07944830182997
2024-05-21,95.39,93.6,95.4,93.18,328.95M,0.64%,95.39,328950000.0,92.244,88.57939999999999,0.006435956952943744,0.017343684133003967,76.35510029876228,2.333258382529138,97.93288290566555,80.76611709433446
2024-05-22,94.95,95.46,96.02,93.25,548.65M,-0.46%,94.95,548650000.0,92.69800000000001,88.64020000000001,-0.00461264283467866,0.017505618221846087,71.64532954006641,2.3946668545387126,97.7379095939426,82.4880904060574
2024-05-23,103.8,102.03,106.32,101.52,835.07M,9.32%,103.8,835070000.0,94.203,88.8984,0.09320695102685628,0.03115763856271241,77.8272154245458,3.12147216047741,100.17549507821,82.16750492179001
2024-05-24,106.47,104.45,106.47,103.0,429.49M,2.57%,106.47,429490000.0,95.862,89.26899999999999,0.025722543352601157,0.031267354883581254,77.25370863446179,3.8683256376603907,103.25127666069774,80.96472333930227
2024-05-28,113.9,110.24,114.94,109.88,652.73M,6.98%,113.9,652730000.0,98.212,89.7902,0.06978491593876224,0.034936704334288755,86.33675692499226,5.002090320494247,108.00873405555342,78.8212659444466
2024-05-29,114.82,113.05,115.49,110.9,557.44M,0.81%,114.82,557440000.0,100.55799999999999,90.31739999999999,0.00807726075504811,0.03505316904036279,87.08599209966579,5.906753928748756,111.88219161047599,77.78980838952401
2024-05-30,110.5,114.65,115.82,109.66,487.35M,-3.77%,110.5,487350000.0,102.14500000000001,90.7394,-0.03762410729838006,0.03961847312934605,80.57351700871524,6.203607138307149,113.67314540528255,78.74485459471745
2024-05-31,109.63,112.52,112.72,106.94,613.26M,-0.78%,109.63,613260000.0,103.672,91.12460000000002,-0.007873303167420853,0.03991891499636259,77.96658170489948,6.29608635219698,115.12595299515624,79.67304700484377
2024-06-03,115.0,113.62,115.0,112.0,438.39M,4.90%,115.0,438390000.0,105.924,91.596,0.04898294262519398,0.039002716436709585,80.62749003984065,6.725167373310697,117.5940495211117,79.82595047888829
2024-06-04,116.44,115.72,116.6,114.04,403.32M,1.25%,116.44,403320000.0,108.09,92.039,0.012521739130434861,0.03912156733976733,80.85629921259844,7.09957367334782,120.11122928215147,79.73877071784852
2024-06-05,122.44,118.37,122.45,117.47,528.40M,5.16%,122.44,528400000.0,110.795,92.5878,0.051528684300927496,0.03979020127721492,82.061332718469,7.790637598751843,123.54214047938443,79.49685952061559
2024-06-06,121.0,124.05,125.59,118.32,664.70M,-1.18%,121.0,664700000.0,113.4,93.15660000000001,-0.011760862463247257,0.04045926993869984,79.90570273911092,8.128415459410249,126.05021635227628,80.04778364772373
2024-06-07,120.89,119.77,121.69,118.02,412.39M,-0.09%,120.89,412390000.0,115.10900000000001,93.7694,-0.0009090909090908594,0.033190020825496255,83.21253214870237,8.291649789448499,127.94008844547824,81.37191155452174
2024-06-10,121.79,120.37,123.1,117.01,314.16M,0.75%,121.79,314160000.0,116.641,94.398,0.007444784514848202,0.033088752860131444,82.64442832970754,8.396843070367936,129.64532759348492,82.85767240651508
2024-06-11,120.91,121.77,122.87,118.74,222.55M,-0.72%,120.91,222550000.0,117.34199999999998,95.009,-0.007225552179981998,0.02708414889133203,80.64361191162344,8.31336950903281,130.79459793585886,84.75940206414113
2024-06-12,125.2,123.06,126.88,122.57,299.60M,3.55%,125.2,299600000.0,118.38,95.72400000000002,0.03548093623356219,0.028624662516155024,83.24906572873158,8.49545296372429,132.3801895438845,86.5578104561155
2024-06-13,129.61,129.39,129.8,127.16,260.70M,3.52%,129.61,260700000.0,120.29100000000001,96.537,0.03522364217252405,0.02437960315753615,81.43727161997563,8.893091534052658,134.69325604366867,87.7427439563313
2024-06-14,131.88,129.96,132.84,128.32,309.32M,1.75%,131.88,309320000.0,122.51599999999999,97.4566,0.01751408070364935,0.02285183498716276,81.25461254612546,9.284368573095676,136.8914119778206,89.29658802217939
2024-06-17,130.98,132.99,133.73,129.58,288.50M,-0.68%,130.98,288500000.0,124.11399999999999,98.31599999999999,-0.006824385805277555,0.021455261775740343,75.02930832356387,9.413325015957327,138.0103685405727,92.0276314594273
2024-06-18,135.58,131.14,136.33,130.69,294.34M,3.51%,135.58,294340000.0,126.02800000000002,99.285,0.03511986562834046,0.02252755069369322,77.46031746031746,9.774036473857976,139.72717839128154,94.39082160871844
2024-06-20,130.78,139.8,140.76,129.52,517.77M,-3.54%,130.78,517770000.0,126.86200000000001,100.1936,-0.035403451836554134,0.023839941021404954,76.48902821316611,9.562354151998292,139.8391121306658,97.81788786933421
2024-06-21,126.57,127.12,130.63,124.3,655.48M,-3.22%,126.57,655480000.0,127.41900000000001,100.9842,-0.032191466585104855,0.026356255181628537,70.35079288803456,8.951693026301967,138.39560279310746,102.42339720689249
2024-06-24,118.11,123.24,124.46,118.04,476.06M,-6.68%,118.11,476060000.0,127.14099999999999,101.53399999999999,-0.06684048352690208,0.03483287786445862,53.477969134421826,7.696369431795716,137.3847203316409,104.8652796683591
2024-06-25,126.09,121.2,126.5,119.32,425.79M,6.76%,126.09,425790000.0,127.571,102.29199999999999,0.06756413512827031,0.041205265639826745,59.41463414634146,7.261727077902833,136.94856241177337,107.26343758822662
2024-06-26,126.4,126.13,128.12,122.6,362.98M,0.25%,126.4,362980000.0,128.12,103.1,0.002458561345070942,0.04101919352071985,54.3459174714662,6.863169939349675,137.16575615530718,108.29624384469287
2024-06-27,123.99,124.1,126.41,122.92,252.57M,-1.91%,123.99,252570000.0,127.999,103.83139999999999,-0.019066455696202578,0.040164465632870364,53.21298087255533,6.2804465978695845,137.14067120154277,109.2383287984572
2024-06-28,123.54,124.58,127.71,122.75,315.52M,-0.36%,123.54,315520000.0,127.39199999999998,104.6214,-0.0036293249455600085,0.03818254964076066,52.8269682099424,5.716427494455047,136.44988864449166,111.23311135550831
2024-07-01,124.3,123.47,124.84,118.83,284.89M,0.62%,124.3,284890000.0,126.63400000000001,105.414,0.006151853650639305,0.037631999651281556,52.68564091589984,5.270014493267524,135.26289280595572,113.88710719404429
2024-07-02,122.67,121.13,123.41,121.03,218.37M,-1.31%,122.67,218370000.0,125.803,106.3434,-0.013113435237328996,0.037713398133805746,51.853411962931766,4.730175082157416,134.70912162660844,115.20787837339155
2024-07-03,128.28,121.66,128.28,121.36,215.75M,4.57%,128.28,215750000.0,125.07300000000001,107.3186,0.045732452922474964,0.03911892978816563,53.155737704918025,4.700840214966817,134.53074375475177,116.5702562452482
2024-07-05,125.83,127.38,128.85,125.68,214.18M,-1.91%,125.83,214180000.0,124.578,108.1868,-0.019098846273776116,0.03802779490685993,45.964987190435515,4.428844632809316,134.58021266229397,116.85978733770604
2024-07-08,128.2,127.49,130.77,127.04,237.68M,1.88%,128.2,237680000.0,124.74099999999999,109.15719999999999,0.018834936024795246,0.03711845816985938,46.080102258201954,4.354331346129683,134.71494735302397,117.44505264697605
2024-07-09,131.38,130.35,133.82,128.65,287.02M,2.48%,131.38,287020000.0,126.06800000000001,110.1322,0.024804992199688014,0.028596106563587954,50.40633888663146,4.500005194501725,135.18627867712632,118.02272132287365
2024-07-10,134.91,134.03,135.1,132.42,248.98M,2.69%,134.91,248980000.0,126.95,111.0756,0.02686862536154666,0.021734598768860258,49.304257528556576,4.844450458103722,136.28698844702265,118.23401155297736
2024-07-11,127.4,135.75,136.15,127.05,374.78M,-5.57%,127.4,374780000.0,127.05,111.86840000000001,-0.05566674079015632,0.0294760114579068,46.67715296893434,4.460019249152538,136.1025076661033,119.06749233389671
2024-07-12,129.24,128.26,131.92,127.22,252.68M,1.44%,129.24,252680000.0,127.575,112.7252,0.014442700156985788,0.028815678875266877,52.753144978346064,4.254780903117819,136.25784684761874,119.31615315238123
2024-07-15,128.44,130.56,131.39,127.18,208.33M,-0.62%,128.44,208330000.0,128.065,113.6332,-0.006190034045187365,0.028907501720692976,62.65001224589763,3.9816764336818693,136.16241717693455,119.29458282306547
2024-07-16,126.36,128.44,129.04,124.58,214.77M,-1.62%,126.36,214770000.0,128.271,114.44400000000002,-0.01619433198380571,0.029601806312635856,50.38648726023475,3.5564045395803987,135.67296707598732,119.23203292401271
2024-07-17,117.99,121.35,121.85,116.72,390.09M,-6.62%,117.99,390090000.0,127.803,115.02799999999999,-0.06623931623931623,0.03657081535569366,40.21865550127935,2.514993174804829,135.8600707475617,117.74592925243829
2024-07-18,121.09,121.85,122.4,116.56,320.98M,2.63%,121.09,320980000.0,127.08400000000002,115.60700000000001,0.026273413001101753,0.034108497815483224,46.68040293040294,1.9177051462791894,134.47335625719518,117.68364374280483
2024-07-19,117.93,120.35,121.6,117.37,217.22M,-2.61%,117.93,217220000.0,126.29400000000001,116.15459999999999,-0.02609629201420427,0.03449453566554725,43.953438241000214,1.1758104783884136,134.2711865914243,116.60081340857566
2024-07-22,123.54,120.35,124.07,119.86,258.07M,4.76%,123.54,258070000.0,125.82800000000002,116.8172,0.047570592724497596,0.03782195373592943,49.25839188134271,1.0286757901162673,134.1416980243261,116.42730197567391
2024-07-23,122.59,122.78,124.69,122.1,173.91M,-0.77%,122.59,173910000.0,124.949,117.494,-0.007689817063299409,0.03653767627266351,49.92088607594937,0.8258930481353559,133.810949289851,117.206050710149
2024-07-24,114.25,119.17,119.95,113.44,327.78M,-6.80%,114.25,327780000.0,122.883,117.9814,-0.06803165021616775,0.03919544247547388,36.83617939575905,-0.007693351401101722,134.61540992247228,115.21759007752772
2024-07-25,112.28,113.04,116.63,106.3,460.07M,-1.72%,112.28,460070000.0,121.37100000000001,118.41900000000001,-0.017242888402625778,0.036651903312349514,37.17099034273812,-0.8178514325034456,135.39638109133534,113.02461890866464
2024-07-26,113.06,116.19,116.2,111.58,293.40M,0.69%,113.06,293400000.0,119.753,118.853,0.006946918418240022,0.036125263328543086,35.2206169465053,-1.3810482033670581,135.91274197622025,111.41525802377978
2024-07-29,111.59,113.69,116.28,111.3,248.15M,-1.30%,111.59,248150000.0,118.06800000000001,119.1922,-0.013001945869449805,0.036053245157289096,30.014138557867113,-1.9238257508714156,136.45366160317386,109.67933839682613
2024-07-30,103.73,111.52,111.99,102.54,486.83M,-7.04%,103.73,486830000.0,115.80500000000002,119.3796,-0.07043641903396358,0.040349651821106725,21.043833580980703,-2.954163421983125,137.94892917992027,106.12707082007968
2024-07-31,117.02,112.9,118.34,110.88,473.17M,12.81%,117.02,473170000.0,115.70800000000001,119.8704,0.12812108358237717,0.05793533243937454,41.294867494129484,-2.6675714159084407,137.81908218553994,105.69191781446003
2024-08-01,109.21,117.53,120.16,106.81,523.46M,-6.67%,109.21,523460000.00000006,114.52000000000001,120.15899999999999,-0.06674072808067,0.06076063606968267,34.73090410123494,-3.0356537881757646,137.48682399005048,104.1171760099495
2024-08-02,107.27,103.76,108.72,101.37,482.03M,-1.78%,107.27,482030000.0,113.454,120.39659999999999,-0.017763941031041064,0.06055173235968793,34.137569309156305,-3.444200902764962,137.42351779214627,102.32448220785372
2024-08-05,100.45,92.06,103.41,90.69,552.84M,-6.36%,100.45,552840000.0,111.14500000000001,120.50659999999999,-0.06357788757341287,0.059444191503495225,31.873513362249895,-4.269083104762032,137.58402177364258,99.38897822635744
2024-08-06,104.25,103.84,107.71,100.55,409.01M,3.78%,104.25,409010000.0,109.311,120.5156,0.03782976605276245,0.06208569425580342,39.730941704035885,-4.563573911400624,136.2255029150573,98.03449708494274
2024-08-07,98.91,107.81,108.8,98.69,411.44M,-5.12%,98.91,411440000.0,107.777,120.3644,-0.05122302158273384,0.06068377502725571,33.96008099508242,-5.168276692540246,134.15367825792575,96.50632174207425
2024-08-08,104.97,102.0,105.5,97.52,391.91M,6.13%,104.97,391910000.0,107.046,120.1858,0.06126781922960278,0.0649600653198943,41.004997223764576,-5.099730134258877,132.6736082343233,95.74339176567669
2024-08-09,104.75,105.64,106.6,103.43,290.84M,-0.21%,104.75,290840000.0,106.215,119.98440000000001,-0.002095836905782633,0.06484030815477629,35.9039759939985,-5.005458840628066,130.47439002303562,95.49360997696436
2024-08-12,109.02,106.32,111.07,106.26,325.56M,4.08%,109.02,325560000.0,105.958,119.95479999999999,0.04076372315035792,0.06638402868949415,40.30298699442618,-4.533930518374547,127.98045914599302,96.04554085400696
2024-08-13,116.14,112.44,116.23,111.58,312.65M,6.53%,116.14,312650000.0,107.199,120.085,0.0653091175931022,0.06431479166511472,51.374545454545455,-3.5448535648326214,126.13456728203107,96.86943271796892
2024-08-14,118.08,118.53,118.6,114.07,339.25M,1.67%,118.08,339250000.0,107.30499999999999,120.14659999999999,0.016703977957637228,0.05032022791586988,54.22002328288708,-2.574780697358662,126.14752135493963,96.86547864506038
2024-08-15,122.86,118.76,123.24,117.47,318.09M,4.05%,122.86,318090000.0,108.67,120.275,0.04048102981029822,0.045196898272254794,56.73817381738174,-1.4040993260060333,126.49896979967022,96.69103020032978
2024-08-16,124.58,121.94,125.0,121.18,302.59M,1.40%,124.58,302590000.0,110.401,120.31779999999999,0.013999674426176112,0.043910474213973184,58.9009181855557,-0.33368971225675637,127.69806802367887,96.15693197632115
2024-08-19,130.0,124.28,130.0,123.42,318.33M,4.35%,130.0,318330000.0,113.356,120.49779999999998,0.043506180767378444,0.03438671883239071,68.62328087338722,0.9411177026437514,129.2400007516255,95.26099924837453
2024-08-20,127.25,128.4,129.88,125.89,300.09M,-2.12%,127.25,300090000.0,115.65599999999999,120.625,-0.02115384615384619,0.03720040668318703,58.52642107017837,1.7098002333761428,130.18303228641662,94.7839677135834
2024-08-21,128.5,127.32,129.35,126.66,257.88M,0.98%,128.5,257880000.0,118.61499999999998,120.7592,0.00982318271119853,0.02792993174256455,68.05165637282425,2.3922745781564885,132.28748876221823,94.10451123778178
2024-08-22,123.74,130.02,130.75,123.1,376.19M,-3.70%,123.74,376190000.0,120.49199999999999,120.8158,-0.03704280155642026,0.03154186062591117,64.63999999999999,2.5199992120652297,133.42431282135377,94.11368717864625
2024-08-23,129.37,125.86,129.6,125.22,323.23M,4.55%,129.37,323230000.0,122.95400000000002,120.89920000000001,0.04549862615160838,0.03192386042620198,76.26225935343261,3.040467239064199,135.4331349168176,93.73586508318233
2024-08-26,126.46,129.57,131.26,124.37,331.96M,-2.25%,126.46,331960000.0,124.69800000000001,120.8362,-0.022493622941949565,0.033949215032499584,70.50027690603653,3.181455382848995,136.77887960409748,93.87712039590252
2024-08-27,128.3,125.05,129.2,123.88,303.14M,1.46%,128.3,303140000.0,125.91400000000002,120.76459999999999,0.014550055353471647,0.029119500947728662,79.00138148805999,3.402440904243363,138.02491525786715,95.08808474213285
2024-08-28,125.61,128.12,128.33,122.64,448.10M,-2.10%,125.61,448100000.0,126.667,120.65720000000002,-0.020966484801247187,0.030610014608352023,71.81818181818178,3.322216558848723,138.83381178974255,95.13818821025748
2024-08-29,117.59,121.36,124.43,116.71,453.02M,-6.38%,117.59,453020000.0,126.14000000000001,120.29740000000001,-0.06384841971180633,0.03521925607097213,61.651542649727766,2.581730629450078,138.94414478095058,95.86585521904942
2024-08-30,119.37,119.53,121.75,117.22,333.75M,1.51%,119.37,333750000.0,125.619,120.0692,0.015137341610681254,0.03528496383119705,59.83653297852119,2.1141507060813467,139.02384305642389,96.99615694357615
2024-09-03,108.0,116.01,116.21,107.29,477.16M,-9.53%,108.0,477160000.0,123.41900000000001,119.6978,-0.09525006282985682,0.041410146932598556,42.842068237777,0.816711726734539,138.3163681116249,98.4586318883751
2024-09-04,106.21,105.41,113.27,104.12,372.47M,-1.66%,106.21,372470000.0,121.31500000000001,119.45980000000002,-0.016574074074074185,0.0413914847229711,39.53447363780639,-0.3518995730583754,138.13902249129413,98.83197750870588
2024-09-05,107.21,104.99,109.65,104.76,306.85M,0.94%,107.21,306850000.0,119.186,119.08220000000001,0.009415309292910345,0.0413621790865077,35.21632344606084,-1.183695895425359,137.11114867771525,100.68985132228474
2024-09-06,102.83,108.04,108.15,100.95,413.64M,-4.09%,102.83,413640000.0,117.095,118.6108,-0.040854397910642604,0.041582761272650884,30.437128980032398,-2.171300468272136,137.37025318637205,100.216746813628
2024-09-09,106.47,104.88,106.55,103.69,273.91M,3.54%,106.47,273910000.0,114.80499999999999,118.26039999999999,0.03539823008849563,0.03997297581574179,28.13603419438769,-2.629950199496591,137.19662282049416,100.56237717950586
2024-09-10,108.1,107.81,109.4,104.95,268.28M,1.53%,108.1,268279999.99999997,112.96900000000001,117.9516,0.015309476847938264,0.041323182676465044,31.8276712848738,-2.8292917245357074,137.25917576422736,100.40782423577264
2024-09-11,116.91,109.39,117.19,107.42,441.42M,8.15%,116.91,441420000.0,111.83,117.8038,0.08149861239592981,0.05091167812021501,40.38174273858922,-2.250436318517515,137.27718531055322,100.46681468944678
2024-09-12,119.14,116.84,120.79,115.38,367.10M,1.91%,119.14,367100000.0,111.18299999999999,117.7332,0.019074501753485684,0.05135761693072002,46.01524601524603,-1.5933793899446584,137.3266869936031,100.5233130063969
2024-09-13,119.1,119.08,119.96,117.6,238.36M,-0.03%,119.1,238360000.0,111.33399999999999,117.5496,-0.0003357394661742674,0.04687508192136125,40.1496259351621,-1.0636239115477508,137.04601083878512,100.42798916121487
2024-09-16,116.78,116.79,118.18,114.36,248.77M,-1.95%,116.78,248770000.0,111.075,117.3686,-0.019479429051217356,0.04709791467072746,40.60923554520762,-0.8215234779143117,136.4632423197938,100.23075768020621
2024-09-17,115.59,118.17,118.8,114.83,231.93M,-1.02%,115.59,231930000.0,111.83399999999999,117.11640000000001,-0.010190101044699418,0.03411152672274977,37.512281391235994,-0.7174103350058942,134.9188338962374,100.3341661037626
2024-09-18,113.37,115.89,117.7,113.22,310.32M,-1.92%,113.37,310320000.0,112.55,116.7562,-0.019205813651699932,0.03432588680597652,37.86195953986513,-0.8047586095362647,133.7049157943619,100.16008420563811
2024-09-19,117.87,117.35,119.66,117.25,293.51M,3.97%,117.87,293510000.0,113.61600000000001,116.4154,0.039693040486901365,0.035857599064606435,50.29850746268657,-0.5050484700995526,132.279904774641,100.52209522535897
2024-09-20,116.0,117.06,118.62,115.39,382.46M,-1.59%,116.0,382460000.0,114.93299999999999,116.1874,-0.01586493594638161,0.03263900957120048,46.41413066609916,-0.41365108484173163,131.51250709279043,100.51549290720958
2024-09-23,116.26,116.55,116.99,114.86,206.23M,0.22%,116.26,206230000.0,115.912,115.9278,0.0022413793103448487,0.031736188806043474,61.51059085841695,-0.3165887336016482,129.53076242013864,101.18623757986131
2024-09-24,120.87,116.51,121.8,115.38,354.97M,3.97%,120.87,354970000.0,117.189,115.77640000000001,0.03965250301049372,0.03315256729395257,68.94056847545221,0.13081440464745242,128.53162862202464,101.62637137797539
2024-09-25,123.51,122.02,124.94,121.61,284.69M,2.18%,123.51,284690000.0,117.849,115.7194,0.021841648051625695,0.023016777229501045,70.20327218641549,0.6904514570688463,127.44494990741829,102.23405009258171
2024-09-26,124.04,126.8,127.67,121.8,302.58M,0.43%,124.04,302580000.0,118.33900000000001,115.84039999999999,0.004291150514128317,0.022535068411658886,79.06275691970404,1.1633243447828363,127.10079254282707,102.42120745717293
2024-09-27,121.4,123.97,124.03,119.26,271.01M,-2.13%,121.4,271010000.0,118.569,115.8466,-0.02128345694937117,0.023940002673569813,71.0340941110172,1.3099532528803195,127.58922177170231,102.3137782282977
2024-09-30,121.44,118.31,121.5,118.15,227.05M,0.03%,121.44,227050000.0,119.03500000000001,115.91680000000001,0.0003294892915979286,0.022739050690040792,69.6755162241888,1.4130960925250093,127.87763869716002,102.23236130283996
2024-10-01,117.0,121.76,122.44,115.79,302.09M,-3.66%,117.0,302090000.0,119.176,115.786,-0.0365612648221344,0.02589686908157527,50.152387402641395,1.123614316263442,127.91005245115073,103.09994754884926
2024-10-02,118.85,116.44,119.38,115.14,221.85M,1.58%,118.85,221850000.0,119.724,115.7112,0.015811965811965756,0.02514042994856974,49.5025728987993,1.0315859808304282,127.81476853233308,104.4592314676669
2024-10-03,122.85,120.92,124.36,120.34,277.12M,3.37%,122.85,277120000.0,120.22200000000001,115.8832,0.033655868742112016,0.024272666203906952,55.66294170945334,1.2668163621198971,128.16646876787055,105.67153123212947
2024-10-04,124.92,124.94,125.04,121.83,244.47M,1.68%,124.92,244470000.0,121.11399999999999,116.13599999999998,0.016849816849817012,0.023426048086564497,62.38587948874011,1.6018052208267903,127.6700871248804,108.37691287511957
2024-10-07,127.72,124.99,130.64,124.95,346.25M,2.24%,127.72,346250000.0,122.25999999999999,116.4292,0.022414345180915785,0.02377142923855364,67.59501015375689,2.0693685121689356,128.03003276521716,110.14196723478285
2024-10-08,132.89,130.26,133.48,129.42,285.72M,4.05%,132.89,285720000.0,123.46200000000002,116.85520000000001,0.04047917319135608,0.023888314247430053,76.08230892570816,2.8245321334521805,129.7187864603573,110.9322135396427
2024-10-09,132.65,134.11,134.52,131.38,246.19M,-0.18%,132.65,246190000.0,124.376,117.43360000000001,-0.001806004966513508,0.02373190757288287,72.28588661037396,3.3648508437629374,131.84318374728412,110.3818162527159
2024-10-10,134.81,131.91,135.0,131.0,242.31M,1.63%,134.81,242310000.0,125.453,117.7894,0.01628345269506215,0.02385899753154798,78.11659192825115,3.9221392823965857,134.19408953926612,109.59791046073387
2024-10-11,134.8,134.01,135.78,133.66,170.21M,-0.01%,134.8,170210000.0,126.793,118.30120000000001,-7.41784734069606e-05,0.02175563124607121,77.921686746988,4.313266813720418,136.17388607885135,109.18811392114864
2024-10-14,138.07,136.47,139.6,136.3,232.35M,2.43%,138.07,232350000.0,128.456,118.91720000000001,0.024258160237388582,0.021799475477336894,76.993094789705,4.831406425854809,138.57159147486524,108.91940852513474
2024-10-15,131.6,137.87,138.57,128.74,377.83M,-4.69%,131.6,377830000.0,129.916,119.54019999999998,-0.04686028825957844,0.024485785953842678,61.333706920706085,4.666172145608456,139.246352161912,109.845647838088
2024-10-16,135.72,133.98,136.62,131.58,264.88M,3.13%,135.72,264880000.0,131.603,120.16959999999999,0.03130699088145894,0.025225792577480057,64.86761710794299,4.812200306149279,140.18358304311545,111.14341695688454
2024-10-17,136.93,139.34,140.89,136.87,306.44M,0.89%,136.93,306440000.0,133.011,120.93,0.008915414087828033,0.024239715597033296,70.51519154557468,4.968294160633974,141.4807067786316,111.7522932213684
2024-10-18,138.0,138.66,138.9,137.28,176.09M,0.78%,138.0,176090000.0,134.31900000000002,121.5906,0.007814211640984503,0.024173061114409495,71.29629629629633,5.119327304054934,142.52873573159857,112.90426426840143
2024-10-21,143.71,138.13,143.71,138.0,264.56M,4.14%,143.71,264560000.0,135.918,122.3698,0.04137681159420303,0.025912468968450356,83.2627646326277,5.6348167776291405,144.50619190760156,113.67180809239842
2024-10-22,143.59,142.91,144.42,141.78,226.31M,-0.08%,143.59,226310000.0,136.988,123.06120000000001,-0.0008350149606847213,0.02412948321454476,82.19677251431551,5.96490321102624,146.42079997536808,114.02920002463192
2024-10-23,139.56,142.03,142.43,137.46,285.93M,-2.81%,139.56,285930000.0,137.67900000000003,123.52959999999999,-0.02806602131067626,0.02662021449346096,71.72951885565672,5.834060351596321,147.41179655750403,114.64320344249597
2024-10-24,140.41,140.82,141.35,138.46,172.36M,0.61%,140.41,172360000.0,138.23899999999998,123.97619999999999,0.006090570364001069,0.02635147882117436,70.80311576685472,5.732869389346746,148.39526857979968,115.29673142020033
2024-10-25,141.54,140.93,144.13,140.8,205.12M,0.80%,141.54,205120000.0,138.91299999999998,124.3498,0.00804785983904277,0.026323658398232933,69.43194600674917,5.678399326167181,149.1753812762215,116.53061872377853
2024-10-28,140.52,143.0,143.14,140.05,173.59M,-0.72%,140.52,173590000.0,139.158,124.66860000000001,-0.007206443408223739,0.02566542332389118,62.14581343521178,5.489644725941957,149.5404348643775,118.07356513562249
2024-10-29,141.25,140.29,142.26,138.9,157.59M,0.52%,141.25,157590000.0,140.123,124.8936,0.005194990037005409,0.01907368630644119,63.47962382445142,5.337433632022567,148.93155077772997,121.10744922227003
2024-10-30,139.34,139.54,140.33,136.81,179.42M,-1.36%,139.34,179420000.0,140.485,125.1354,-0.013522123893805249,0.01803477045153556,57.15639810426541,5.004989799099718,147.79189100893976,124.29610899106028
2024-10-31,132.76,137.6,137.61,132.11,270.04M,-4.72%,132.76,270040000.0,140.068,125.22060000000002,-0.0472226209272284,0.02374602313125368,47.33124018838301,4.1625909009510735,146.66870836518314,126.41029163481689
2024-11-01,135.4,134.7,137.31,134.57,207.13M,1.99%,135.4,207130000.0,139.808,125.45380000000002,0.019885507683037096,0.024637489569473457,46.44852354349563,3.665753121479014,145.62471308423738,128.50228691576262
2024-11-04,136.05,137.21,138.96,135.57,187.53M,0.48%,136.05,187530000.0,139.042,125.5874,0.004800590841949726,0.019780338206775813,57.003462385898665,3.2865696404512903,144.85570692419458,130.1042930758054
2024-11-05,139.91,137.45,140.37,137.33,160.54M,2.84%,139.91,160540000.0,138.674,125.8564,0.028371922087467638,0.022481934757710965,56.64868295779118,3.2599550084158864,144.9506951442742,130.71130485572579
2024-11-06,145.61,142.96,146.49,141.96,242.04M,4.07%,145.61,242040000.0,139.279,126.2026,0.040740476020298955,0.02420447437683555,62.055555555555564,3.656653459004474,145.96301496524651,130.99498503475346
2024-11-07,148.88,146.39,148.93,146.17,207.32M,2.25%,148.88,207320000.0,140.126,126.66799999999999,0.022457248815328512,0.024866898318381882,64.24083769633508,4.186640524747617,147.7771222476024,130.58787775239762
2024-11-08,147.63,148.77,149.77,146.26,175.67M,-0.84%,147.63,175670000.0,140.735,127.2688,-0.008396023643202577,0.025268259405827585,55.80912863070538,4.454446453466659,148.9407200934982,130.70727990650184
2024-11-11,145.26,148.68,148.85,143.57,182.33M,-1.61%,145.26,182330000.0,141.209,127.78659999999999,-0.01605364763259498,0.0258717604327071,52.320088913587085,4.424443161682802,149.5719930128678,130.7950069871322
2024-11-12,148.29,146.78,149.65,146.01,198.64M,2.09%,148.29,198640000.0,141.913,128.5924,0.020859149111937203,0.026445177111966794,62.474992855101455,4.592224706163449,150.1577814093425,131.8782185906575
2024-11-13,146.27,149.07,149.33,145.9,191.90M,-1.36%,146.27,191900000.0,142.606,129.3936,-0.013621956976195171,0.026453044540652944,58.102876106194714,4.510204836954102,150.61533078818746,132.47566921181254
2024-11-14,146.76,147.64,149.0,145.55,194.46M,0.33%,146.76,194460000.0,144.006,130.1846,0.0033499692349763244,0.019146275866886418,57.347972972972975,4.433634229032805,151.11908670666637,132.9549132933336
2024-11-15,141.98,144.87,145.24,140.08,250.13M,-3.26%,141.98,250130000.0,144.664,130.9676,-0.0325701826110657,0.023006433693382827,51.858452138492844,3.9418067244900783,151.11784760295643,133.35415239704355
2024-11-18,140.15,139.5,141.55,137.15,221.87M,-1.29%,140.15,221870000.0,145.074,131.6412,-0.01288913931539637,0.02369278335082637,48.63793957404657,3.3655680046974794,150.95813979783972,133.15786020216026
2024-11-19,147.01,141.32,147.13,140.99,227.84M,4.89%,147.01,227840000.0,145.78400000000002,132.4194,0.048947556189796515,0.02680793750519661,58.460180895654084,3.422981338139749,151.38093140386718,133.0770685961328
2024-11-20,145.89,147.41,147.56,142.73,309.87M,-0.76%,145.89,309870000.0,145.81199999999998,132.999,-0.007618529351744785,0.02390556368359936,66.46601454727868,3.3396102308578577,151.74648043975043,133.34451956024958
2024-11-21,146.67,149.35,152.89,140.7,400.95M,0.53%,146.67,400950000.0,145.591,133.5496,0.005346493933785723,0.022738955697285495,64.82504604051566,3.298454973234101,152.17873779909166,133.53826220090832
2024-11-22,141.95,145.93,147.16,141.1,236.41M,-3.22%,141.95,236410000.0,145.023,134.0066,-0.03218108679348197,0.024725017707396223,57.01045627376424,2.8520973785347223,152.1888248047305,133.56917519526948
2024-11-25,136.02,141.99,142.05,135.82,344.94M,-4.18%,136.02,344940000.0,144.099,134.3914,-0.041775272983444744,0.02735734169885503,45.59456398640997,1.9968360450405385,152.4106655218523,132.89733447814768
2024-11-26,136.92,137.7,139.3,135.67,190.29M,0.66%,136.92,190290000.0,142.962,134.81799999999998,0.006616674018526503,0.02613462211431162,38.958068614993586,1.3757984071742726,152.51232088126196,132.36267911873804
2024-11-27,135.34,135.01,137.22,131.8,226.37M,-1.15%,135.34,226370000.0,141.869,135.2574,-0.011539585159216936,0.026089916529700857,32.023366967604844,0.7475119569123478,152.7217194699832,131.7532805300168
2024-11-29,138.25,136.78,139.35,136.05,141.86M,2.15%,138.25,141860000.0,141.018,135.665,0.021501403871730496,0.027515797892896543,38.07222787385551,0.47888283540331145,152.20936502463894,132.81463497536106
2024-12-02,138.63,138.83,140.45,137.82,171.68M,0.27%,138.63,171680000.0,140.683,136.1176,0.0027486437613020165,0.025890327113319275,41.119742834181594,0.29327446002841384,151.97151852122755,133.37548147877243
2024-12-03,140.26,138.26,140.54,137.95,164.41M,1.18%,140.26,164410000.0,140.694,136.59759999999997,0.011757916756834685,0.02592059506652929,38.82549401614245,0.2745411236517157,151.73029544826156,134.03770455173841
2024-12-04,145.14,141.99,145.79,140.29,231.22M,3.48%,145.14,231220000.0,140.507,137.083,0.03479252816198475,0.023219448903353545,48.54343903067797,0.6460230837708139,151.93062732436485,134.36037267563515
2024-12-05,145.06,145.11,146.54,143.95,172.62M,-0.06%,145.06,172620000.0,140.424,137.514,-0.0005511919525973408,0.02310407107547632,47.78530484627411,0.9233263507157403,151.87403996047942,134.36196003952057
2024-12-06,142.44,144.6,145.7,141.31,188.51M,-1.81%,142.44,188510000.0,140.001,137.882,-0.018061491796498075,0.02364470835235378,50.635008282716754,0.9210616584279876,151.12299452952715,134.46900547047284
2024-12-09,138.81,138.97,139.95,137.13,189.31M,-2.55%,138.81,189310000.0,139.68699999999998,138.2302,-0.02548441449031169,0.022795582869730463,48.23776959495002,0.6192182481349562,150.53701493649888,134.1729850635011
2024-12-10,135.07,139.01,141.82,133.79,210.02M,-2.69%,135.07,210020000.0,139.59199999999998,138.5028,-0.026943303796556517,0.02026170241352973,32.89398280802288,0.07732704920871925,150.52009563747623,133.17090436252374
2024-12-11,139.31,137.36,140.17,135.21,184.90M,3.14%,139.31,184900000.0,139.831,138.94899999999998,0.03139113052491305,0.02260937811395925,41.34665965281431,-0.009879184129061969,149.58244501505544,133.21055498494457
2024-12-12,137.34,137.08,138.44,135.8,159.21M,-1.41%,137.34,159210000.0,140.031,139.31879999999998,-0.014141124111693326,0.022796180138680962,38.10252486610558,-0.23524156997342516,148.98954698907286,132.9104530109271
2024-12-13,134.25,138.94,139.6,132.54,231.52M,-2.25%,134.25,231520000.0,139.631,139.5468,-0.02249890782000874,0.022796125682851325,39.75518893028206,-0.6556224526723327,148.40725480657395,132.24174519342606
2024-12-16,132.0,134.18,134.4,130.42,237.95M,-1.68%,132.0,237950000.0,138.96800000000002,139.6884,-0.016759776536312887,0.023110699891806932,44.07079646017697,-1.1569963926480966,148.6739134171068,130.9770865828932
2024-12-17,130.39,129.09,131.59,126.86,259.41M,-1.22%,130.39,259410000.00000003,137.981,139.7418,-0.012196969696969817,0.02245316098905588,40.566310314937866,-1.6650586374422573,149.1360925412535,129.5389074587465
2024-12-18,128.91,133.86,136.7,128.28,277.44M,-1.14%,128.91,277440000.0,136.358,139.66219999999998,-0.01135056369353471,0.016972225907544138,40.683859750796856,-2.162200753592174,148.5844401827295,128.28055981727044
2024-12-19,130.68,131.76,134.03,129.55,209.72M,1.37%,130.68,209720000.0,134.92000000000002,139.6228,0.013730509657901013,0.018539369704335073,38.65747677554691,-2.385862516916575,147.7502592481895,127.59374075181049
2024-12-20,134.7,129.81,135.28,128.22,306.53M,3.08%,134.7,306530000.0,134.146,139.6206,0.030762167125803375,0.022296412779460935,44.69062415563361,-2.213223015054865,146.28640233714202,127.86059766285798
2024-12-23,139.67,136.28,139.79,135.12,176.05M,3.69%,139.67,176050000.0,134.232,139.718,0.036896807720861124,0.024640340683571262,49.26889714993804,-1.6562749949061981,145.97259100551616,127.94640899448382
2024-12-24,140.22,140.0,141.9,138.65,105.16M,0.39%,140.22,105160000.0,134.747,139.761,0.003937853511849498,0.022616639586363407,43.17046085508053,-1.1571701358734003,146.28555056451364,128.05344943548636
2024-12-26,139.93,139.7,140.85,137.73,116.52M,-0.21%,139.93,116520000.0,134.80900000000003,139.9276,-0.002068178576522528,0.02048488903843066,42.92023185205632,-0.7760803444844839,146.51772740810017,128.12227259189982
2024-12-27,137.01,138.55,139.02,134.71,170.58M,-2.09%,137.01,170580000.0,134.776,139.9534,-0.02086757664546568,0.02112430718408193,42.567752532165336,-0.701595974085933,146.55575200932196,128.251247990678
2024-12-30,137.49,134.83,140.27,134.02,167.74M,0.35%,137.49,167740000.0,135.1,139.9646,0.0035033939128532587,0.019598028316276106,48.022768124625536,-0.5969532796245289,146.50926054160092,128.22173945839907
2024-12-31,134.29,138.03,138.07,133.83,155.66M,-2.33%,134.29,155660000.0,135.329,139.8904,-0.023274419957815207,0.020403288914936396,48.812423873325216,-0.7634360314895332,146.37155640629598,127.92544359370406
2025-01-02,138.31,136.0,138.88,134.63,198.25M,2.99%,138.31,198250000.0,136.121,139.7824,0.0299352148335692,0.021488418273277406,48.4671980380135,-0.564487349543441,146.17627063766102,127.92572936233894
2025-01-03,144.47,140.01,144.9,139.73,229.32M,4.45%,144.47,229320000.0,137.677,139.8,0.044537632853734355,0.02360333247201282,59.68486824232543,0.08921304058006285,146.02185420987394,128.01314579012603
2025-01-06,149.43,148.59,152.16,147.82,265.38M,3.43%,149.43,265380000.0,139.552,139.9974,0.034332387346854176,0.02467416355402988,69.62254395036192,0.9960243087328706,147.2207871653268,127.25121283467321
2025-01-07,140.14,153.03,153.13,140.01,351.78M,-6.22%,140.14,351780000.0,140.096,139.99200000000002,-0.062169577728702574,0.03348912964194258,58.90201224846891,0.9540556520579173,146.90436913230715,127.33763086769288
2025-01-08,140.11,142.58,143.95,137.56,227.35M,-0.02%,140.11,227350000.0,140.14000000000001,139.9634,-0.0002140716426428657,0.031494071318352794,61.01042138649753,0.9079086344116547,147.03368078494313,127.33831921505688
2025-01-10,135.91,137.45,139.92,134.22,207.60M,-3.00%,135.91,207600000.0,139.709,139.8712,-0.02997644707729652,0.03290872625344752,57.4690567648314,0.526364291419128,147.0447989208634,127.41120107913663
2025-01-13,133.23,129.99,133.49,129.51,204.81M,-1.97%,133.23,204810000.0,139.039,139.7108,-0.019718931645942184,0.03334592231080942,52.669039145907455,0.007645911109676717,146.84533564862434,127.00266435137567
2025-01-14,131.76,136.05,136.38,130.05,195.59M,-1.10%,131.76,195590000.0,138.51399999999998,139.5592,-0.01103355100202652,0.03294867157097358,46.749226006191954,-0.5161094684616501,146.8274751411448,126.46252485885518
2025-01-15,136.24,133.65,136.45,131.29,185.22M,3.40%,136.24,185220000.0,138.38899999999998,139.62879999999998,0.03400121432908332,0.03500665798400082,46.16588419405325,-0.5631986180578394,146.86715094257897,126.621849057421
2025-01-16,133.57,138.64,138.75,133.49,209.24M,-1.96%,133.57,209240000.0,138.31699999999998,139.5922,-0.019597768643570324,0.034757652954853537,42.90288153681964,-0.8066650615527919,146.81423004913654,126.83176995086346
2025-01-17,137.71,136.69,138.5,135.46,201.19M,3.10%,137.71,201190000.0,138.257,139.62539999999998,0.03099498390357125,0.03486049851474259,47.81065088757398,-0.6579659496294141,146.71338841799695,127.66461158200302
2025-01-21,140.83,139.16,141.83,137.09,197.75M,2.27%,140.83,197750000.0,137.893,139.6438,0.02265630673153729,0.03235939818523996,53.75245579567781,-0.2850767200640689,146.59291629579428,128.97708370420577
2025-01-22,147.07,144.66,147.79,143.67,237.65M,4.43%,147.07,237650000.0,137.65699999999998,139.673,0.0443087410352907,0.0337311720336077,58.453935757147875,0.5080994765476987,147.67499229790482,129.53400770209512
2025-01-23,147.22,145.05,147.23,143.72,155.92M,0.10%,147.22,155920000.0,138.365,139.6398,0.0010199224858911116,0.026061180853634635,62.05931729155007,1.135709323163212,148.87627786009776,129.58472213990225
2025-01-24,142.62,148.37,148.97,141.88,234.66M,-3.12%,142.62,234660000.0,138.61599999999999,139.53959999999998,-0.03124575465290036,0.028515266698469367,53.97674847757889,1.2475323161165477,149.14157699767406,129.6144230023259
2025-01-27,118.42,124.8,128.4,116.7,818.83M,-16.97%,118.42,818830000.0,136.86700000000002,139.00279999999998,-0.16968167157481417,0.06133495750370228,31.967326595597413,-0.6095582998444513,151.80268690370954,124.77331309629048
2025-01-28,128.99,121.81,129.0,116.25,579.67M,8.93%,128.99,579670000.0,136.443,138.6168,0.08925857118729952,0.06898210024691034,36.87050359712231,-1.214406408647534,151.8484417092179,123.63355829078208
2025-01-29,123.7,126.5,126.89,120.05,467.12M,-4.10%,123.7,467120000.0,135.637,138.1654,-0.0410109310799287,0.07011196791228771,38.86782231852656,-2.096445167297844,152.52049302277982,121.63050697722021
2025-01-30,124.65,123.1,125.0,118.1,392.93M,0.77%,124.65,392930000.0,134.478,137.7232,0.007679870654810017,0.06901524967334273,39.66024612092028,-2.6878265859863006,152.84325355022065,120.02374644977938
2025-01-31,120.07,123.78,127.85,119.19,390.37M,-3.67%,120.07,390370000.0,133.12800000000001,137.28499999999997,-0.036742880064179806,0.06958568558424456,39.45967527282407,-3.4858852292780114,153.68233340093954,117.76266659906045
2025-02-03,116.66,114.75,118.57,113.01,371.24M,-2.84%,116.66,371240000.0,131.023,136.8152,-0.028400099941700674,0.0683857251304457,39.0800052721761,-4.343442454315323,154.45698792769335,114.82301207230668
2025-02-04,118.65,116.96,121.2,116.7,256.55M,1.71%,118.65,256550000.0,128.805,136.248,0.01705811760672038,0.06807254169371424,41.4190339049614,-4.807073414623019,153.8228826184412,112.87511738155877
2025-02-05,124.83,121.76,125.0,120.76,263.11M,5.21%,124.83,263110000.0,126.58099999999999,135.8268,0.05208596713021496,0.06886242311110674,42.69432705852221,-4.622544128087753,151.44893958114068,112.78906041885932
2025-02-06,128.68,127.42,128.77,125.21,251.48M,3.08%,128.68,251480000.0,124.727,135.467,0.03084194504526172,0.0702174721787639,46.915604894663815,-4.118168828060547,150.55151100131417,112.54048899868582
2025-02-07,129.84,129.22,130.37,125.0,228.19M,0.90%,129.84,228190000.0,123.449,135.22480000000002,0.009014609884985925,0.0700827352480671,44.84205007209332,-3.583536683275028,149.61398243477106,112.45101756522895
2025-02-10,133.57,130.09,135.0,129.96,216.99M,2.87%,133.57,216990000.0,124.96400000000001,135.1758,0.02872766481823774,0.040926376011992754,45.27958387516254,-2.8262774623373446,149.39686868365203,112.434131316348
2025-02-11,132.8,132.58,134.48,131.02,178.90M,-0.58%,132.8,178900000.0,125.345,135.0934,-0.005764767537620563,0.03105596121006834,40.01119977600449,-2.2621994121743683,149.36502926491332,112.42297073508671
2025-02-12,131.14,130.02,132.24,129.08,160.28M,-1.25%,131.14,160280000.0,126.08899999999998,135.0094,-0.012500000000000178,0.027653324910730637,38.97724156841239,-1.9268995220218699,149.32999029420702,112.39600970579298
2025-02-13,135.29,131.55,136.5,131.17,197.43M,3.16%,135.29,197430000.0,127.15300000000002,134.9502,0.03164556962025311,0.028810119521308977,44.9441302248586,-1.3111870779192714,149.2290664803518,112.40193351964817
2025-02-14,138.85,136.48,139.25,135.5,195.48M,2.63%,138.85,195480000.0,129.031,134.9546,0.026313844334392877,0.024337494006154446,69.7010607521697,-0.5298603815093088,149.80805570906068,112.35094429093932
2025-02-18,139.4,141.27,143.44,137.93,219.18M,0.40%,139.4,219180000.0,131.305,134.9374,0.003961109110551142,0.01963757884870098,62.44322256753525,0.13220310293164061,150.03323801211687,112.29476198788316
2025-02-19,139.23,139.51,141.36,137.22,167.54M,-0.12%,139.23,167540000.0,133.363,134.8192,-0.0012195121951220633,0.020577402184913395,71.15227458458182,0.6358459684858815,149.79357807057573,112.37442192942427
2025-02-20,140.11,140.03,140.66,136.79,143.90M,0.63%,140.11,143900000.0,134.89100000000002,134.72019999999998,0.006320476908712402,0.01640239454211879,71.09716157205237,1.0933912794644414,148.42467541379958,113.04732458620046
2025-02-21,134.43,140.04,141.46,134.03,228.22M,-4.05%,134.43,228220000.0,135.466,134.56,-0.040539576047391335,0.02180530356892247,69.02490726020136,0.9863012378725386,146.12258436268883,114.07041563731117
2025-02-24,130.28,136.56,138.59,130.08,251.38M,-3.09%,130.28,251380000.0,135.51000000000002,134.3894,-0.030871085323216585,0.024400682817952265,67.69750519750517,0.560104752433034,144.3865798792498,114.57242012075021
2025-02-25,126.63,129.98,130.2,124.44,271.43M,-2.80%,126.63,271430000.0,134.81599999999997,134.2206,-0.028016579674547182,0.02372323931572883,59.940209267563496,-0.07136092422106799,143.9424341401473,115.83756585985273
2025-02-26,131.28,129.99,133.73,128.49,322.55M,3.67%,131.28,322550000.0,134.664,134.06,0.036721156124141174,0.027142404134550775,58.352758352758336,-0.1943455891299095,144.06337391612476,115.94562608387525
2025-02-27,120.15,135.0,135.01,120.01,443.18M,-8.48%,120.15,443180000.0,133.565,133.71620000000001,-0.084780621572212,0.03803671959036124,40.70603617345828,-1.176349579139611,144.30443085670055,115.34956914329945
2025-02-28,124.92,118.02,125.09,116.4,389.09M,3.97%,124.92,389090000.0,132.52800000000002,133.52960000000002,0.03970037453183517,0.03904263244725892,45.03030303030303,-1.551807410866445,144.29809458044974,115.38290541955023
2025-03-03,114.06,123.51,123.7,112.28,411.38M,-8.69%,114.06,411380000.0,130.049,133.17079999999999,-0.0869356388088377,0.044299107460859175,32.774147978103514,-2.6946099011268814,145.06322673998778,114.01677326001226
2025-03-04,115.99,110.64,119.31,110.11,398.16M,1.69%,115.99,398160000.0,127.70800000000001,132.8828,0.016920918814658847,0.045211543664410124,35.45596123896868,-3.4053000584405737,145.1491936366645,113.86380636333547
2025-03-05,117.3,117.58,118.28,114.51,284.34M,1.13%,117.3,284340000.0,125.51500000000001,132.6506,0.011294077075610032,0.04587347659205338,37.95264623955434,-3.8188003234762107,145.28921852746643,113.58878147253361
2025-03-06,110.57,113.53,115.35,110.22,321.18M,-5.74%,110.57,321180000.0,122.56099999999999,132.2484,-0.05737425404944585,0.04683888488767398,29.406864378540504,-4.636114772453112,146.60258674591512,110.8494132540849
2025-03-07,112.69,111.25,113.48,107.56,341.76M,1.92%,112.69,341760000.0,120.38699999999999,131.8082,0.019173374333001814,0.04805812382870655,27.671560259474248,-5.0545108248144714,147.1883294753343,108.66467052466567
2025-03-10,106.98,109.9,111.85,105.46,366.49M,-5.07%,106.98,366490000.0,118.05699999999999,131.1544,-0.05066997959002573,0.0491159655156695,24.56855977408223,-5.780211312279192,148.16377253531215,105.40322746468779
2025-03-11,108.76,106.99,112.24,104.77,354.87M,1.66%,108.76,354870000.0,116.27000000000001,130.52519999999998,0.016638624041876993,0.05016298689065041,26.68706962509566,-6.1409144142839835,148.11132629104247,102.97467370895752
2025-03-12,115.74,114.12,116.76,112.88,323.86M,6.42%,115.74,323860000.0,114.71600000000001,130.0414,0.06417800662008077,0.053858792976958066,32.94611616515044,-5.796725512273099,147.39264069963784,101.98735930036214
2025-03-13,115.58,117.03,117.76,113.79,299.03M,-0.14%,115.58,299030000.0,114.25899999999999,129.6128,-0.001382408847416583,0.04724788142813612,35.70453511299863,-5.473765825372567,146.75001503034633,101.07398496965368
2025-03-14,121.67,118.61,121.88,118.15,277.59M,5.27%,121.67,277590000.0,113.93400000000001,129.2964,0.05269077695102964,0.04870377262258552,43.65699130691027,-4.672543668110066,145.44419370862394,101.01780629137605
2025-03-17,119.53,122.74,122.89,118.03,255.50M,-1.76%,119.53,255500000.0,114.48100000000002,129.0012,-0.017588559217555644,0.03920555367943271,44.650391802290535,-4.162269400532779,143.26552380299137,101.26447619700866
2025-03-18,115.43,118.0,119.02,114.54,299.69M,-3.43%,115.43,299690000.0,114.425,128.5436,-0.03430101229816773,0.04084323106442843,37.957757179759916,-4.042114126498916,140.63680755748976,101.49619244251022
2025-03-19,117.52,117.27,120.44,115.68,273.43M,1.81%,117.52,273430000.0,114.44699999999997,128.00459999999998,0.0181062115567876,0.04110358420015025,47.683635723093175,-3.735187753663297,137.6226622918889,102.33933770811107
2025-03-20,118.53,116.55,120.2,116.47,248.83M,0.86%,118.53,248830000.0,115.24300000000001,127.3866,0.008594281824370276,0.03563309774674303,43.972835314091675,-3.3715823304597308,133.78383718143488,104.02016281856513
2025-03-21,117.7,116.94,117.99,115.42,266.50M,-0.70%,117.7,266500000.0,115.74399999999999,126.93780000000001,-0.007002446637981885,0.0356453124753607,54.23452768729641,-3.114494522189588,131.02949463290943,105.10150536709057
2025-03-24,121.41,119.88,122.22,119.34,228.45M,3.15%,121.41,228450000.0,117.18700000000001,126.56380000000001,0.03152081563296516,0.030506967986712645,56.05451295799821,-2.581625219160941,129.37710925871,105.86689074129002
2025-03-25,120.69,120.54,121.29,118.92,167.45M,-0.59%,120.69,167450000.0,118.38,126.2594,-0.005930318754633013,0.03104981997245209,53.83744623047318,-2.1921506914984974,128.40244697928838,106.2475530207116
2025-03-26,113.76,118.73,118.84,112.71,296.43M,-5.74%,113.76,296430000.0,118.18199999999999,125.87,-0.05741983594332578,0.03166576144243978,53.59477124183009,-2.414845569352721,125.45766693801012,107.44033306198988
2025-03-27,111.43,111.35,114.45,110.66,236.90M,-2.05%,111.43,236900000.0,117.76700000000001,125.46340000000001,-0.02048171589310832,0.032243923349024164,48.586810228802165,-2.747670951496602,125.11109025652004,106.91490974347994
2025-03-28,109.67,111.49,112.87,109.07,229.87M,-1.58%,109.67,229870000.0,116.56699999999998,124.932,-0.015794669299111552,0.025658947329061585,53.31036180162441,-3.117517949455504,123.74140280984949,106.75959719015049
2025-03-31,108.38,105.13,110.96,103.65,299.21M,-1.18%,108.38,299210000.0,115.452,124.4282,-0.011762560408498324,0.025534087714708022,49.52665670154458,-3.4746628287742567,123.98842248155302,105.94457751844698
2025-04-01,110.15,108.51,110.2,106.47,222.61M,1.63%,110.15,222610000.0,114.924,123.87700000000001,0.016331426462447007,0.02507402449021662,41.99828227884342,-3.573683314522299,123.93190096525868,105.41709903474134
2025-04-02,110.42,107.29,111.98,106.79,220.60M,0.25%,110.42,220600000.0,114.21400000000001,123.26880000000001,0.002451202905129346,0.023978616658832698,42.63698630136987,-3.5889992698573963,123.68788711843231,104.97311288156769
2025-04-03,101.8,103.51,105.63,101.6,338.77M,-7.81%,101.8,338770000.0,112.54100000000001,122.3634,-0.07806556783191454,0.0323402048663311,23.55602874634016,-4.247734001018998,124.70076564353366,103.0832343564663
2025-04-04,94.31,98.91,100.13,92.11,532.27M,-7.36%,94.31,532270000.0,110.202,121.3052,-0.0735756385068762,0.037100700401324904,20.619757688723197,-5.312922363028591,126.89048933801188,99.05551066198812
2025-04-07,97.64,87.46,101.75,86.62,611.04M,3.53%,97.64,611040000.0,107.825,120.4056,0.0353090870533348,0.03771393179186617,28.89679715302489,-5.821284500067122,127.82630973989447,97.18569026010556
2025-04-08,96.3,103.81,105.85,94.46,476.24M,-1.37%,96.3,476240000.0,105.386,119.9632,-0.013723883654240154,0.03744995609680842,24.371980676328505,-6.26012908606522,128.77722710495132,94.98877289504867
2025-04-09,114.33,98.89,115.1,97.53,612.92M,18.72%,114.33,612920000.0,105.44300000000001,119.67,0.18722741433021817,0.07378566367396082,46.40534063676822,-5.094322091208269,128.65063200665892,94.97436799334108
2025-04-10,107.57,109.37,110.86,99.15,437.81M,-5.91%,107.57,437810000.0,105.05699999999999,119.3474,-0.05912708825330193,0.07611529319432983,42.12898212898213,-4.662144849184074,128.2538621298236,94.57013787017638
2025-04-11,110.93,108.5,111.55,107.48,313.42M,3.12%,110.93,313420000.0,105.18299999999999,119.07300000000001,0.031235474574695665,0.07655627550227279,41.812500000000014,-4.002380402023405,127.00974772689403,94.74025227310597
2025-04-14,110.71,114.11,114.29,109.07,264.71M,-0.20%,110.71,264709999.99999997,105.41600000000001,118.88580000000002,-0.001983232669251045,0.07640010476269675,42.14173228346458,-3.457409619751971,126.04638698496825,94.82161301503174
2025-04-15,112.2,110.97,113.61,110.5,228.97M,1.35%,112.2,228970000.0,105.62100000000001,118.7966,0.013458585493631992,0.07635651207106596,48.65656217705822,-2.8721771308526627,125.73337472843649,94.81162527156353
2025-04-16,104.49,104.55,106.79,100.45,397.02M,-6.87%,104.49,397020000.0,105.02799999999999,118.5134,-0.06871657754010707,0.07978951950937653,44.53026481715006,-2.995973019824959,124.89295971983276,94.34904028016726
2025-04-17,101.49,104.45,104.47,100.05,292.52M,-2.87%,101.49,292520000.0,104.997,118.0466,-0.028710881424059753,0.07605539328401653,43.676561533704394,-3.2981381975687896,123.84830181267941,93.6896981873206
2025-04-21,96.91,98.77,99.44,95.04,288.50M,-4.51%,96.91,288500000.0,105.25699999999999,117.4112,-0.045127598778204714,0.07339412848370178,41.56245402383405,-3.8626478018117467,123.08042861926157,92.37857138073844
2025-04-22,98.89,98.78,99.81,97.28,241.00M,2.04%,98.89,241000000.0,105.38199999999999,116.7922,0.020431328036322416,0.07285995775451577,41.74244646523907,-4.10295990995867,121.00353987567502,92.203460124325
2025-04-23,102.71,104.52,104.8,102.02,247.53M,3.86%,102.71,247530000.0,106.023,116.175,0.03862877945191623,0.07336425983825291,44.625679631953155,-3.9397519045471796,118.56432151795507,92.84467848204496
2025-04-24,106.43,103.47,106.54,103.11,220.82M,3.62%,106.43,220820000.0,105.23299999999999,115.6476,0.03621847921331911,0.04089993300614104,53.46401316773905,-3.4702327902840864,117.63673866018601,93.039261339814
2025-04-25,111.01,106.85,111.92,105.73,251.06M,4.30%,111.01,251060000.0,105.577,115.245,0.04303297942309503,0.03897116918567986,63.063204005006256,-2.6974729965989326,117.5733016659305,93.06069833406951
2025-04-28,108.73,109.69,110.37,106.02,207.71M,-2.05%,108.73,207710000.0,105.357,114.7138,-0.020538690208089405,0.03836262300621329,58.81978686177826,-2.243174320673532,117.46306273859622,93.0769372614038
2025-04-29,109.02,107.67,110.2,107.44,170.44M,0.27%,109.02,170440000.0,105.18799999999999,114.1172,0.0026671571783316583,0.038382015300528524,60.28793270786152,-1.8385451663653356,117.53273023597683,93.07126976402316
2025-04-30,108.92,104.47,108.92,104.08,235.04M,-0.09%,108.92,235040000.0,104.86000000000001,113.5076,-0.0009172628875435684,0.03805371131186134,43.836864889496475,-1.5085531489858255,117.38062308096698,93.10037691903301
2025-05-01,111.61,113.08,114.94,111.3,236.12M,2.47%,111.61,236120000.0,105.572,112.9552,0.024697025339698753,0.030692806260327325,55.07282772476143,-1.0182340111644095,117.55809979263877,93.04190020736122
2025-05-02,114.5,114.18,115.4,113.37,190.19M,2.59%,114.5,190190000.0,106.873,112.44300000000001,0.02589373712032983,0.028397595170224277,54.536213468869114,-0.3919357235702705,118.73356324173176,93.13643675826822
2025-05-05,113.82,112.9,114.67,112.66,133.16M,-0.59%,113.82,133160000.0,108.56400000000001,112.0308,-0.005938864628820983,0.021404560389262244,53.90605375533785,0.048975307719388184,118.92860822314127,94.89239177685873
2025-05-06,113.54,111.48,114.74,110.82,158.53M,-0.25%,113.54,158530000.0,110.029,111.696,-0.002460024600245858,0.022139065638929437,51.7357512953368,0.37152411790110307,119.23517334179076,96.17582665820925
2025-05-07,117.06,113.04,117.68,112.28,207.83M,3.10%,117.06,207830000.0,111.46400000000001,111.50460000000001,0.03100228994187071,0.02131740612823586,68.26503923278119,0.9007971273836262,119.67203199560346,97.81496800439653
2025-05-08,117.37,118.25,118.68,115.85,198.43M,0.26%,117.37,198430000.0,112.55799999999999,111.22640000000001,0.0026482145908082177,0.019915944969896817,75.03152585119801,1.3299335635607008,120.22827775211924,97.56272224788076
2025-05-09,116.65,117.35,118.23,115.21,132.97M,-0.61%,116.65,132970000.0,113.122,111.15639999999999,-0.006134446621794298,0.016660178854566235,85.42713567839199,1.5935597336303857,121.17546870406208,97.5235312959379
2025-05-12,123.0,121.97,123.0,120.28,225.02M,5.44%,123.0,225020000.0,114.549,111.118,0.05443634804972142,0.020313853429078505,87.40304064536149,2.2884969354384737,123.2579909116045,96.64800908839551
2025-05-13,129.93,124.98,131.22,124.47,330.43M,5.63%,129.93,330430000.0,116.64000000000001,111.43540000000002,0.056341463414634196,0.02413289811616068,88.51160158460671,3.3597041797560507,126.94617344164985,94.88182655835013
2025-05-14,135.34,133.2,135.43,131.68,281.18M,4.16%,135.34,281180000.0,119.282,111.8224,0.041637804971907943,0.02418684956522458,89.03591682419662,4.59224883920993,131.47852962939325,92.66347037060676
2025-05-15,134.83,134.29,136.3,132.66,226.63M,-0.38%,134.83,226630000.0,121.604,112.17300000000002,-0.003768287276488813,0.025501254865414495,86.13470873786413,5.4649006511557445,135.12657112985397,92.04942887014602
2025-05-16,135.4,136.22,136.35,133.46,226.54M,0.42%,135.4,226540000.0,123.694,112.66959999999999,0.0042275457984126685,0.025803611737137664,92.67200000000007,6.131794228593009,138.11229094015857,92.45470905984142
2025-05-19,135.57,132.39,135.87,132.39,193.15M,0.13%,135.57,193150000.0,125.869,113.12719999999999,0.0012555391432791385,0.025179558921913023,92.64375200770967,6.597972453324829,140.04172544997317,94.39127455002689
2025-05-20,134.38,134.29,134.58,132.62,161.51M,-0.88%,134.38,161510000.0,127.95300000000002,113.67519999999999,-0.008777753190233772,0.025818829942614325,89.50962135319682,6.793092458988511,141.33027379491574,96.65172620508423
2025-05-21,131.8,133.06,137.4,130.59,270.61M,-1.92%,131.8,270610000.0,129.427,114.13600000000001,-0.019199285607977234,0.027669909435521563,81.43880411086897,6.662738133408908,142.09895770370906,98.79204229629093
2025-05-22,132.83,132.23,134.25,131.55,187.34M,0.78%,132.83,187340000.0,130.973,114.47779999999999,0.007814871016691871,0.02751817365416988,80.29752066115711,6.566845278514222,143.0368629830789,100.49413701692112
2025-05-23,131.29,130.0,132.68,129.16,198.82M,-1.16%,131.29,198820000.0,132.43699999999998,114.79199999999999,-0.011593766468418476,0.02798537240843976,78.07778849244619,6.294030702417103,143.8243548281248,101.73464517187519
2025-05-27,135.5,134.15,135.66,133.31,192.95M,3.21%,135.5,192950000.0,133.68699999999998,115.06859999999999,0.03206641785360653,0.024968934301198824,81.33561643835617,6.34440069889466,144.80259441990094,103.43340558009902
2025-05-28,134.81,136.02,137.25,134.79,304.02M,-0.51%,134.81,304020000.0,134.175,115.3742,-0.0050922509225092005,0.01918888481056093,77.55355479664702,6.256520773640375,145.3305740335767,105.48442596642326
2025-05-29,139.19,142.24,143.49,137.91,370.62M,3.25%,139.19,370620000.0,134.56,115.84939999999999,0.03249017135227361,0.0173141643619491,80.07166482910696,6.465771307715926,146.15757798652328,107.68442201347672
2025-05-30,135.13,138.71,139.62,132.92,333.17M,-2.92%,135.13,333170000.0,134.59,116.2016,-0.029168762123715775,0.020054352615642715,73.32155477031802,6.232155386462111,146.23692177781587,109.95707822218414
2025-06-02,137.38,135.49,138.12,135.4,197.66M,1.67%,137.38,197660000.0,134.78799999999998,116.57860000000001,0.016650632724043435,0.020692287103543698,70.24211711711712,6.157588435206691,146.64118499599226,111.84081500400777
2025-06-03,141.22,138.78,142.0,137.95,225.58M,2.80%,141.22,225580000.0,135.353,117.04899999999999,0.02795166690930273,0.022296436640354356,67.40672217082948,6.335319872995683,147.19438915268807,114.0276108473119
2025-06-04,141.92,142.19,142.39,139.54,167.12M,0.50%,141.92,167120000.0,136.107,117.4592,0.004956804985129404,0.021818264103209143,61.86868686868685,6.458211228836092,147.26496670578368,116.79503329421632
2025-06-05,139.99,142.17,144.0,138.83,232.41M,-1.36%,139.99,232410000.0,136.926,117.8452,-0.013599210822998753,0.02117077962481467,58.8538091969801,6.326935667413778,147.05921515230443,119.29378484769558
2025-06-06,141.72,142.51,143.27,141.51,153.99M,1.24%,141.72,153990000.0,137.815,118.40440000000001,0.01235802557325516,0.021256720778261334,60.429042904290434,6.2899883111152235,146.61103969656287,122.17696030343713
2025-06-09,142.63,143.19,145.0,141.94,185.11M,0.64%,142.63,185110000.0,138.949,119.0284,0.006421112051933298,0.020274573082112304,61.372422680412384,6.26195276631023,145.18760145778285,126.19839854221719
2025-06-10,143.96,142.69,144.29,141.52,155.88M,0.93%,143.96,155880000.0,139.79500000000002,119.71419999999998,0.009324826474093939,0.018539053432810967,65.36241180243749,6.274723176889665,144.86458982094587,128.61741017905416
2025-06-11,142.83,144.61,144.99,141.87,167.69M,-0.78%,142.83,167690000.0,140.59699999999998,120.40320000000001,-0.007849402611836642,0.01874549039693123,68.55028590649177,6.1230792173506075,145.27778226818572,129.49421773181433
2025-06-12,145.0,141.97,145.0,141.85,162.36M,1.52%,145.0,162360000.0,141.17800000000003,121.1002,0.015192886648463189,0.01671258812360034,69.7116942014901,6.107596579907181,146.3908256013003,129.3471743986997
2025-06-13,141.97,142.48,143.58,140.85,180.82M,-2.09%,141.97,180820000.0,141.862,121.73119999999999,-0.020896551724137957,0.0149922957100285,66.50185414091474,5.784154666469647,146.8097776004954,129.6422223995046
2025-06-16,144.69,143.35,146.18,143.2,183.13M,1.92%,144.69,183130000.0,142.59300000000002,122.58900000000001,0.019158977248714404,0.015227075092968613,64.88500161969552,5.681809524414945,147.6285051347884,129.75249486521156
2025-06-17,144.12,144.49,145.22,143.78,139.11M,-0.39%,144.12,139110000.0,142.883,123.5852,-0.003939456769645355,0.013154895832520266,65.13821138211385,5.491404532498393,148.24349372853354,129.99250627146645
2025-06-18,145.48,144.01,145.65,143.12,161.49M,0.94%,145.48,161490000.0,143.23899999999998,124.54199999999999,0.009436580627254942,0.013337516463459596,61.341507392715485,5.388136752136461,148.93435627216837,130.41164372783163
2025-06-20,143.85,145.45,146.2,142.65,242.96M,-1.12%,143.85,242960000.0,143.625,125.493,-0.011204289249381327,0.013033130340264142,67.23320158102771,5.1157971891504985,148.9281356799856,131.62286432001446
2025-06-23,144.17,142.5,144.78,142.03,154.31M,0.22%,144.17,154310000.0,143.86999999999998,126.0898,0.002224539450816687,0.012593977462452308,64.52717158750538,4.869653119128429,148.90704716972166,132.77795283027834
2025-06-24,147.9,145.56,147.96,145.5,187.57M,2.59%,147.9,187570000.0,144.397,126.8964,0.025872234167996222,0.01471305669656984,64.35941530524511,4.91886043612962,148.98108953363422,134.36491046636579
2025-06-25,154.31,149.27,154.45,149.26,269.15M,4.33%,154.31,269150000.0,145.432,127.764,0.04334009465855315,0.01935080130904336,71.38419054194,5.41269681912334,151.28997581864982,133.93702418135015
2025-06-26,155.02,155.98,156.71,154.0,198.15M,0.46%,155.02,198150000.0,146.65099999999998,128.65019999999998,0.004601127600285082,0.018668166742404506,77.08108108108111,5.794560688202523,153.1406367345234,134.10736326547658
2025-06-27,157.75,156.04,158.71,155.26,263.23M,1.76%,157.75,263230000.00000003,147.926,129.56119999999999,0.017610630886337075,0.018781537387540643,77.87826086956525,6.2454846803505575,155.72386428394952,133.38013571605046
2025-06-30,157.99,158.4,158.66,155.96,194.58M,0.15%,157.99,194580000.0,149.52800000000002,130.6312,0.0015213946117274002,0.015998627835225494,77.3504273504274,6.546744392941179,157.46943171050327,133.9205682894967
2025-07-01,153.3,156.29,157.2,151.49,213.14M,-2.97%,153.3,213140000.0,150.389,131.6674,-0.029685423128046118,0.02011162982555962,64.85368956743005,6.334036254452997,158.04910383283388,134.9328961671661
2025-07-02,157.25,152.98,157.6,152.97,171.22M,2.58%,157.25,171220000.0,151.702,132.8742,0.025766470971950284,0.02067015443788335,71.04495037945127,6.410301544760529,159.51565296562626,135.06934703437378
2025-07-03,159.34,158.37,160.98,157.77,143.72M,1.33%,159.34,143720000.0,153.088,134.0832,0.013290937996820462,0.020716155161629727,70.97717963721476,6.563725330103921,161.22837178417333,135.09862821582666
2025-07-07,158.24,158.2,159.31,157.34,140.14M,-0.69%,158.24,140140000.0,154.527,135.19379999999998,-0.006903476841973122,0.020282500271064458,75.22480620155042,6.521379574118242,162.28571157898793,135.86628842101206
2025-07-08,160.0,159.33,160.22,158.39,138.13M,1.11%,160.0,138130000.0,156.10999999999999,136.2652,0.011122345803842304,0.020109438117629073,74.46468520294027,6.554283844224955,163.5808126862868,136.3991873137132
2025-07-09,162.88,161.22,164.42,161.16,183.66M,1.80%,162.88,183660000.0,157.608,137.3026,0.018000000000000016,0.01959498689506929,77.91666666666669,6.73511443938861,165.28427178305304,136.72072821694695
2025-07-10,164.1,164.32,164.5,161.61,167.70M,0.75%,164.1,167700000.0,158.58700000000002,138.41,0.007490176817288807,0.01567839589197258,77.8242677824268,6.897359328028074,167.02191237320676,136.99708762679325
2025-07-11,164.92,163.71,167.89,163.47,193.63M,0.50%,164.92,193630000.0,159.577,139.52800000000002,0.004996953077391897,0.015674181480895718,82.2664624808576,7.0112849891783355,168.5278617040518,137.70013829594816
2025-07-14,164.07,165.37,165.49,162.02,136.98M,-0.52%,164.07,136980000.0,160.209,140.631,-0.005154014067426549,0.01550454058437919,79.9879445449066,6.952836034362406,169.72537224235631,138.40962775764368
2025-07-15,170.7,171.19,172.4,169.2,230.63M,4.04%,170.7,230630000.0,161.48,141.81279999999998,0.04040958127628458,0.019230583677228973,81.59645232815966,7.356696983901344,171.74930688505248,139.2586931149475
2025-07-16,171.37,171.06,171.75,168.9,158.83M,0.39%,171.37,158830000.0,163.28699999999998,142.9502,0.003925014645577152,0.014205891954886697,78.1147000659196,7.642722548538359,173.7138233795245,139.96217662047553
2025-07-17,173.0,172.02,174.16,170.83,160.84M,0.95%,173.0,160840000.0,164.862,144.13379999999998,0.009511583124234058,0.013264747442649617,78.75879718490086,7.909748588655276,175.5143363110435,141.0496636889565
2025-07-18,172.41,173.64,174.25,171.26,146.46M,-0.34%,172.41,146460000.0,166.169,145.3112,-0.003410404624277441,0.013798702146181787,75.1717032967033,7.981751912522867,176.85746371017086,142.39953628982914
2025-07-21,171.38,172.75,173.38,171.0,123.13M,-0.60%,171.38,123130000.0,167.483,146.39759999999998,-0.005974131430891538,0.013689883785055364,72.38381812102976,7.865039395182407,177.29977345977338,144.7102265402266
2025-07-22,167.03,171.34,171.39,164.58,193.11M,-2.54%,167.03,193110000.0,168.18599999999998,147.3908,-0.025382191620959227,0.017207154543238738,73.21609739600947,7.336959338631516,176.57000599230838,147.7259940076916
2025-07-23,170.78,169.53,171.26,167.97,154.08M,2.25%,170.78,154080000.0,168.97599999999997,148.4734,0.022451056696401794,0.017648757251061884,73.03370786516857,7.138754629497583,176.53708981512028,150.04691018487972
2025-07-24,173.74,172.44,173.83,171.3,128.98M,1.73%,173.74,128979999.99999999,169.94,149.4882,0.0173322403091698,0.018079273273263426,73.80952380952384,7.138238066734573,177.58473002855828,150.9422699714417
2025-07-25,173.5,173.61,174.72,172.96,122.32M,-0.14%,173.5,122320000.0,170.798,150.3596,-0.001381374467595342,0.01822544091379064,75.97004765146357,7.037340610817864,178.3720777131376,152.0029222868624
2025-07-28,176.75,174.02,177.0,173.97,140.02M,1.87%,176.75,140020000.0,172.06599999999997,151.18779999999998,0.018731988472622474,0.018278072466764467,77.12989957887916,7.137351542953553,179.7952117217258,152.47978827827419
2025-07-29,175.51,177.96,179.38,175.02,154.08M,-0.70%,175.51,154080000.0,172.54699999999997,152.0014,-0.0070155586987270535,0.014609915538737002,71.60451590831336,7.0354529679264886,180.7182564159724,153.30874358402758
2025-07-30,179.27,176.51,179.89,176.04,174.31M,2.14%,179.27,174310000.0,173.33700000000002,152.8788,0.021423280724745197,0.015752354951939496,73.87472458293988,7.175384819766521,181.45563019629395,155.16836980370607
2025-07-31,177.87,182.9,183.3,175.93,221.69M,-0.78%,177.87,221690000.0,173.824,153.72480000000002,-0.007809449433814897,0.016104145786576415,70.01545595054095,7.091566358162368,182.06111488845258,156.6248851115474
2025-08-01,173.72,174.09,176.54,170.89,204.53M,-2.33%,173.72,204530000.0,173.95499999999998,154.5116,-0.02333164670827015,0.01808174790394629,63.534361851332385,6.614026921199979,182.00108680277944,158.12291319722058
2025-08-04,180.0,175.16,180.2,174.52,148.17M,3.62%,180.0,148170000.0,174.817,155.4756,0.036150126640571045,0.020976299863663374,63.17280453257789,6.66548147148643,182.504598419286,159.795401580714
2025-08-05,178.26,179.62,180.26,175.9,156.41M,-0.97%,178.26,156410000.0,175.94,156.3842,-0.009666666666666712,0.01892590683219234,59.47209238383279,6.491031543973122,182.54567764106156,161.58032235893842
2025-08-06,179.42,176.32,179.9,176.25,137.19M,0.65%,179.42,137190000.0,176.804,157.3468,0.006507348816335634,0.018104206957707897,58.94150417827295,6.3729179934259435,182.9223728630497,162.85762713695033
2025-08-07,180.77,181.57,183.88,178.79,151.88M,0.75%,180.77,151880000.0,177.507,158.25220000000002,0.007524244788764012,0.017626915149668437,61.40207310420076,6.315445348485298,183.44614047956298,164.00085952043702
2025-08-08,182.7,181.55,183.3,180.4,123.40M,1.07%,182.7,123400000.0,178.427,159.21,0.010676550312551658,0.017621705035629345,65.06922257720976,6.352406149759872,184.19632161990754,165.0286783800925
2025-08-11,182.06,182.05,183.84,180.25,138.32M,-0.35%,182.06,138320000.0,178.95800000000003,160.0674,-0.003503010399562023,0.017137358334133632,72.20088626292463,6.257917818567506,184.27105209964608,166.75294790035392
2025-08-12,183.16,182.96,184.48,179.46,145.73M,0.60%,183.16,145730000.0,179.723,161.02800000000002,0.0060419641876303665,0.016774978509535392,69.83974358974355,6.20032248423081,185.21938451989834,167.0506154801017
2025-08-13,181.59,182.62,183.97,179.35,179.87M,-0.86%,181.59,179870000.0,179.95499999999998,161.91219999999998,-0.00857174055470622,0.01605953995838159,63.166722576316644,5.959296823605428,185.7515573545472,167.54044264545283
2025-08-14,182.02,179.75,183.02,179.46,129.55M,0.24%,182.02,129550000.00000001,180.37,162.7282,0.002367971804614788,0.0157300433089973,64.19999999999999,5.736848835097135,186.3347557083105,167.85924429168952
2025-08-15,180.45,181.88,181.9,178.04,156.60M,-0.86%,180.45,156600000.0,181.043,163.4988,-0.00862542577738723,0.013597996091946219,56.53248587570619,5.371946863073873,186.57631910342317,168.42168089657682
2025-08-18,182.01,180.6,182.94,180.59,132.01M,0.86%,182.01,132009999.99999999,181.244,164.33919999999998,0.008645054031587662,0.007961008061686247,61.347765363128474,5.149280681425211,186.84013939760865,169.22086060239133
2025-08-19,175.64,182.43,182.5,175.49,185.23M,-3.50%,175.64,185230000.0,180.982,165.0176,-0.0349980770287347,0.013725032211525013,44.191999999999965,4.407997710829477,185.71058336371678,171.21141663628325
2025-08-20,175.4,175.16,176.0,168.8,215.14M,-0.14%,175.4,215140000.0,180.57999999999998,165.673,-0.0013664313368252357,0.013444396079511058,45.89564639415088,3.757841563373262,185.1637673499354,172.22023265006462
2025-08-21,174.98,174.85,176.9,173.81,140.04M,-0.24%,174.98,140040000.0,180.001,166.2934,-0.0023945267958951355,0.013007621142058655,52.38998482549316,3.1721312875784804,185.0473160868124,172.46068391318758
2025-08-22,177.99,172.61,178.59,171.2,172.79M,1.72%,177.99,172790000.0,179.53,166.9966,0.017201965938964614,0.013911833170243883,45.64746643568647,2.917205786171479,184.7841026479061,173.17289735209388
2025-08-25,179.81,178.35,181.91,176.57,163.01M,1.02%,179.81,163010000.0,179.305,167.69279999999998,0.010225293555817805,0.014470228742946992,53.344842468709565,2.8294185040300874,184.8504593274988,173.41254067250122
2025-08-26,181.77,180.05,182.39,178.81,168.69M,1.09%,181.77,168690000.0,179.166,168.4888,0.010900394861242502,0.014815868373428246,54.901960784313765,2.8847484852124694,185.01213003535963,173.87686996464038
2025-08-27,181.6,181.98,182.49,179.1,235.52M,-0.09%,181.6,235520000.0,179.16699999999997,169.227,-0.0009352478406778886,0.014557402955431783,51.82097411145236,2.8816623053956505,185.21016724185327,173.9118327581467
2025-08-28,180.17,180.82,184.47,176.41,281.79M,-0.79%,180.17,281790000.0,178.982,169.94800000000004,-0.007874449339207112,0.01473944900951873,44.324809331538816,2.7323308276999114,185.27363258230017,174.0783674176998
2025-08-29,174.18,178.11,178.15,173.15,243.26M,-3.32%,174.18,243260000.0,178.355,170.52199999999996,-0.033246378420380696,0.017889036418485195,35.74529667149062,2.106360800129721,185.19647463555162,174.20152536444834
2025-09-02,170.78,170.0,172.38,167.22,231.16M,-1.95%,170.78,231160000.0,177.232,171.06060000000002,-0.01952003674359859,0.018001516572773345,29.32531730126925,1.3206992594393512,186.0244124310509,172.4515875689491
2025-09-03,170.62,171.06,172.41,168.88,164.42M,-0.09%,170.62,164420000.0,176.73,171.58960000000002,-0.0009368778545496559,0.01490300909456899,30.77462320364532,0.677338231725372,186.65826795638736,171.05373204361263
2025-09-04,171.66,170.57,171.86,169.41,141.67M,0.61%,171.66,141670000.0,176.356,172.0648,0.006095416715508062,0.015166931767685693,32.22374742621827,0.24852445523461597,186.89866482988114,170.0373351701189
2025-09-05,167.02,168.03,169.03,164.07,224.44M,-2.70%,167.02,224440000.0,175.56,172.319,-0.027030175929162237,0.017106197642588097,29.152437131325712,-0.46041539193316794,187.55604300551846,168.00495699448157
2025-09-08,168.31,167.55,170.96,167.35,163.77M,0.77%,168.31,163770000.0,174.59199999999998,172.5848,0.0077236259130641916,0.015995930495014986,28.553537883531632,-0.9076997121707677,187.41323016908876,166.70876983091125
2025-09-09,170.76,169.09,170.98,166.74,157.55M,1.46%,170.76,157550000.0,173.68699999999998,172.845,0.014556473174499374,0.01651794185709137,41.29193433261957,-1.0523503936997258,186.93256809896417,166.0594319010358
2025-09-10,177.33,176.64,179.29,175.47,226.85M,3.85%,177.33,226850000.0,173.243,173.2318,0.03847505270555174,0.02112996029817892,52.80931586608443,-0.6295855385591551,186.1725172235268,166.2364827764732
2025-09-11,177.17,179.68,180.28,176.48,151.16M,-0.09%,177.17,151160000.0,172.8,173.7092,-0.0009022725991091329,0.021130194186372186,53.21208565561747,-0.30394828124326523,185.6398941728348,166.32710582716518
2025-09-12,177.82,177.77,178.6,176.45,124.91M,0.37%,177.82,124910000.0,172.565,174.12060000000002,0.003668792684991873,0.021105048111153088,49.73211471793253,0.006496273989938572,185.0524479326563,166.49455206734368
2025-09-15,177.75,175.67,178.85,174.51,147.06M,-0.04%,177.75,147060000.0,172.922,174.4888,-0.0003936565065796316,0.01785357519786533,46.56437625083389,0.24406398793061612,184.7071510921792,166.56984890782078
2025-09-16,174.88,177.0,177.5,174.38,140.74M,-1.61%,174.88,140740000.0,173.332,174.8216,-0.016146272855133592,0.017424812237569774,38.84752347037874,0.1984653138051442,183.84236792126788,166.72163207873214
2025-09-17,170.29,172.64,173.2,168.41,211.84M,-2.62%,170.29,211840000.0,173.299,175.02740000000003,-0.02624656907593781,0.019674205159415738,33.98470688190315,-0.2056757022624538,183.85746086399845,166.17153913600154
2025-09-18,176.24,173.98,177.1,172.96,191.76M,3.49%,176.24,191760000.0,173.757,175.2946,0.034940395795407975,0.022571600688993824,45.06653276424808,-0.04532264416997123,183.91513545391535,166.19786454608465
2025-09-19,176.67,175.77,178.08,175.18,237.18M,0.24%,176.67,237180000.0,174.722,175.54600000000002,0.0024398547435313667,0.020013696711980836,53.632915086081084,0.11512858532321957,184.02875597751722,166.25324402248282
2025-09-22,183.61,175.3,184.55,174.71,269.64M,3.93%,183.61,269640000.0,176.252,175.91980000000004,0.039282277692873846,0.022661694828021946,66.96641100238033,0.7931444650079413,185.01630664509446,165.82769335490553
2025-09-23,178.43,181.97,182.42,176.21,192.56M,-2.82%,178.43,192560000.0,177.019,176.20699999999997,-0.028211971025543292,0.025364293076225047,59.1174410459958,0.9020954309716558,184.833608685772,165.87239131422803
2025-09-24,176.97,179.77,179.78,175.4,143.56M,-0.82%,176.97,143560000.0,176.983,176.3324,-0.008182480524575486,0.022599796577443473,56.13872832369942,0.8607083481116433,184.14188953946677,166.08411046053322
2025-09-25,177.69,174.48,180.26,173.13,191.59M,0.41%,177.69,191590000.0,177.03500000000003,176.45879999999997,0.004068486184098941,0.02263178256932035,63.56470887363332,0.8759098262343059,183.5139420424718,166.32105795752824
2025-09-26,178.19,178.17,179.77,174.93,148.57M,0.28%,178.19,148570000.0,177.07199999999997,176.56259999999997,0.002813889357870414,0.022620186195397105,62.81785158277111,0.9177239777408204,183.2032462378886,166.4337537621114
2025-09-29,181.85,180.43,184.0,180.32,193.06M,2.05%,181.85,193060000.0,177.482,176.7514,0.020539873169089118,0.023486863889564214,63.949685534591175,1.2319917719098612,184.14670404912422,166.25729595087577
2025-09-30,186.58,182.08,187.35,181.48,236.98M,2.60%,186.58,236980000.0,178.652,177.05540000000002,0.026010448171570166,0.023545524608744813,62.19994724347136,1.8414951232171006,186.0178562569147,165.96614374308533
2025-10-01,187.24,185.24,188.14,183.9,173.84M,0.35%,187.24,173840000.0,180.347,177.4596,0.0035373566298637638,0.020609160960677064,63.10856547774018,2.3506901121533588,187.69360178453803,165.95239821546198
2025-10-02,188.89,189.6,191.05,188.06,136.81M,0.88%,188.89,136810000.0,181.61200000000002,177.82179999999997,0.00881221961119416,0.018616970860242683,64.04465871606189,2.8544674953694766,189.52039273532898,165.848607264671
2025-10-03,187.62,189.19,190.36,185.38,137.60M,-0.67%,187.62,137600000.0,182.707,178.09939999999997,-0.00672348986182425,0.019091886511493926,62.15217926619059,3.115324789964802,190.22362036513036,167.20537963486962
2025-10-06,185.54,185.5,187.23,183.33,157.68M,-1.11%,185.54,157680000.0,182.9,178.3402,-0.011086238140923244,0.015743222623248378,63.3852335509794,3.1182719604885847,190.36268262745205,168.78931737254794
2025-10-07,185.04,186.23,189.06,184.0,140.09M,-0.27%,185.04,140090000.0,183.561,178.50599999999997,-0.002694836692896385,0.012100449920442225,70.64091799608173,3.045159094540111,190.494354075853,170.08564592414703
2025-10-08,189.11,186.57,189.6,186.54,130.17M,2.20%,189.11,130169999.99999999,184.775,178.778,0.021995244271509007,0.012559486694889111,69.01033973412112,3.277846631537301,191.70493747004755,170.05306252995248
2025-10-09,192.57,192.23,195.3,191.06,183.00M,1.83%,192.57,183000000.0,186.26299999999998,179.044,0.018296229707577494,0.013022179643643262,71.55639913232103,3.698808700335235,193.5057695964489,169.7922304035511
2025-10-10,183.16,193.51,195.62,182.05,268.77M,-4.89%,183.16,268770000.0,186.76000000000002,179.1498,-0.048865347665783876,0.022314427567102828,49.42820838627698,3.2358153502443088,193.6495800612068,170.1824199387932
2025-10-13,188.32,187.96,190.11,185.96,153.48M,2.82%,188.32,153480000.0,187.40699999999998,179.4418,0.0281720899759772,0.02309843073284268,62.573099415204666,3.247819815554891,194.339078110264,170.549921889736
2025-10-14,180.03,184.77,184.8,179.7,205.64M,-4.40%,180.03,205640000.0,186.752,179.44240000000002,-0.044020815632965116,0.02602834817345581,53.31455805892549,2.5589022904785566,194.12051423647318,171.2834857635268
2025-10-15,179.83,184.8,184.87,177.29,214.45M,-0.11%,179.83,214450000.0,186.01100000000002,179.4738,-0.0011109259567849694,0.025934851760145074,52.34443470639791,1.9740363971511954,193.11518353081382,173.24281646918618
2025-10-16,181.81,182.23,183.28,179.77,179.72M,1.10%,181.81,179720000.0,185.303,179.5216,0.011010398709892621,0.02606190304846519,53.84125636672327,1.6512607098188994,192.87338774919206,174.04161225080796
2025-10-17,183.22,180.18,184.1,179.75,173.14M,0.78%,183.22,173140000.0,184.863,179.57059999999998,0.007755348990704514,0.02626449571964251,51.52663249387119,1.492034621911074,192.64616423383913,174.92383576616086
2025-10-20,182.64,183.13,185.2,181.73,128.54M,-0.32%,182.64,128539999.99999999,184.573,179.56940000000003,-0.0031655932758433147,0.026080661831942863,45.16208251473473,1.3040137881153555,192.61230335875464,174.86069664124537
2025-10-21,181.16,182.79,182.79,179.8,124.24M,-0.81%,181.16,124240000.0,184.185,179.5514,-0.00810337275514672,0.026169586992231975,42.681752527684125,1.0237807839948516,192.48524611573643,175.26075388426355
2025-10-22,180.28,181.14,183.44,176.76,162.25M,-0.49%,180.28,162250000.0,183.302,179.49379999999996,-0.004857584455729702,0.02479797471055604,39.44076526857985,0.7223585638549253,192.20804105520958,175.86895894479042
2025-10-23,182.16,180.42,183.03,179.79,111.36M,1.04%,182.16,111360000.0,182.26100000000002,179.5052,0.010428222764588435,0.024109986196369313,43.40260995650071,0.6279410573196174,191.92940084967503,176.59459915032497
2025-10-24,186.26,183.84,187.47,183.5,131.30M,2.25%,186.26,131300000.00000001,182.571,179.59,0.022507685551163892,0.01998354690126622,50.8294930875576,0.873876731033306,191.81965955563567,177.51134044436435
2025-10-27,191.49,189.99,192.0,188.43,153.45M,2.81%,191.49,153450000.0,182.888,179.81080000000003,0.028079029313862414,0.019969950096345765,56.7006025348016,1.4738106437032172,192.78555948076504,177.50944051923491
2025-10-28,201.03,193.05,203.15,191.91,297.99M,4.98%,201.03,297990000.0,184.988,180.19119999999998,0.04981983393388689,0.017966438996262463,61.11940298507462,2.688074414100356,196.3014948214843,175.43850517851564
2025-10-29,207.04,207.98,212.19,204.77,308.83M,2.99%,207.04,308830000.0,187.709,180.81920000000002,0.02989603541759922,0.018271789664732807,62.88512911843278,4.088217545732334,200.95416751336765,172.76583248663238
2025-10-30,202.89,205.15,206.16,201.41,178.86M,-2.00%,202.89,178860000.0,189.81699999999998,181.36900000000003,-0.020044435857805243,0.02128980268298345,69.38494792690116,4.80755227797124,203.36543810478986,171.75456189521014
2025-10-31,202.49,206.45,207.97,202.07,179.80M,-0.20%,202.49,179800000.0,191.74399999999997,181.9192,-0.001971511656562508,0.021684803495305882,65.35876869716023,5.284437868437948,205.4619065939189,171.14509340608106
2025-11-03,206.88,208.08,211.34,205.56,180.27M,2.17%,206.88,180270000.0,194.168,182.497,0.021680082967060033,0.02139723605021927,81.79019654274217,5.948044096086363,208.3615310964255,170.3794689035745
2025-11-04,198.69,203.0,203.97,197.93,188.92M,-3.96%,198.69,188920000.0,195.921,182.8746,-0.03958816705336421,0.026510901428583138,68.7773795300677,5.746846193576317,209.36710839666264,170.73889160333735
2025-11-05,195.21,198.77,202.92,194.65,171.35M,-1.75%,195.21,171350000.0,197.414,183.1434,-0.017514721425335944,0.027559004355446483,62.95436968290799,5.246114546953606,209.80163037360575,170.91436962639426
2025-11-06,188.08,196.42,197.62,186.38,223.03M,-3.65%,188.08,223030000.0,198.006,183.273,-0.03652476819835049,0.03095247831897231,54.230501392757674,4.225243717867983,209.5732772079537,170.6937227920463
2025-11-07,188.15,184.9,188.32,178.91,264.94M,0.04%,188.15,264940000.0,198.195,183.43259999999998,0.00037218205019140527,0.030235969155735492,54.839276304233294,3.3828492652468185,209.57240508115248,171.19359491884748
2025-11-10,199.05,195.11,199.94,193.79,198.90M,5.79%,199.05,198900000.0,198.951,183.93,0.05793250066436362,0.03435394063869124,63.48153730218541,3.5538182922217345,210.46277072233454,171.37622927766552
2025-11-11,193.16,195.15,195.42,191.3,176.48M,-2.96%,193.16,176480000.0,198.164,184.37760000000003,-0.029590555136900343,0.03177077699819499,59.02466367713004,3.177411480965958,210.44971371706765,172.70228628293233
2025-11-12,193.8,195.72,195.89,191.13,154.94M,0.33%,193.8,154940000.0,196.84,184.8412,0.003313315386208382,0.029707881070999743,58.300057045065614,2.897350173218939,210.3343460971509,174.21465390284908
2025-11-13,186.86,191.05,191.44,183.85,207.42M,-3.58%,186.86,207420000.0,195.23700000000002,185.14520000000002,-0.0358101135190918,0.03091827954938768,50.41118421052633,2.0912924515001237,210.10561511820057,174.9483848817994
2025-11-14,190.17,182.86,191.01,180.58,186.59M,1.77%,190.17,186590000.0,194.00500000000002,185.60820000000004,0.017713796425131045,0.03193833865358621,49.07094594594593,1.6999789378856462,209.9459085072439,175.80309149275607
2025-11-17,186.6,185.96,189.0,184.32,173.63M,-1.88%,186.6,173630000.0,191.977,185.974,-0.018772677078403466,0.03060478724831062,38.911940986629766,1.0892349720864445,209.73097010730388,176.4140298926961
2025-11-18,181.36,183.38,184.8,179.65,213.60M,-2.81%,181.36,213600000.0,190.244,186.18599999999998,-0.02808145766345116,0.029560847214194847,30.031104199066874,0.18031323281826417,209.7110738540983,176.45392614590173
2025-11-19,186.52,184.79,187.85,182.83,247.25M,2.85%,186.52,247250000.0,189.375,186.3698,0.02845169827966476,0.031544512865716655,37.467462869392136,-0.1222358590051158,209.2267488677596,177.5622511322404
2025-11-20,180.64,195.95,196.0,179.85,343.50M,-3.15%,180.64,343500000.0,188.631,186.43919999999997,-0.031524769461720004,0.03100852050429043,34.567029241418254,-0.8269425735789753,209.39059582508375,177.24640417491625
2025-11-21,178.88,181.24,184.56,172.93,346.93M,-0.97%,178.88,346930000.0,187.704,186.46040000000002,-0.009743135518157642,0.031029539588893616,29.4600938967136,-1.5100382323068686,210.01228125660273,175.88671874339727
2025-11-24,182.55,179.49,183.5,176.48,256.62M,2.05%,182.55,256620000.0,186.054,186.5564,0.02051654740608244,0.02414122636276186,37.31929604022628,-1.7352551930502784,210.1834810099392,174.8215189900608
2025-11-25,177.82,174.91,178.16,169.55,320.60M,-2.59%,177.82,320600000.0,184.52,186.61520000000002,-0.025910709394686537,0.02380726459516923,36.60040067807057,-2.2692541771877472,209.70015332990639,172.98384667009364
2025-11-26,180.26,181.63,182.91,178.24,183.85M,1.37%,180.26,183850000.0,183.166,186.81459999999998,0.013721741086492045,0.024571357714707975,43.504983388704304,-2.467125128552567,207.4227626426554,172.58323735734456
2025-11-28,177.0,179.01,179.29,176.5,121.33M,-1.81%,177.0,121330000.0,182.18,186.8298,-0.018084988350160813,0.02283567487161338,41.20523741915128,-2.854093821176832,205.94290411686148,171.47409588313855
2025-12-01,179.92,174.76,180.3,173.68,188.13M,1.65%,179.92,188130000.0,181.155,186.8948,0.016497175141242826,0.02270305742798567,32.737772965168716,-2.8918146621653023,203.94880859247164,171.2111914075284
2025-12-02,181.46,181.76,185.66,180.0,182.63M,0.86%,181.46,182630000.0,180.64100000000002,186.85179999999997,0.008559359715429204,0.0225446338710841,38.54289071680377,-2.765563871917948,200.11487655198133,172.50312344801873
2025-12-03,179.59,181.08,182.45,179.11,165.14M,-1.03%,179.59,165140000.0,180.464,186.875,-0.01030530144384445,0.020953348108428024,36.41231593038821,-2.7843068268874447,198.16005021485492,172.54794978514505
2025-12-04,183.38,181.62,184.51,179.96,167.36M,2.11%,183.38,167360000.0,180.15,187.0032,0.021103624923436648,0.019917478968482453,46.45909645909644,-2.4649253035514676,196.7162210678743,172.80877893212568
2025-12-05,182.41,183.89,184.66,180.91,143.97M,-0.53%,182.41,143970000.0,180.327,187.09760000000003,-0.005289562656778268,0.017046646791690327,41.70940170940172,-2.2639862148574252,196.37022082175326,172.5877791782467
2025-12-08,185.55,182.64,188.0,182.4,204.38M,1.72%,185.55,204380000.0,180.994,187.2448,0.01721396853242707,0.01727027713310026,48.86780245848611,-1.830270561722699,196.12755482155302,172.57044517844696
2025-12-09,184.97,185.56,185.72,183.32,144.72M,-0.31%,184.97,144720000.0,181.236,187.30720000000002,-0.0031258420910806883,0.016320041068703946,54.32749940062333,-1.5158748726659041,193.19643527379998,174.09356472620004
2025-12-10,183.78,184.96,185.48,182.04,162.79M,-0.64%,183.78,162790000.0,181.83200000000002,187.25119999999998,-0.006433475698761959,0.01363479090617788,46.36989931107578,-1.3472073114656666,191.6168265995888,174.73517340041118
2025-12-11,180.93,180.27,181.32,176.62,182.14M,-1.55%,180.93,182140000.0,181.899,187.125,-0.015507672216780954,0.014290073699315666,50.417747046960564,-1.4270579992835621,189.37384758963597,175.69115241036403
2025-12-12,175.02,181.11,182.82,174.62,204.27M,-3.27%,175.02,204270000.0,181.701,186.84760000000003,-0.03266456640689763,0.016898386896531874,45.033453422542486,-1.9448093017131214,189.23895398193523,174.64204601806475
2025-12-15,176.29,177.94,178.41,175.03,164.78M,0.73%,176.29,164780000.0,181.33800000000002,186.62099999999998,0.0072563135641638965,0.016067785967421956,41.415249588590214,-2.226981298753799,187.85735319759166,174.63564680240833
2025-12-16,177.72,176.26,178.49,174.9,148.59M,0.81%,177.72,148590000.0,180.964,186.4646,0.008111634239037935,0.016035935290430032,49.849215922798564,-2.308603446876816,187.0840448150327,174.5209551849673
2025-12-17,170.94,176.1,176.13,170.31,222.78M,-3.81%,170.94,222780000.0,180.099,186.18259999999998,-0.038149898717083075,0.019654419592617645,37.57333333333334,-2.8870982529916773,187.94486266716677,172.61813733283321
2025-12-18,174.14,174.53,176.15,171.82,176.10M,1.87%,174.14,176100000.0,179.175,185.8832,0.018720018720018716,0.019317627265544222,46.180555555555536,-3.0521628645860233,187.2031236654046,172.12187633459538
2025-12-19,180.99,176.66,181.45,176.34,324.93M,3.93%,180.99,324930000.0,179.03300000000002,185.6516,0.03933616630297476,0.023860321037754588,51.29320763838533,-2.6002657612529845,187.23179170097,172.12820829903
2025-12-22,183.69,183.92,184.16,182.35,129.06M,1.49%,183.69,129060000.0,178.847,185.6622,0.014917951268025753,0.02368103766011396,52.621678814954144,-2.001198050536175,187.66882674637074,172.17217325362927
2025-12-23,189.21,182.97,189.33,182.9,174.87M,3.01%,189.21,174870000.0,179.27100000000002,185.68,0.03005062877674347,0.025561149830298214,60.415764400173245,-1.0686954503958077,188.98742002181567,171.51957997818428
2025-12-24,188.61,187.94,188.91,186.59,65.53M,-0.32%,188.61,65530000.0,179.754,185.8516,-0.0031710797526557366,0.02545415392035652,56.08280995580369,-0.3737866274892667,190.2009968224183,171.38500317758172
2025-12-26,190.53,189.92,192.69,188.0,139.74M,1.02%,190.53,139740000.0,180.714,186.0656,0.010179735963098402,0.024675470884080647,59.23987255348203,0.32807967681054606,191.66508001852128,170.94791998147872
2025-12-29,188.22,187.71,188.76,185.91,120.01M,-1.21%,188.22,120010000.0,182.03400000000002,186.1938,-0.012124074948826946,0.02184157482912967,53.096729297146815,0.6899626254578664,192.45678927589248,171.27821072410754
2025-12-30,187.54,188.24,188.99,186.93,97.69M,-0.36%,187.54,97690000.0,183.15900000000002,186.2802,-0.0036127935394750788,0.022124364403375896,52.97384864614672,0.9113813159883364,193.08812763975462,171.40887236024534
2025-12-31,186.5,189.57,190.56,186.49,120.10M,-0.55%,186.5,120100000.0,184.037,186.35739999999998,-0.005545483630158832,0.022428172258233584,53.15838365071993,0.9915084232017648,193.49616129746337,171.50483870253666
2026-01-02,188.85,189.84,192.93,188.26,148.24M,1.26%,188.85,148240000.0,185.828,186.5112,0.012600536193029477,0.016530772624584522,59.30451127819548,1.230451217477821,194.21988490159012,171.7071150984099
2026-01-05,188.12,191.76,193.63,186.15,183.53M,-0.39%,188.12,183530000.0,187.226,186.66800000000003,-0.003865501720942466,0.016768708200074228,67.52273943285181,1.34540125609891,194.69097289577482,171.7100271042252
2026-01-06,187.24,190.52,192.17,186.82,176.86M,-0.47%,187.24,176860000.0,187.851,186.7696,-0.004677865192430297,0.0129309865018713,64.801297648013,1.3499301894219684,195.0647845200759,171.8192154799241
2026-01-07,189.11,188.57,191.37,186.56,153.54M,1.00%,189.11,153540000.0,188.393,186.82660000000004,0.00998718222602002,0.012534095134102242,65.21506812717075,1.4872684683569162,195.48522739153145,171.75477260846856
2026-01-08,185.04,189.11,189.55,183.71,172.46M,-2.15%,185.04,172460000.0,187.976,186.6976,-0.021521865580878985,0.010623358238025364,70.3052995391705,1.2532483909599819,195.49044529044573,171.75655470955428
2026-01-09,184.86,185.08,186.34,183.67,131.33M,-0.10%,184.86,131330000.00000001,187.601,186.37420000000003,-0.0009727626459142824,0.010623203818046835,66.90851735015778,1.0412583201679695,195.55726585805553,171.7977341419445
2026-01-12,184.94,183.22,187.12,183.02,137.97M,0.04%,184.94,137970000.0,187.042,185.93219999999997,0.0004327599264306592,0.009801449559827348,57.92218210990773,0.8696848080640507,195.69772588515136,172.05827411484861
2026-01-13,185.81,184.99,188.11,183.4,160.13M,0.47%,185.81,160130000.0,186.801,185.59060000000002,0.004704228398399568,0.009487105458289432,54.5887445887446,0.7947518876628124,195.49664470383615,173.33835529616388
2026-01-14,183.14,184.32,184.46,180.8,159.59M,-1.44%,183.14,159590000.0,186.361,185.2036,-0.014369517248802643,0.010355223754737703,35.01234567901227,0.5139953045830907,195.18547487244155,174.3345251275585
2026-01-15,187.05,186.5,189.7,186.33,206.19M,2.13%,187.05,206190000.0,186.416,184.80699999999996,0.02134978704816004,0.012661172564664818,46.68930390492359,0.6000806562490197,195.1484061729783,175.30459382702168
2026-01-16,186.23,189.07,190.44,186.08,187.97M,-0.44%,186.23,187970000.0,186.154,184.55780000000001,-0.004383854584335878,0.01195733908104391,40.4274265360641,0.595274813181021,193.28661916135243,178.69538083864754
2026-01-20,178.07,181.9,182.38,177.61,223.35M,-4.38%,178.07,223350000.0,185.149,184.215,-0.04381678569510816,0.01803006808493645,32.07347227128224,-0.06621437797690533,192.24594473703476,180.12905526296524
2026-01-21,183.32,179.05,185.38,178.4,200.38M,2.95%,183.32,200380000.0,184.757,184.1198,0.029482787667771015,0.021135399978357654,43.58272506082726,-0.16491714167068494,192.02164913046204,180.58635086953802
2026-01-22,184.84,184.75,186.17,183.93,139.64M,0.83%,184.84,139640000.0,184.32999999999998,184.05360000000002,0.008291512109971588,0.021035905384471254,47.51199040767386,-0.1191154079074579,191.99091251493294,180.73208748506707
2026-01-23,187.67,187.5,189.6,186.82,142.75M,1.53%,187.67,142750000.0,184.59300000000002,183.82600000000002,0.015310538844405919,0.020470556836193858,48.25650118203309,0.14388156763817506,191.79064001773133,180.77835998226868
2026-01-26,186.47,187.16,189.12,185.99,124.80M,-0.64%,186.47,124800000.0,184.754,183.69219999999999,-0.006394202589651954,0.020617612086449716,47.59545322063538,0.25256715739459423,191.5754718413609,180.77952815863912
2026-01-27,188.52,187.24,190.0,185.7,143.71M,1.10%,188.52,143710000.0,185.112,183.5866,0.010993725532257193,0.020851032761855733,51.80383314543404,0.4983741903103578,191.20169809124798,180.95230190875202
2026-01-28,191.52,191.27,192.35,189.84,148.55M,1.59%,191.52,148550000.0,185.683,183.6798,0.01591343093570985,0.02130200102855467,53.29145042338159,0.9245948093718823,191.84719157850154,180.6368084214985
2026-01-29,192.51,191.34,193.48,186.06,171.76M,0.52%,192.51,171760000.0,186.62,183.7266,0.005169172932330657,0.020383860795252753,61.13927825827617,1.3269660088147077,192.74146699888735,180.23953300111265
2026-01-30,191.13,191.21,194.49,189.47,179.49M,-0.72%,191.13,179490000.0,187.028,183.8172,-0.007168458781361964,0.019860266525335683,59.02677800172758,1.5170065097022416,193.30838659821754,180.13561340178248
2026-02-02,185.61,187.2,190.3,184.88,165.79M,-2.89%,185.61,165790000.0,186.966,183.90220000000002,-0.028880866425992635,0.02215948040309294,50.833955688324636,1.208268936212903,193.0851029433396,180.0348970566604
2026-02-03,180.34,186.24,186.27,176.23,204.02M,-2.84%,180.34,204020000.0,187.19299999999998,183.7786,-0.028392866763644276,0.019105636802396343,43.86358537132602,0.5322122169696115,193.21176819972297,179.13023180027702
2026-02-04,174.19,179.46,179.58,171.91,207.01M,-3.41%,174.19,207010000.0,186.28,183.6496,-0.03410225130309419,0.019312688781020583,40.68678459937567,-0.494125237901585,194.33660881981038,176.7003911801896
2026-02-05,171.88,174.93,176.82,171.03,206.31M,-1.33%,171.88,206310000.0,184.984,183.50959999999998,-0.013261381250358806,0.01887132339487822,33.670613562970914,-1.4768782268986627,195.19636600510643,174.11763399489354
2026-02-06,185.41,176.69,187.0,174.6,231.35M,7.87%,185.41,231350000.0,184.75799999999998,183.5668,0.07871771003025363,0.03276714542599904,49.30696416497635,-1.150694634495835,195.21899482657506,174.13200517342494
2026-02-09,190.04,184.26,193.66,183.95,196.39M,2.50%,190.04,196390000.0,185.115,183.81119999999999,0.024971684375168612,0.03365502893921187,60.75858349811254,-0.5126796303682681,195.74811028373696,174.120889716263
2026-02-10,188.54,191.38,192.48,188.12,136.76M,-0.79%,188.54,136760000.0,185.11700000000002,183.9768,-0.007893075142075379,0.03364887555430481,55.03084040092522,-0.1266259418880793,196.04768362649452,174.18131637350547
2026-02-11,190.05,192.45,193.26,188.77,144.19M,0.80%,190.05,144190000.0,184.97,184.2378,0.00800891057600528,0.033338164211812585,55.02217081164451,0.29773664529025723,196.4787049271417,174.17429507285826
2026-02-12,186.94,193.03,193.61,186.51,189.93M,-1.64%,186.94,189930000.0,184.413,184.3782,-0.01636411470665622,0.03364091494823929,49.300095877277094,0.3787302774636885,196.64130448084214,174.39169551915788
2026-02-13,182.81,187.48,187.5,181.59,161.89M,-2.21%,182.81,161890000.0,183.581,184.4052,-0.022092650048143758,0.03420055384009075,46.677559912854036,0.10841212287067492,196.46779224218076,174.14120775781927
2026-02-17,184.97,181.75,187.15,179.18,162.28M,1.18%,184.97,162280000.0,183.517,184.51280000000003,0.011815546195503401,0.03331127152515866,46.78383765174849,0.06769662143315713,196.39701933255773,174.08598066744227
2026-02-18,187.98,188.75,190.37,186.76,164.75M,1.63%,187.98,164750000.0,184.281,184.60479999999998,0.016272909120397916,0.03203009575640042,46.79347826086954,0.27513950068941995,196.42171825602574,175.05228174397425
2026-02-19,187.9,187.05,188.43,185.66,126.55M,-0.04%,187.9,126550000.0,185.652,184.7146,-0.0004255771890625537,0.02914871832803999,45.75428255664028,0.4281487137741067,196.6289025376039,175.30309746239607
2026-02-20,189.82,186.57,190.33,185.94,178.42M,1.02%,189.82,178420000.0,187.446,184.8,0.010218201170835384,0.028177511095729097,48.80539850446836,0.6963109324157131,196.99908671682098,175.43091328317902
2026-02-23,191.55,191.4,193.95,189.57,171.58M,0.91%,191.55,171580000.0,188.06,184.9316,0.009113897376461955,0.014850736370968105,55.818965517241374,1.0364800674492187,197.44006598848142,175.37793401151862
2026-02-24,192.85,191.49,193.77,187.4,175.12M,0.68%,192.85,175120000.0,188.34099999999998,185.113,0.006786739754633064,0.01289531071350336,63.288718929254294,1.3948863120772046,198.1292789679663,175.32672103203373
2026-02-25,195.56,194.45,197.63,193.79,250.64M,1.41%,195.56,250640000.0,189.04299999999998,185.40560000000002,0.014052372310085604,0.01297792405551368,74.49002979601192,1.8759751212634797,199.1304500898742,175.02954991012578
2026-02-26,184.89,194.27,194.29,184.32,360.81M,-5.46%,184.89,360810000.0,188.527,185.60299999999998,-0.054561259971364406,0.02237304192907463,62.51202154260434,1.3803498279335145,198.64850490933645,174.8484950906635
2026-02-27,177.19,181.25,182.59,176.38,311.64M,-4.16%,177.19,311640000.0,187.552,185.621,-0.04164638433663248,0.025342878458068215,41.09618717504333,0.3620639163167425,198.28639732864383,173.6786026713562
2026-03-02,182.48,175.01,183.46,174.64,209.10M,2.99%,182.48,209100000.0,187.519,185.7162,0.029854957954737804,0.02674582223000442,41.926527125160185,-0.01787021861167659,197.69918320841785,173.40081679158217
2026-03-03,180.05,178.49,180.9,176.92,178.10M,-1.33%,180.05,178100000.0,187.027,185.8984,-0.013316527838667103,0.026708421208323136,41.109947643979076,-0.5091819172751002,197.6673583842423,172.87664161575768
2026-03-04,183.04,180.44,184.7,180.06,177.73M,1.66%,183.04,177730000.0,186.533,186.0764,0.01660649819494564,0.026734482259175067,42.88035750558599,-0.6497915738658548,197.63385585956786,173.18014414043216
2026-03-05,183.34,181.17,184.06,177.88,198.78M,0.16%,183.34,198780000.0,186.077,186.1234,0.0016389860139860435,0.026758798574218805,46.122361051271,-0.7286191786150766,196.9561876889677,174.77281231103228
2026-03-06,177.82,179.84,182.76,176.82,189.02M,-3.01%,177.82,189020000.0,184.877,186.00599999999997,-0.03010799607287018,0.027713519818446934,44.78142647981592,-1.2224172258845556,195.9137451396221,176.40925486037787
2026-03-09,182.65,176.83,182.91,175.56,177.21M,2.72%,182.65,177210000.0,183.987,185.8748,0.027162298953998576,0.029357537337856218,47.702060221870056,-1.2100662119118226,195.89786718825798,176.14913281174205
2026-03-10,184.77,182.4,186.44,182.01,179.12M,1.16%,184.77,179120000.0,183.179,185.798,0.011606898439638691,0.02959933643029889,46.76346037507564,-1.0174827541051172,195.46285036797343,176.0571496320266
2026-03-11,186.03,185.91,187.62,184.45,145.28M,0.68%,186.03,145280000.0,182.226,185.70800000000003,0.006819288845591798,0.029198343710332388,48.15836123695095,-0.7544902130416915,195.25049210745567,176.01850789254433
2026-03-12,183.14,184.05,184.94,181.75,155.76M,-1.55%,183.14,155760000.0,182.051,185.6064,-0.015535128742676041,0.023906280215300495,43.5446463084654,-0.77038505735905,194.7319943957421,175.84600560425793
2026-03-13,180.25,184.92,186.09,179.94,160.99M,-1.58%,180.25,160990000.0,182.357,185.4606,-0.01578027738342247,0.02007504286640651,39.31947069943288,-1.0046002766121376,194.62252755696454,175.28647244303545
2026-03-16,183.22,182.97,188.88,181.41,217.31M,1.65%,183.22,217310000.0,182.431,185.395,0.01647711511789174,0.0183788695077137,41.1764705882353,-0.9397307158946262,194.62560456247033,175.32439543752966
2026-03-17,181.93,185.06,185.4,181.68,182.50M,-0.70%,181.93,182500000.0,182.619,185.2566,-0.007040716079030673,0.01795474583706183,37.17779868297272,-0.9811037869461927,194.56922431617355,175.0767756838264
2026-03-18,180.4,182.48,183.38,180.33,156.68M,-0.84%,180.4,156680000.0,182.355,185.10219999999998,-0.008409827955807136,0.017298032542960577,44.89888661667804,-1.124389198317715,194.2625718760077,174.62542812399232
2026-03-19,178.56,178.01,179.98,175.79,170.97M,-1.02%,178.56,170970000.0,181.877,184.92860000000002,-0.010199556541020005,0.017477432226696798,51.79554390563566,-1.3706169229157013,193.99000648893656,173.96399351106345
2026-03-20,172.7,178.0,178.26,171.72,241.32M,-3.28%,172.7,241320000.0,181.36499999999998,184.60039999999998,-0.03281810035842303,0.017967231741502703,37.37086776859503,-2.015375203749869,193.92657146739384,172.31542853260618
2026-03-23,175.64,177.26,178.37,174.76,182.84M,1.70%,175.64,182840000.0,180.66400000000002,184.41240000000002,0.017023740590619507,0.016299034896546338,44.379301554932425,-2.263030549659817,192.8573833723381,171.79361662766186
2026-03-24,175.2,174.83,176.22,173.98,147.67M,-0.25%,175.2,147670000.0,179.707,184.21919999999997,-0.0025051241175131356,0.01540462032858717,39.31297709923665,-2.466372708994868,191.19037989087064,171.69562010912932
2026-03-25,178.68,177.1,181.22,176.85,162.60M,1.99%,178.68,162600000.0,178.972,184.09400000000002,0.019863013698630194,0.01700430165583557,44.15454089312595,-2.3199727174881843,187.7867378038536,173.41126219614637
2026-03-26,171.24,176.07,176.51,171.14,186.15M,-4.16%,171.24,186150000.0,177.78199999999998,183.80259999999998,-0.04163868368032231,0.02061121920818153,42.12541886069892,-2.7723377074189557,187.93311504889732,171.89988495110265
2026-03-27,167.52,170.0,170.97,167.01,196.21M,-2.17%,167.52,196210000.0,176.509,183.49020000000002,-0.021723896285914535,0.02099068111979848,31.399065650356533,-3.39191326696681,189.1319203957041,169.73407960429589
2026-03-30,165.17,168.78,169.45,164.27,185.63M,-1.40%,165.17,185630000.0,174.704,183.0526,-0.014028175740210314,0.019335375874843897,26.03911980440097,-4.026145819125759,190.04741541322642,167.08758458677357
2026-03-31,174.4,166.97,174.62,166.96,226.18M,5.59%,174.4,226180000.0,173.95100000000002,182.81599999999997,0.05588181873221543,0.02851711845864657,38.1010845099243,-3.74087336490129,189.8887135616642,166.68128643833586
2026-04-01,175.75,176.0,177.37,174.75,168.13M,0.77%,175.75,168130000.0,173.48600000000002,182.7696,0.007740825688073327,0.02868736120994744,42.19311219099939,-3.3670459621339432,189.35201963007222,166.4889803699278
2026-04-02,177.39,172.18,177.49,171.37,143.14M,0.93%,177.39,143140000.0,173.369,182.65099999999998,0.009331436699857587,0.02875006481130035,46.89670138888888,-2.90496413988447,188.76673668786708,166.4792633121329
2026-04-06,177.64,177.15,177.79,175.76,107.56M,0.14%,177.64,107560000.0,173.863,182.507,0.0014093240881674074,0.026387225305353302,43.56549815498154,-2.489886197781516,188.75735752106152,166.47064247893843
2026-04-07,178.1,175.73,178.23,173.66,132.53M,0.26%,178.1,132530000.0,174.10899999999998,182.3156,0.0025895068678225552,0.025933995333985008,45.49729602633435,-2.0996127537090388,188.27993844030544,166.49306155969458
2026-04-08,182.08,184.5,185.26,180.3,147.73M,2.23%,182.08,147730000.0,174.797,182.2278,0.02234699606962387,0.026667497948401928,51.86749666518452,-1.4524228729832203,187.82325516623104,166.68074483376898
2026-04-09,183.91,181.84,184.08,180.62,116.43M,1.01%,183.91,116430000.0,175.32,182.1356,0.010050527240773155,0.02620267602944818,55.948410051145196,-0.7828305405286926,187.38390973732265,166.90809026267738
2026-04-10,188.63,184.31,190.0,184.3,160.46M,2.57%,188.63,160460000.0,177.059,182.0778,0.025664727312272317,0.02165627013350331,68.17248459958931,0.12722419903573723,188.58734467520225,166.25365532479776
2026-04-13,189.31,186.03,189.66,185.74,133.65M,0.36%,189.31,133650000.0,179.238,182.01379999999997,0.0036049408895721946,0.018841489450237007,66.44214577820543,0.893025214944771,190.19863439662348,165.54836560337648
2026-04-14,196.51,190.84,196.51,190.77,161.31M,3.80%,196.51,161310000.0,182.372,182.1214,0.038032856161850814,0.017877397229155174,72.04634802400165,2.057193814703197,193.2740661750647,163.80193382493528
2026-04-15,198.87,196.54,200.4,195.74,185.34M,1.20%,198.87,185340000.0,184.81900000000002,182.3866,0.012009566943158134,0.011810631729870732,71.38318152933698,3.1341100246027622,196.6690461880799,162.10095381192014
2026-04-16,198.35,197.43,199.85,195.81,134.01M,-0.26%,198.35,134009999.99999999,187.079,182.7468,-0.002614773470106191,0.012765477615728759,83.64358401588478,3.9006499608533716,199.53996649457235,161.02503350542764
2026-04-17,201.68,199.9,201.7,199.27,160.32M,1.68%,201.68,160320000.0,189.50799999999998,183.2966,0.016788505167633083,0.012794302955187938,92.80701754385957,4.722404612208095,202.9091500036458,159.9678499963542
2026-04-20,202.06,199.98,202.17,197.84,119.38M,0.19%,202.06,119380000.0,191.95,183.9002,0.00188417294724319,0.012747349081321682,98.62905351964142,5.342726295039199,205.82733058566933,159.98566941433066
2026-04-21,199.88,202.13,202.75,199.0,107.95M,-1.08%,199.88,107950000.0,194.128,184.18959999999998,-0.010788874591705522,0.014541295761451174,91.25647668393778,5.593944407855162,207.96626301988823,160.27073698011174
2026-04-22,202.5,200.99,202.5,199.0,107.50M,1.31%,202.5,107500000.0,196.17000000000002,184.43880000000001,0.013107864718831408,0.014075555974047926,91.60186625194396,5.9360219103992335,210.2878945809294,160.6791054190706
2026-04-23,199.64,202.46,203.83,197.22,113.56M,-1.41%,199.64,113560000.0,197.743,184.6608,-0.0141234567901235,0.016138328848482656,83.33832783937663,5.908236228228361,211.89051481981716,161.17248518018283
2026-04-24,208.27,199.96,210.95,199.81,214.13M,4.32%,208.27,214130000.0,199.70700000000002,185.0252,0.04322781005810472,0.018943179387987914,86.68263473053888,6.507569540165974,214.43880900985477,162.3271909901452
2026-04-27,216.61,209.65,216.82,207.38,187.17M,4.00%,216.61,187170000.0,202.43699999999998,185.61860000000001,0.04004417342872224,0.020950590195453356,88.79709852911542,7.568271484958501,217.84941540199168,163.82558459800833
2026-04-28,213.17,209.49,214.73,208.2,180.28M,-1.59%,213.17,180280000.0,204.103,186.22580000000002,-0.015881076589261967,0.02094635741705907,81.66632715420647,8.038641709682452,219.15448071677793,167.3205192832221
2026-04-29,209.25,212.7,212.72,207.58,123.71M,-1.84%,209.25,123710000.0,205.141,186.7114,-0.01838907913871557,0.02250645067581633,74.75576397030085,8.002850384783187,220.24220226263054,169.71779773736944
2026-04-30,199.57,209.93,210.3,198.7,225.24M,-4.63%,199.57,225240000.0,205.263,186.9432,-0.04626045400238954,0.027821720896004584,59.743498396864965,7.1114144420868115,219.8097513251164,172.5322486748836
2026-05-01,198.45,201.28,203.0,197.12,128.65M,-0.56%,198.45,128650000.0,204.94,187.15420000000003,-0.00561206594177488,0.027302723188688392,58.077059031459854,6.242609479095762,219.15473728571172,175.29326271428826
2026-05-04,198.48,199.5,201.73,194.74,125.37M,0.02%,198.48,125370000.0,204.58200000000002,187.3274,0.00015117157974309237,0.027285908651066407,51.993523578223034,5.4931741436572565,218.16509323509797,178.36690676490207
2026-05-05,196.5,199.3,200.24,196.03,113.41M,-1.00%,196.5,113410000.0,204.244,187.4264,-0.009975816203143806,0.02725619207066109,47.5831123801754,4.685460713970002,216.72032291251008,181.65167708748987
2026-05-06,207.83,199.89,208.26,198.61,188.36M,5.77%,207.83,188360000.0,204.777,187.72600000000003,0.05765903307888043,0.032935180369588236,57.92112299465241,4.90305890194756,216.4296877454674,184.5173122545326
2026-05-07,211.5,208.34,214.2,206.5,168.31M,1.77%,211.5,168310000.0,205.96300000000002,188.0448,0.017658663330606617,0.032622159063432146,58.158856763044184,5.310430030397839,216.49629140453345,187.20970859546657
2026-05-08,215.2,213.03,217.8,212.89,136.42M,1.75%,215.2,136420000.0,206.656,188.65099999999998,0.01749408983451528,0.03031560983139467,60.34645669291337,5.864234418438343,217.5928979379694,188.7701020620306
2026-05-11,219.44,214.04,222.3,213.89,160.69M,1.97%,219.44,160690000.0,206.939,189.49599999999998,0.019702602230483368,0.028214809210541588,64.91763270286759,6.569531481222953,219.29188787456377,190.0841121254362
2026-05-12,220.78,218.54,223.75,214.92,159.18M,0.61%,220.78,159180000.0,207.7,190.262,0.006106452788917194,0.027545211979091055,64.21904169259489,7.154142781339402,221.63393685745757,190.16906314254243
2026-05-13,225.83,224.93,227.84,221.57,150.41M,2.29%,225.83,150410000.0,209.358,191.1776,0.022873448681945963,0.02692668678060317,69.70061681961788,7.933491887911117,224.9429807798091,189.55601922019088
2026-05-14,235.74,229.85,236.54,229.3,180.78M,4.39%,235.74,180780000.0,212.975,192.2316,0.043882566532347234,0.021239012825887606,70.27306273062729,9.244224186360043,230.39235066277223,187.84564933722777
2026-05-15,225.32,229.76,231.5,224.24,180.98M,-4.42%,225.32,180980000.0,215.66199999999998,193.07119999999998,-0.04420123865275305,0.028175585786761506,56.23657453816409,9.3345788454142,232.44326527659652,188.1587347234035
2026-05-18,222.32,229.87,230.0,218.37,146.28M,-1.33%,222.32,146280000.0,218.046,193.9612,-0.013314397301615433,0.029169302725504394,56.59316904453092,9.059676326491797,233.72099364508222,188.90700635491777
2026-05-19,220.61,219.62,224.48,217.91,140.95M,-0.77%,220.61,140950000.0,220.45699999999997,194.7204,-0.007691615689096709,0.028988314693626917,58.45489729086039,8.604642429028473,234.446182336035,190.254817663965
2026-05-20,223.47,223.18,226.13,220.49,184.20M,1.30%,223.47,184200000.0,222.02100000000002,195.49439999999998,0.012964054213317588,0.02422311930811282,69.79787939032472,8.378223934673713,235.51669941401366,191.2813005859864
2026-05-21,219.51,222.29,227.4,217.93,203.38M,-1.77%,219.51,203380000.0,222.82199999999997,196.164,-0.017720499395892153,0.0251482285406665,66.6613924050633,7.789454756080403,235.67732718795938,193.10767281204065
2026-05-22,215.33,220.9,221.01,214.8,169.28M,-1.90%,215.33,169280000.0,222.83499999999998,196.8078,-0.01904241264634854,0.025621104334661356,62.509279881217545,6.905952353979302,235.83608205880506,193.65491794119492
2026-05-26,214.86,216.54,218.18,212.0,187.20M,-0.22%,214.86,187200000.0,222.377,197.5,-0.002182696326568534,0.024703174939939884,63.94289185905227,6.097556428071243,235.73052499046867,193.5854750095313
2026-05-27,212.6,214.12,214.15,208.78,167.60M,-1.05%,212.6,167600000.0,221.55900000000003,198.0876,-0.010518477147910321,0.024668913453882436,54.20116258587281,5.214425073834775,235.71203802258938,193.54696197741063
2026-05-28,214.25,211.28,215.52,211.22,144.00M,0.78%,214.25,144000000.0,220.401,198.734,0.007761053621825109,0.023298924620059298,52.51141552511416,4.594713328221189,235.81148858962123,193.94751141037878
