Date,Price,Open,High,Low,Vol.,Change %,Close,Volume,MA10,MA50,Returns,Volatility,RSI,MACD,UpperBand,LowerBand
2021-08-10,236.66,238.0,238.86,233.96,40.30M,-0.53%,236.66,40300000.0,232.644,217.34599999999998,-0.005295897780766556,0.01970943073314077,69.14513757613946,5.576557452780207,243.97843781200172,205.50856218799825
2021-08-11,235.94,237.57,238.39,234.74,29.40M,-0.30%,235.94,29400000.0,234.67199999999997,217.90540000000001,-0.003042339220823087,0.020045984348670935,71.0708117443869,5.520676833363751,245.21443409742284,206.08756590257718
2021-08-12,240.75,235.45,240.93,233.13,53.05M,2.04%,240.75,53050000.0,236.169,218.68619999999999,0.020386538950580624,0.01580567714138847,76.7337807606264,5.797685728882328,247.0560907541795,206.63390924582055
2021-08-13,239.06,241.24,243.3,238.11,50.19M,-0.70%,239.06,50190000.0,237.16799999999998,219.6484,-0.007019730010384251,0.01606113705289843,71.52461505096508,5.81383018287687,248.13151243674855,207.9904875632514
2021-08-16,228.72,235.02,236.5,225.47,69.31M,-4.33%,228.72,69310000.0,236.38400000000001,220.22920000000002,-0.043252739897933545,0.01889674966455572,63.21640789725896,4.9353811917571875,247.89308086632192,209.55991913367805
2021-08-17,221.9,224.22,224.86,216.28,71.16M,-2.98%,221.9,71160000.0,234.916,220.63299999999998,-0.029818118223154944,0.02060740637049151,55.35530381050464,3.646848435845669,247.83203434374138,209.79396565625854
2021-08-18,229.66,223.25,231.92,223.12,61.05M,3.50%,229.66,61050000.0,234.185,221.2022,0.03497070752591247,0.024367235197349176,53.47048300536672,3.2147860380705993,247.7552250014504,210.99377499854967
2021-08-19,224.49,226.07,228.85,222.53,42.94M,-2.25%,224.49,42940000.0,232.81300000000002,221.7002,-0.02251153879648171,0.024916696593723683,46.03669089650399,2.427218221716089,247.2953629353999,212.26063706460013
2021-08-20,226.75,227.62,230.71,224.57,44.53M,1.01%,226.75,44530000.0,232.185,222.1678,0.010067263575214813,0.024660688608792225,40.666032350142714,1.9628022035270476,246.44865786118066,214.33634213881936
2021-08-23,235.43,228.48,237.38,226.92,60.79M,3.83%,235.43,60790000.0,231.936,222.81040000000002,0.038280044101433264,0.026984162568947232,49.06061101127267,2.268997035959842,246.50210437391166,215.90489562608838
2021-08-24,236.16,236.89,238.41,234.21,39.25M,0.31%,236.16,39250000.0,231.88600000000002,223.4156,0.0031007093403558894,0.026956702073881112,49.341998375304634,2.5412693743506622,245.63369162593966,218.89630837406037
2021-08-25,237.07,235.68,238.99,234.67,37.94M,0.39%,237.07,37940000.0,231.99900000000002,224.16119999999998,0.003853319783197806,0.02695512819045455,49.06893172165958,2.7982204158323043,244.32230256154222,222.34869743845778
2021-08-26,233.72,236.1,238.47,232.54,39.64M,-1.41%,233.72,39640000.0,231.296,224.8032,-0.01413084742902937,0.026372866670192095,50.58090587641018,2.700410315388268,244.12765853908093,223.3373414609191
2021-08-27,237.31,235.0,238.33,234.03,41.50M,1.54%,237.31,41500000.0,231.121,225.43880000000001,0.015360260140338866,0.02690470120954303,49.47495265966605,2.8793863299647455,244.4139897633716,223.87501023662833
2021-08-30,243.64,238.24,243.67,237.58,55.81M,2.67%,243.64,55810000.0,232.61299999999997,226.15619999999998,0.026673970755551668,0.023389376947475386,55.525649145028495,3.4917534487358637,245.57498105815083,223.4220189418492
2021-08-31,245.24,244.33,246.8,242.15,62.57M,0.66%,245.24,62570000.0,234.94700000000003,226.92219999999998,0.006567066163191582,0.01962431174484252,57.261086820737056,4.0593715224313485,246.98460578014493,222.87839421985507
2021-09-01,244.7,244.69,247.33,243.76,39.61M,-0.22%,244.7,39610000.0,236.45099999999996,227.6582,-0.002201924645245601,0.017856772355755644,53.30433327756399,4.414748970227748,248.11888746923407,222.5171125307659
2021-09-02,244.13,244.83,246.99,243.51,38.39M,-0.23%,244.13,38390000.0,238.41500000000002,228.16359999999997,-0.002329382917858558,0.015147790934426572,54.32225063938618,4.597397979524345,248.95868772681882,222.26931227318113
2021-09-03,244.52,244.08,244.67,241.4,45.81M,0.16%,244.52,45810000.0,240.192,228.5218,0.001597509523614482,0.015288055894872364,66.22176591375772,4.71921816652852,250.04431432202057,222.3326856779795
2021-09-07,250.97,246.67,253.4,246.42,60.12M,2.64%,250.97,60120000.0,241.746,229.06199999999998,0.026378210371339694,0.01292090123789299,80.07448789571694,5.275410983508664,252.18890628614906,221.4930937138509
2021-09-08,251.29,253.86,254.82,246.92,56.38M,0.13%,251.29,56380000.0,243.25900000000001,229.4964,0.0012750527951548296,0.0129867920996143,76.44900953778429,5.676583008396136,254.22334524486416,220.92165475513593
2021-09-09,251.62,251.14,254.03,250.54,42.23M,0.13%,251.62,42230000.0,244.714,229.99040000000002,0.0013132237653707968,0.01306466553416819,87.628294036061,5.952525956574135,256.1229062355421,220.59009376445795
2021-09-10,245.42,253.2,254.2,244.84,45.55M,-2.46%,245.42,45550000.0,245.88400000000001,230.3674,-0.024640330657340503,0.015128196028378497,73.34333583395846,5.606298625869414,256.6098043099367,220.57019569006331
2021-09-13,247.67,246.74,248.26,236.28,68.86M,0.92%,247.67,68860000.0,246.92,230.8014,0.009167956971722013,0.014779698505714518,68.2359952324195,5.450635633142156,257.4932810860364,220.54771891396362
2021-09-14,248.16,247.52,251.49,245.47,55.57M,0.20%,248.16,55570000.0,247.372,231.23860000000002,0.0019784390519643758,0.012533162693410453,68.00720288115244,5.3056502612544705,258.2274679981822,221.75753200181782
2021-09-15,251.94,248.33,252.29,246.12,46.07M,1.52%,251.94,46070000.0,248.042,231.8802,0.015232108317214665,0.013174020841832654,70.54434926775349,5.433132944120246,258.3513330358935,224.63766696410653
2021-09-16,252.33,250.94,252.97,249.2,41.77M,0.15%,252.33,41770000.0,248.805,232.62919999999997,0.001547987616099089,0.013069503841524123,78.00180559735175,5.502207605121953,259.1801957201419,226.07580427985806
2021-09-17,253.16,252.38,253.68,250.0,84.61M,0.33%,253.16,84610000.0,249.708,233.34039999999996,0.0032893433202552114,0.01292767402510492,76.00918936659004,5.5598335349081935,258.87415216666193,229.248847833338
2021-09-20,243.39,244.85,247.33,239.54,74.27M,-3.86%,243.39,74270000.0,249.59499999999997,233.8286,-0.03859219465950392,0.01864263969556065,49.631377174874665,4.7622489096990535,257.2831226101137,232.50387738988627
2021-09-21,246.46,244.93,248.25,243.48,48.99M,1.26%,246.46,48990000.0,249.14399999999995,234.1864,0.012613500965528601,0.016878252948017113,51.72413793103448,4.327990312629822,257.0158444853974,233.8741555146026
2021-09-22,250.65,247.84,251.22,246.37,45.38M,1.70%,250.65,45380000.0,249.07999999999998,234.74239999999998,0.017000730341637516,0.017886783950156904,57.62234178836793,4.272682405380323,257.0886661046547,235.25033389534525
2021-09-23,251.21,251.67,252.73,249.31,35.84M,0.22%,251.21,35840000.0,249.039,235.41080000000002,0.002234191103131833,0.017897287894555833,59.07227063044593,4.225330826704749,257.12542964886364,236.62757035113637
2021-09-24,258.13,248.63,258.27,248.19,64.12M,2.75%,258.13,64120000.00000001,250.31,236.236,0.027546674097368662,0.017524261008151184,64.9396267837541,4.6921028852728455,257.530401128018,238.66359887198195
2021-09-27,263.79,257.71,266.33,256.44,84.21M,2.19%,263.79,84210000.0,251.92200000000003,237.217,0.02192693603997986,0.0182927315671425,64.32082216264521,5.455846203122206,259.85928358546136,238.98271641453863
2021-09-28,259.19,262.4,265.21,255.39,76.14M,-1.74%,259.19,76140000.0,253.025,238.09260000000003,-0.017438113651010334,0.01979237107943594,58.05464926590537,5.62509414499138,261.1286384880708,239.2683615119292
2021-09-29,260.44,259.93,264.5,256.89,62.83M,0.48%,260.44,62830000.0,253.875,238.898,0.004822716925807269,0.019437889486798296,58.82706164931943,5.793307271584183,262.53181099419726,239.3851890058028
2021-09-30,258.49,260.33,263.04,258.33,53.87M,-0.75%,258.49,53870000.0,254.49099999999999,239.6992,-0.007487329135309473,0.019746009815594292,64.29665281120106,5.703522031489257,263.29426635450113,240.0017336454989
2021-10-01,258.41,259.47,260.26,254.53,51.09M,-0.03%,258.41,51090000.0,255.016,240.53900000000002,-0.00030948972880950887,0.0197646676235489,62.33348644924211,5.561798301711292,263.8169655516487,240.9070344483513
2021-10-04,260.51,265.5,268.99,258.71,91.45M,0.81%,260.51,91450000.0,256.728,241.46,0.00812662048682311,0.013604198311630669,63.67663344407529,5.554900242179144,264.5437211781072,241.77927882189277
2021-10-05,260.2,261.6,265.77,258.07,55.30M,-0.12%,260.2,55300000.0,258.102,242.2798,-0.0011899735134928147,0.013660642922014351,59.90882917466409,5.461462728389819,265.37360329918084,241.8723967008191
2021-10-06,260.92,258.73,262.22,257.74,43.90M,0.28%,260.92,43900000.0,259.129,243.1996,0.002767102229054741,0.013060219421078486,60.22375624851226,5.383453705011959,266.2356317214054,241.97336827859456
2021-10-07,264.54,261.82,268.33,261.13,57.59M,1.39%,264.54,57590000.0,260.462,244.17719999999997,0.013873984363023117,0.013389990370710904,62.700892857142875,5.549760553305532,267.67466174620574,241.8263382537942
2021-10-08,261.83,265.4,265.46,260.3,50.22M,-1.02%,261.83,50220000.0,260.832,244.8982,-0.01024419747486216,0.011617953615225711,74.43031266560673,5.400630470876763,268.0779073967773,243.06409260322275
2021-10-11,263.98,262.55,267.08,261.83,42.60M,0.82%,263.98,42600000.0,260.851,245.5964,0.008211434900508019,0.00956467757268647,73.79141770776748,5.393754987824309,268.85112493366023,243.92187506633977
2021-10-12,268.57,266.98,270.77,265.52,66.06M,1.74%,268.57,66060000.0,261.789,246.2366,0.01738768088491538,0.008771277207094603,74.07307898979039,5.693054766198287,270.3678854473346,244.44611455266542
2021-10-13,270.36,270.16,271.8,268.59,42.36M,0.67%,270.36,42360000.0,262.781,246.9122,0.006664929068771697,0.008819123069991382,74.90247074122233,6.005462800352291,272.2363762720994,244.41962372790067
2021-10-14,272.77,271.83,273.42,271.12,36.74M,0.89%,272.77,36740000.0,264.209,247.6282,0.008914040538541057,0.007975622994613343,71.56747200942834,6.3740393194148055,274.36269357647166,244.3373064235284
2021-10-15,281.01,274.58,281.07,274.12,56.77M,3.02%,281.01,56770000.0,266.469,248.4842,0.030208600652564366,0.010857635990203817,73.57612267250815,7.24749340905737,278.2901372678543,243.1948627321457
2021-10-18,290.04,283.93,291.75,283.82,72.62M,3.21%,290.04,72620000.0,269.422,249.62440000000004,0.032134087754884355,0.013178823621953908,87.66788766788765,8.56957289912998,283.1330268746763,243.01697312532363
2021-10-19,288.09,292.51,292.65,287.5,52.14M,-0.67%,288.09,52140000.0,272.211,250.62780000000004,-0.006723210591642714,0.013841080551322764,83.19327731092426,9.352175657458815,286.55045022700955,243.76254977299044
2021-10-20,288.6,288.45,289.83,285.79,42.10M,0.18%,288.6,42100000.0,274.979,251.6666,0.0017702801207957197,0.013904957434462559,87.44093509077331,9.899432227004695,289.72431112084166,244.38368887915826
2021-10-21,298.0,285.33,300.0,285.17,94.44M,3.26%,298.0,94440000.0,278.325,252.90779999999998,0.03257103257103244,0.015604125262863972,89.96567736725203,10.96523800397648,294.6850074367073,244.10199256329275
2021-10-22,303.23,298.5,303.33,296.99,68.64M,1.76%,303.23,68640000.0,282.46500000000003,254.15740000000002,0.01755033557046981,0.013520245683513765,90.56209646790721,12.092519020077134,300.50286555495387,242.79413444504613
2021-10-25,341.62,316.84,348.34,314.73,188.56M,12.66%,341.62,188560000.0,290.22900000000004,256.2086,0.12660356824852426,0.03754081172681531,94.86444787304379,15.90036005525485,317.8075881796711,233.27241182032895
2021-10-26,339.48,341.56,364.98,333.81,187.25M,-0.63%,339.48,187250000.0,297.32000000000005,258.4238,-0.006264270241789105,0.03891326543991033,92.62152777777771,18.53179835853939,329.7850939380411,229.32390606195898
2021-10-27,345.95,346.55,356.96,343.59,115.58M,1.91%,345.95,115580000.0,304.879,260.9048,0.01905856015081886,0.03848265475246063,92.8428586464582,20.89840331571628,341.2521395044028,226.40786049559728
2021-10-28,359.01,356.1,360.33,351.4,81.64M,3.78%,359.01,81640000.0,313.503,263.4918,0.03775112010406123,0.03817405154428898,96.11807137433559,23.556245908197127,354.0147345681778,223.69726543182233
2021-10-29,371.33,360.62,371.74,357.73,89.76M,3.43%,371.33,89760000.0,322.535,266.4286,0.03431659285256683,0.03821696690640835,96.45979399290225,26.352945991671334,367.6339553165439,221.37004468345623
2021-11-01,402.86,381.67,403.25,372.89,168.15M,8.49%,402.86,168150000.0,333.817,269.9508,0.08491099561037352,0.04215778426949669,97.12922018670595,30.758987983092197,387.4310041913311,215.8079958086689
2021-11-02,390.67,386.45,402.86,382.0,128.21M,-3.03%,390.67,128210000.00000001,344.075,273.0556,-0.030258650647867702,0.04523787013678821,89.35042846863347,32.88806375434109,400.2990041394333,215.98699586056676
2021-11-03,404.62,392.44,405.13,384.21,103.89M,3.57%,404.62,103890000.0,355.677,276.4248,0.03570788645148082,0.04399044153829899,90.09792591691502,35.29417082578294,414.14817535322413,216.50782464677593
2021-11-04,409.97,411.47,414.5,405.67,76.19M,1.32%,409.97,76190000.0,366.874,279.88280000000003,0.013222282635559246,0.04454073948235139,89.92075284794451,37.20386530254467,426.9329447009095,218.26605529909057
2021-11-05,407.36,409.33,413.29,402.67,64.89M,-0.64%,407.36,64890000.0,377.28700000000003,283.3556,-0.006366319486791783,0.046093070953391234,87.82076079948419,38.067883877756344,436.63537792408056,223.1166220759194
2021-11-08,387.65,383.26,399.0,377.67,100.34M,-4.84%,387.65,100340000.0,381.89,286.3624,-0.0483847211311863,0.03826052090690955,78.79787110956843,36.73869177710736,441.06002280070254,231.0589771992975
2021-11-09,341.17,391.2,391.5,337.17,177.32M,-11.99%,341.17,177320000.0,382.05899999999997,288.313,-0.11990197342964004,0.0570177559558957,62.01160718365855,31.570821136688778,439.7705388424764,239.60846115752364
2021-11-10,355.98,336.8,359.37,329.1,128.41M,4.34%,355.98,128410000.0,383.062,290.5278,0.043409443972213246,0.058331809355991686,62.92811273635391,28.343562701754763,438.7492225677722,249.19177743222784
2021-11-11,354.5,367.59,368.32,351.56,67.19M,-0.42%,354.5,67190000.0,382.611,292.7238,-0.00415753694027754,0.05716652964670244,61.6263776134972,25.374017629350533,436.76307790248575,259.3509220975143
2021-11-12,344.47,349.17,351.5,339.73,76.72M,-2.83%,344.47,76720000.0,379.925,294.73060000000004,-0.028293370944992846,0.05644493332331952,50.74168531723313,21.958174423001367,434.19208011400065,268.2679198859994
2021-11-15,337.8,339.21,343.99,326.2,104.33M,-1.94%,337.8,104330000.0,373.41900000000004,296.5962,-0.019363079513455506,0.04654554996169572,49.57286687684328,18.49962861263657,431.77432771634693,275.4616722836532
2021-11-16,351.58,334.44,352.4,334.06,79.63M,4.08%,351.58,79630000.0,369.51000000000005,298.6084,0.040793368857311885,0.04952895904600906,51.38010491738981,16.678379004941746,428.64562588885565,284.9393741111444
2021-11-17,363.0,354.5,373.21,351.83,94.34M,3.25%,363.0,94340000.0,365.34800000000007,300.8426,0.032481938676830246,0.04921249212974279,50.9860129491425,15.972404195438003,424.8065425741456,296.21845742585447
2021-11-18,365.46,368.85,370.67,358.34,62.70M,0.68%,365.46,62700000.0,360.89700000000005,303.1194,0.006776859504132204,0.04892090348934359,48.47508702654959,15.433507644454266,421.0543378402056,306.71666215979445
2021-11-19,379.02,366.29,379.57,364.23,64.93M,3.71%,379.02,64930000.00000001,358.063,305.7914,0.037103923822032536,0.051188140981901165,43.16905444126074,15.917124219672587,417.4895366650901,317.8604633349099
2021-11-22,385.62,387.44,400.65,377.48,99.22M,1.74%,385.62,99220000.0,357.86,308.5504,0.017413329111920284,0.04932285447861072,48.50512107039251,16.641130092340234,418.7215444557019,321.0284555442981
2021-11-23,369.68,389.17,393.5,354.23,108.52M,-4.13%,369.68,108520000.0,360.711,310.9808,-0.04133603028888544,0.030752071317416252,39.777647747220605,15.747161700927904,418.09577481920235,324.67422518079763
2021-11-24,372.0,360.13,377.59,354.0,67.68M,0.63%,372.0,67680000.0,362.313,313.382,0.006275697900887334,0.028202294289108885,38.690653481860956,15.05237550593614,417.8387479864792,327.5362520135208
2021-11-26,360.64,366.49,369.59,360.33,35.04M,-3.05%,360.64,35040000.0,362.927,315.5482,-0.030537634408602132,0.030286843411466795,36.773864794474,13.430279478453258,417.8220741517825,327.7159258482174
2021-11-29,379.0,367.0,380.89,366.73,58.39M,5.09%,379.0,58390000.0,366.38,318.065,0.050909494232475705,0.03176641566099969,47.53237861584984,13.470970289075467,418.28450702267105,328.0204929773289
2021-11-30,381.59,381.46,389.33,372.67,81.28M,0.68%,381.59,81280000.0,370.759,320.82899999999995,0.0068337730870711155,0.030108028127393775,65.38285888263053,13.555944909488005,415.2320935620635,328.9459064379365
2021-12-01,365.0,386.9,390.95,363.59,68.80M,-4.35%,365.0,68800000.0,372.101,323.1998,-0.04347598207500192,0.033015153748646366,53.386902973866015,12.144617960700316,413.14088744981575,328.47011255018424
2021-12-02,361.53,366.35,371.0,352.22,73.11M,-0.95%,361.53,73110000.0,371.954,325.41740000000004,-0.009506849315068622,0.031667451446722186,52.60081391046984,10.62366815226892,408.02272637686144,329.2792736231386
2021-12-03,338.32,361.6,363.52,333.4,92.32M,-6.42%,338.32,92320000.0,369.23999999999995,327.1596,-0.06419937487898653,0.03742221554057434,47.9269197060608,7.459463394640068,401.5424406757861,328.59455932421383
2021-12-06,336.34,333.84,340.55,316.83,81.66M,-0.59%,336.34,81660000.0,364.97200000000004,328.72380000000004,-0.005852447387089232,0.034109254628197985,49.49178501810079,4.737428745276873,394.29656384135325,328.73843615864683
2021-12-07,350.58,348.07,352.56,342.27,56.08M,4.23%,350.58,56080000.0,361.46799999999996,330.45959999999997,0.04233811024558487,0.037213813670466986,49.6530187369882,3.6867471397042664,390.3465185269662,328.9814814730339
2021-12-08,356.32,350.9,357.46,344.33,41.91M,1.64%,356.32,41910000.0,360.13199999999995,332.4022,0.01637286781904268,0.03607433989574174,47.587053893945956,3.2794410710681063,389.90622808974234,330.93677191025773
2021-12-09,334.6,353.55,354.16,334.12,59.44M,-6.10%,334.6,59440000.0,356.392,333.8854,-0.06095644364616071,0.040168796851386364,40.214358193810256,1.1903045093609421,390.98717908881576,327.7178209111843
2021-12-10,339.01,336.25,340.33,327.51,59.66M,1.32%,339.01,59660000.0,354.229,335.4957999999999,0.013179916317991536,0.04004073770730788,36.53134046993873,-0.10825324706900119,391.4472783133708,325.70872168662913
2021-12-13,322.14,333.7,335.0,317.14,78.60M,-4.98%,322.14,78600000.0,348.543,336.7704,-0.04976254387776169,0.03682684653483559,30.012594458438272,-2.470163133194262,393.6935319316274,321.2294680683726
2021-12-14,319.5,315.0,322.14,310.0,70.81M,-0.82%,319.5,70810000.0,342.334,337.95020000000005,-0.008195194635872594,0.0361137682521541,32.756013745704465,-4.5031106151078575,395.6775001082699,317.4154998917302
2021-12-15,325.33,317.74,326.25,309.42,75.17M,1.82%,325.33,75170000.0,338.367,339.2528,0.01824726134585286,0.03636079926801403,34.3399771827394,-5.579487011306753,396.7543632475712,313.7136367524288
2021-12-16,308.97,331.5,331.66,307.28,82.77M,-5.03%,308.97,82770000.0,333.111,340.21380000000005,-0.050287400485660605,0.03842383071283547,33.225115252256344,-7.664289179139928,398.69651554867914,306.3684844513208
2021-12-17,310.86,304.92,320.22,303.01,100.88M,0.61%,310.86,100880000.0,330.365,341.14020000000005,0.006117098747451255,0.03465061665803924,25.22902428384468,-9.059569633377976,399.09907098141883,300.5059290185812
2021-12-20,299.98,303.57,307.23,297.8,56.48M,-3.50%,299.98,56480000.0,326.729,341.90319999999997,-0.03499967831178019,0.035671968649451186,22.01878900089143,-10.917415349565886,397.8818158638726,293.81918413612743
2021-12-21,312.84,305.62,313.17,295.37,71.52M,4.29%,312.84,71520000.0,322.95500000000004,342.8804,0.04286952463497551,0.035760203301229344,31.64672765657984,-11.22270854202577,392.6886094655763,291.7343905344237
2021-12-22,336.29,321.89,338.55,319.02,93.63M,7.50%,336.29,93630000.0,320.95200000000006,344.2348,0.07495844521160988,0.04444120855568097,42.21372161895361,-9.463348980083765,389.37578752677604,291.708212473224
2021-12-23,355.67,335.6,357.66,332.52,92.71M,5.76%,355.67,92710000.0,323.059,345.941,0.05762883225787263,0.043630286519992414,55.48183254344393,-6.431106030071305,386.8611977135923,292.58980228640775
2021-12-27,364.65,357.89,372.33,356.9,71.15M,2.52%,364.65,71150000.0,325.623,347.7786,0.02524812326032544,0.04398641695561686,58.56580937972769,-3.265774875160446,387.4686387682932,292.3833612317069
2021-12-28,362.82,369.83,373.0,359.47,60.32M,-0.50%,362.82,60320000.0,329.69100000000003,349.4148,-0.005018510900863804,0.03948232287843813,54.00418738550118,-0.8945806668950809,384.3548626234333,293.87913737656675
2021-12-29,362.06,366.21,368.0,354.71,56.15M,-0.21%,362.06,56150000.0,333.947,350.85519999999997,-0.002094702607353449,0.03917023149175058,51.94102529419722,0.9127604440466257,380.253279645536,296.02772035446407
2021-12-30,356.78,353.78,365.18,351.05,47.04M,-1.46%,356.78,47040000.0,337.092,352.22900000000004,-0.014583218251118635,0.04007188584906361,58.43859382133617,1.897170027330958,378.88818980319434,296.5708101968057
2021-12-31,352.26,357.81,360.67,351.53,40.73M,-1.27%,352.26,40730000.0,341.421,353.5022,-0.012668871573518592,0.035262209871738726,55.036873717022736,2.2862411250342802,377.49443791202793,297.037562087972
2022-01-03,399.93,382.58,400.36,378.68,104.69M,13.53%,399.93,104690000.0,350.328,355.5408,0.13532617952648618,0.05190261040015301,73.96045093328408,6.367749920955248,389.3855406341271,291.3074593658729
2022-01-04,383.2,396.52,402.67,374.35,100.25M,-4.18%,383.2,100250000.0,358.65,357.14020000000005,-0.04183232065611486,0.052841095765887136,68.05350867248612,8.158359377349655,395.27228304380014,290.1067169561999
2022-01-05,362.71,382.22,390.11,360.34,80.12M,-5.35%,362.71,80120000.0,363.637,357.56199999999995,-0.0534707724425888,0.0579552525113614,59.78124345823739,7.833755853130526,396.53767675005804,290.05432324994194
2022-01-06,354.9,359.0,362.67,340.17,90.34M,-2.15%,354.9,90340000.0,365.49799999999993,357.8704,-0.021532353670976834,0.055073935704542124,62.58149345313098,6.867143338678147,396.3972901717148,290.05270982828523
2022-01-07,342.32,360.12,360.31,336.67,84.16M,-3.54%,342.32,84160000.0,364.16299999999995,357.7978,-0.035446604677373816,0.05334851510628585,58.140979194700336,5.028035034321647,396.6315274646655,290.59047253533447
2022-01-10,352.71,333.33,353.03,326.67,91.81M,3.04%,352.71,91810000.0,362.969,357.6718,0.030351717691049274,0.053668058164171965,63.67975924868987,4.358670578950353,397.42013601526327,291.1718639847367
2022-01-11,354.8,351.22,358.62,346.27,66.06M,0.59%,354.8,66060000.0,362.16700000000003,357.34119999999996,0.005925547900541561,0.053713428719548754,61.53000659485602,3.9512919249820015,398.18633407102107,293.6716659289789
2022-01-12,368.74,359.62,371.61,357.53,83.74M,3.93%,368.74,83740000.0,362.835,356.65880000000004,0.03928974069898539,0.055193799634683655,59.40852420991592,4.699114439109508,400.04176731482596,296.74023268517396
2022-01-13,343.85,369.69,371.87,342.18,97.21M,-6.75%,343.85,97210000.0,361.542,355.7224,-0.06750013559689749,0.0594536817788756,46.679028995279836,3.2459370420401115,399.8795611859603,298.7544388140397
2022-01-14,349.87,339.96,350.67,337.79,72.92M,1.75%,349.87,72920000.0,361.303,354.62739999999997,0.01750763414279466,0.05962636026357975,45.77714285714286,2.5506449270479266,398.22687792748064,304.4971220725193
2022-01-18,343.5,342.2,356.93,338.69,66.99M,-1.82%,343.5,66989999.99999999,355.66,353.29799999999994,-0.018206762511790098,0.0363981825934548,44.61958337974824,1.4686850657059267,396.0377605479009,309.95023945209914
2022-01-19,331.88,347.23,351.56,331.67,75.44M,-3.38%,331.88,75440000.0,350.52799999999996,351.78839999999997,-0.03382823871906848,0.035813452805031926,42.07457983193277,-0.3226930030457993,391.252682245367,317.925317754633
2022-01-20,332.09,336.58,347.22,331.33,70.49M,0.06%,332.09,70490000.0,347.466,350.6772,0.0006327588284922303,0.0331217512225937,43.338908973182974,-1.7057647890702015,388.4141149934891,322.688885006511
2022-01-21,314.63,332.11,334.85,313.5,103.42M,-5.26%,314.63,103420000.0,343.439,350.14639999999997,-0.05257610888614528,0.03584466638465445,40.51041509053311,-4.162749638074217,391.2033263125102,317.7336736874898
2022-01-24,310.0,301.59,311.17,283.82,152.38M,-1.47%,310.0,152380000.0,340.207,349.2268,-0.014715697803769467,0.03488507882675242,21.03330541776718,-6.40964375466632,393.9401557484668,310.4298442515333
2022-01-25,306.13,304.73,317.09,301.07,86.60M,-1.25%,306.13,86600000.0,335.549,348.25939999999997,-0.01248387096774195,0.03198277996036644,22.933202219568713,-8.405704458495848,395.31628510864175,303.20171489135817
2022-01-26,312.47,317.48,329.23,302.0,104.87M,2.07%,312.47,104870000.0,331.316,347.6193999999999,0.02071015581615665,0.033300037647086694,30.408672593979105,-9.368023192738406,395.1233644905167,298.35963550948327
2022-01-27,276.37,311.12,311.8,276.33,147.11M,-11.55%,276.37,147110000.0,322.079,346.39079999999996,-0.11553109098473457,0.041679849304087545,24.912146188741943,-12.894990597712024,399.5242283502425,285.3897716497575
2022-01-28,282.12,277.19,285.83,264.0,134.79M,2.08%,282.12,134790000.0,315.906,345.00160000000005,0.020805441979954375,0.041641344813623235,29.890432923570287,-15.05264323012483,401.34378009341094,276.10421990658904
2022-01-31,312.24,290.9,312.66,287.35,104.44M,10.68%,312.24,104440000.0,312.143,343.9864,0.10676307954062092,0.05701032498023917,38.055604745882775,-14.16883668024741,400.0749393131467,273.37106068685335
2022-02-01,310.42,311.74,314.57,301.67,73.14M,-0.58%,310.42,73140000.0,308.83500000000004,342.88560000000007,-0.005828849602869557,0.05694289032057879,36.88069055220527,-13.460112612050011,389.113168071895,275.3818319281051
2022-02-02,301.89,309.39,310.5,296.47,66.79M,-2.75%,301.89,66790000.00000001,305.836,341.343,-0.02747889955544114,0.05666511644822333,29.58529286019666,-13.431908711188271,381.2062242951751,275.1577757048248
2022-02-03,297.05,294.0,312.33,293.51,78.86M,-1.60%,297.05,78860000.0,302.332,339.5716,-0.01603232965649737,0.05662903624101763,33.71380846325167,-13.642838319217503,377.04536603375254,272.75263396624746
2022-02-04,307.77,299.07,312.17,293.72,73.63M,3.61%,307.77,73630000.0,301.646,338.3334,0.036088200639622814,0.05609762144344321,35.813451947701836,-12.797465923010009,373.21936563439084,271.8656343656092
2022-02-07,302.45,307.93,315.92,300.9,60.99M,-1.73%,302.45,60990000.0,300.89099999999996,336.94239999999996,-0.017285635377067288,0.056174440082231915,36.06868933686282,-12.413684519451294,371.0866682443772,270.01133175562285
2022-02-08,307.33,301.84,308.76,298.27,50.73M,1.61%,307.33,50730000.0,301.011,335.8761999999999,0.01613489833030246,0.05625487502140374,41.26893804680275,-11.582246844076849,366.7713674357536,269.7886325642465
2022-02-09,310.67,311.67,315.42,306.67,52.26M,1.09%,310.67,52260000.0,300.831,334.5096,0.01086779683076844,0.05597332845237507,42.54801001948234,-10.53240539648624,361.48631816496305,270.660681835037
2022-02-10,301.52,302.79,314.6,298.9,66.13M,-2.95%,301.52,66129999.99999999,303.346,332.9082,-0.029452473685904756,0.04059256260484876,45.15914629643305,-10.319767163798645,351.12345505739006,274.3015449426099
2022-02-11,286.67,303.21,305.32,283.57,79.65M,-4.93%,286.67,79650000.0,303.80100000000004,331.3416,-0.049250464314141595,0.044293163276540336,41.989974593147025,-11.220181458259333,346.9971677467909,272.7098322532091
2022-02-14,291.92,287.19,299.63,284.38,67.76M,1.83%,291.92,67760000.0,301.769,329.9494,0.018313740537900802,0.026342863094519817,45.16699544248692,-11.378965518497694,339.7415143879732,274.1704856120268
2022-02-15,307.48,300.0,307.67,297.79,57.65M,5.33%,307.48,57650000.0,301.475,329.3326,0.05330227459577963,0.0324191399446905,48.40299558343468,-10.132440602519239,333.085989768955,277.22401023104504
2022-02-16,307.8,304.68,308.81,300.4,51.29M,0.10%,307.8,51290000.0,302.066,328.7618,0.001040718095485893,0.031003584585851313,63.046907430469076,-9.014822043248103,328.9539218503041,278.94807814969585
2022-02-17,292.12,304.42,306.17,291.37,55.18M,-5.09%,292.12,55180000.0,301.573,327.5926,-0.05094217024041592,0.035012472343754014,53.834944009817455,-9.287288162984453,323.6573778170349,280.2476221829651
2022-02-18,285.66,295.33,295.62,279.2,68.50M,-2.21%,285.66,68500000.0,299.36199999999997,326.17940000000004,-0.02211419964398187,0.032915058720018486,37.546851574212894,-9.910248363199685,322.51115998319864,278.4968400168014
2022-02-22,273.84,278.04,285.58,267.03,83.29M,-4.14%,273.84,83290000.0,296.50100000000003,324.9642,-0.04137786179374103,0.034595391836484246,34.330020562028764,-11.228291273759226,323.21629998957457,274.1757000104255
2022-02-23,254.68,276.81,278.43,253.52,95.26M,-7.00%,254.68,95260000.0,291.236,323.2776,-0.06996786444639191,0.038087079182019715,31.464468001570467,-13.661421288884128,327.26224910443995,264.9847508955601
2022-02-24,266.92,233.46,267.49,233.33,135.32M,4.81%,266.92,135320000.0,286.861,322.1732,0.048060310978482734,0.04274575569015705,38.820037105751396,-14.43562376467844,326.57325977883517,261.11874022116484
2022-02-25,269.96,269.74,273.17,260.8,76.07M,1.14%,269.96,76070000.0,283.70500000000004,321.18240000000003,0.011389180278735145,0.04308045447458457,35.12237349492405,-14.635177000532337,327.08824656284685,259.9627534371532
2022-02-28,290.14,271.67,292.29,271.57,99.01M,7.48%,290.14,99010000.0,284.052,320.47860000000003,0.07475181508371609,0.048127486415090834,45.66335517508631,-13.014938914656796,327.1049186514413,260.74808134855874
2022-03-01,288.12,289.89,296.63,284.59,74.77M,-0.70%,288.12,74770000.0,283.67199999999997,320.0616,-0.0069621562004549276,0.04785278906318194,43.0934061983174,-11.758342819858001,324.83240267928693,260.6085973207131
2022-03-02,293.3,290.71,295.49,281.42,74.64M,1.80%,293.3,74640000.0,282.254,319.7104,0.017978620019436287,0.0446547307713774,43.83649137747498,-10.226612627980217,322.8839733234293,260.84502667657074
2022-03-03,279.76,292.92,295.48,277.53,61.62M,-4.62%,279.76,61620000.0,279.45,319.306,-0.04616433685646104,0.046539734257959195,42.51204404679972,-9.990110481888166,321.8504195195345,259.66558048046545
2022-03-04,279.43,283.03,285.22,275.05,67.18M,-0.12%,279.43,67180000.0,278.181,318.63779999999997,-0.00117958249928507,0.044097884857133805,47.231992659428045,-9.717294151110764,321.2162950580677,258.5377049419323
2022-03-07,268.19,285.43,288.71,268.19,72.49M,-4.02%,268.19,72490000.0,276.434,317.2758,-0.0402247432272842,0.04530011941367295,41.32485194121517,-10.289448944363699,319.4776634094225,256.31833659057753
2022-03-08,274.8,265.18,283.33,260.72,80.40M,2.46%,274.8,80400000.0,276.53,315.65840000000003,0.024646705693724735,0.04426859292788585,37.21639805977155,-10.093166244554823,317.83264746369696,255.198352536303
2022-03-09,286.32,279.83,286.85,277.34,59.18M,4.19%,286.32,59180000.0,279.694,314.0918,0.04192139737991263,0.03796413903127132,42.274492878722484,-8.905387306020202,315.2125394825008,255.71746051749923
2022-03-10,279.43,283.82,284.82,270.12,58.65M,-2.41%,279.43,58650000.0,280.945,312.42400000000004,-0.024063984353171253,0.037286263307029534,45.12785072563925,-8.422935005960085,311.26291620485387,256.54308379514606
2022-03-11,265.12,280.07,281.27,264.59,67.04M,-5.12%,265.12,67040000.00000001,280.46099999999996,310.48519999999996,-0.05121139462477187,0.041184690367835085,42.56228273464657,-9.09049591040349,309.35117392994016,254.81482607005978
2022-03-14,255.46,260.2,266.9,252.01,71.15M,-3.64%,255.46,71150000.0,276.993,308.4588,-0.03643633071816532,0.032549850674296076,43.238669805768104,-10.280516608637981,310.15505171348593,250.88994828651403
2022-03-15,267.3,258.42,268.52,252.19,66.84M,4.63%,267.3,66840000.0,274.911,306.7596,0.046347764816409676,0.03748837254040516,54.90668740279937,-10.151210698609304,308.97595581178626,249.6070441882137
2022-03-16,280.08,269.67,280.67,267.42,84.03M,4.78%,280.08,84030000.0,273.589,304.3626,0.04781144781144775,0.04072964460457032,55.095245470032516,-8.914732157149729,304.4942801172117,251.34871988278826
2022-03-17,290.53,277.0,291.67,275.24,66.58M,3.73%,290.53,66580000.0,274.66600000000005,302.50919999999996,0.03731076835189939,0.03963432540946965,57.53203954595386,-7.01077054025518,300.4780630139788,253.63793698602132
2022-03-18,301.8,291.5,302.62,289.13,100.41M,3.88%,301.8,100410000.0,276.90299999999996,301.291,0.0387911747495957,0.04099105834184597,54.56753368849891,-4.54013656074801,302.6144823787228,252.46951762127716
2022-03-21,307.05,304.99,314.28,302.36,81.98M,1.74%,307.05,81980000.0,280.789,300.334,0.01739562624254476,0.03726281726500205,57.23236799877742,-2.1339118011825917,306.7761775981958,250.44682240180416
2022-03-22,331.33,310.0,332.62,307.25,105.87M,7.91%,331.33,105870000.0,286.442,300.11420000000004,0.0790750692069695,0.042549928796279744,62.67920250716809,1.7124912076071723,318.07518758897004,244.89681241102997
2022-03-23,333.04,326.65,346.9,325.47,120.68M,0.52%,333.04,120680000.0,291.114,299.7208,0.005161017716476035,0.042000657544350374,69.28478355291733,4.842949505575177,326.4210436461902,244.38695635380984
2022-03-24,337.97,336.58,341.5,329.6,68.92M,1.48%,337.97,68920000.0,296.968,299.3842,0.01480302666346378,0.0396096710027042,70.50581476810986,7.633673818734451,335.20641801983965,242.70658198016037
2022-03-25,336.88,336.0,340.6,332.44,62.03M,-0.32%,336.88,62030000.0,304.144,298.747,-0.0032251383258870003,0.0322620270916658,75.90316011765591,9.646193735668533,342.29700785625613,242.3079921437439
2022-03-28,363.95,355.03,365.96,351.2,102.51M,8.04%,363.95,102510000.0,314.99300000000005,299.149,0.08035502255996207,0.02860176755831012,79.12446912773603,13.272456420039475,355.33799210903,236.64800789097
2022-03-29,366.52,369.33,371.59,357.7,73.61M,0.71%,366.52,73610000.0,324.915,299.482,0.007061409534276697,0.029755735518613345,77.82789729354614,16.16730659816443,366.92977562175474,232.89622437824528
2022-03-30,364.66,363.72,371.32,361.33,59.87M,-0.51%,364.66,59870000.0,333.373,299.9052,-0.005074757175597355,0.03137849480007489,80.64284173437838,18.102732730904336,376.3576207258599,230.60437927414011
2022-03-31,359.2,364.86,367.71,358.88,48.99M,-1.50%,359.2,48990000.0,340.23999999999995,300.4516,-0.014972851423243672,0.033765247265944515,86.12348333589308,18.977237732556375,383.4774340500563,231.4285659499438
2022-04-01,361.53,360.38,364.92,355.55,54.26M,0.65%,361.53,54260000.0,346.213,301.04040000000003,0.006486636971046789,0.033518016574032035,93.15648140613555,19.63199535228307,390.0378426952645,233.0781573047355
2022-04-04,381.82,363.13,383.3,357.51,82.18M,5.61%,381.82,82180000.0,353.69,302.38419999999996,0.056122590103172776,0.03552680376395987,93.59677173747524,21.539831147199607,398.88834180053135,235.5906581994687
2022-04-05,363.75,378.77,384.29,362.43,80.08M,-4.73%,363.75,80080000.0,356.932,303.4592,-0.04732596511445186,0.0356785205358216,80.61919051452828,21.34762464866185,403.2926548866159,240.08134511338415
2022-04-06,348.59,357.82,359.67,342.57,89.35M,-4.17%,348.59,89350000.0,358.48699999999997,304.3084,-0.04167697594501729,0.0392691861525002,70.53912551294749,19.744413008512197,405.47086616933444,244.13013383066544
2022-04-07,352.42,350.8,358.86,340.51,79.45M,1.10%,352.42,79450000.0,359.93199999999996,305.10740000000004,0.01098711953871323,0.03918454823600827,68.90216579536967,18.568855022543005,407.05573221363613,249.84426778636384
2022-04-08,341.83,347.74,349.48,340.81,55.01M,-3.00%,341.83,55010000.0,360.427,306.4166,-0.030049372907326566,0.04068979636473031,62.48922723355356,16.591436600230452,405.15698701652633,259.4140129834736
2022-04-11,325.31,326.8,336.16,324.88,59.36M,-4.83%,325.31,59360000.0,356.563,307.2804,-0.048328116315127345,0.03280860478037412,47.710678430179506,13.535266194142537,399.23333650155905,272.322663498441
2022-04-12,328.98,332.55,340.4,325.53,65.98M,1.13%,328.98,65980000.00000001,352.80899999999997,307.61519999999996,0.011281546832252465,0.03308807576025119,48.4787170263789,11.279346175764317,393.7168494617701,284.00715053822984
2022-04-13,340.79,327.02,342.08,324.37,55.12M,3.59%,340.79,55120000.0,350.422,308.2226,0.03589883883518752,0.036192151352880085,51.00484606613455,10.325456176456441,389.26419355036853,294.53080644963154
2022-04-14,328.33,333.1,337.57,327.4,58.42M,-3.66%,328.33,58420000.0,347.33500000000004,308.7514,-0.03656210569558982,0.03740017784055794,47.181752257894395,8.466477331682938,385.16161439662545,302.4133856033746
2022-04-18,334.76,329.68,338.31,324.47,51.72M,1.96%,334.76,51720000.0,344.658,309.5056,0.019583955167057576,0.03819701906309263,38.863029378099974,7.426462825587635,382.12870859289757,308.7422914071024
2022-04-19,342.72,335.02,344.98,331.77,49.85M,2.38%,342.72,49850000.0,340.748,310.20459999999997,0.02377822917911354,0.03331481086296024,41.278217531515715,7.161990345591789,379.22449222604405,315.21350777395594
2022-04-20,325.73,343.33,344.67,325.08,70.71M,-4.96%,325.73,70710000.0,336.946,310.6702,-0.04957399626517278,0.0335992277011001,37.15774889490006,5.517836803195053,379.6206174952381,314.25738250476195
2022-04-21,336.26,358.24,364.07,332.14,105.42M,3.23%,336.26,105420000.0,335.713,311.24879999999996,0.032327387713750655,0.0341071356763552,42.677477017364666,5.006800987320787,379.52402942587975,314.6759705741203
2022-04-22,335.02,338.3,344.95,331.33,69.70M,-0.37%,335.02,69700000.0,333.973,311.7358,-0.0036876226729316564,0.03374914321210653,41.4786242365799,4.450441861068043,379.57762230265115,314.3273776973488
2022-04-25,332.67,326.32,336.21,325.1,68.34M,-0.70%,332.67,68340000.0,333.057,312.35880000000003,-0.007014506596620951,0.03257991862236842,32.14155947968901,3.7763662851028243,379.6934530308133,313.7905469691867
2022-04-26,292.14,331.81,333.33,291.67,136.13M,-12.18%,292.14,136130000.0,329.74,312.4682,-0.12183244656867176,0.04852551813286709,27.63166114824766,-0.02795351128133916,383.1119305729897,303.1910694270103
2022-04-27,293.84,299.53,306.0,292.45,76.96M,0.58%,293.84,76960000.0,326.226,312.5066,0.0058191278154309245,0.048294786471548876,31.328013095968913,-2.8726148502001934,383.5423474697712,295.4926525302288
2022-04-28,292.5,299.99,300.0,273.9,124.95M,-0.45%,292.5,124950000.0,321.39700000000005,312.207,-0.004560304927851755,0.04563192004440857,29.211767971135174,-5.175496356758288,382.98063518248944,288.8383648175105
2022-04-29,290.25,300.75,311.47,290.0,88.13M,-0.77%,290.25,88130000.0,317.589,311.856,-0.007692307692307665,0.044966389150630656,31.006039181028143,-7.100255413386321,382.3654295203697,282.5585704796303
2022-05-02,300.98,286.92,302.12,282.68,75.78M,3.70%,300.98,75780000.0,314.211,312.0332,0.036968130921619435,0.04659881413916471,40.64158781444728,-7.671388515720082,379.25951146380385,279.6094885361962
2022-05-03,303.08,301.06,308.03,296.2,63.71M,0.70%,303.08,63710000.0,310.24699999999996,312.3816,0.006977207787892681,0.04555497546381212,39.91590095000777,-7.863912872070273,370.05933303184077,280.93566696815924
2022-05-04,317.54,301.31,318.5,295.09,81.64M,4.77%,317.54,81640000.0,309.428,313.25559999999996,0.04771017553121304,0.04682587913128162,41.13069352254521,-6.771629528788253,364.0349733955807,282.3390266044193
2022-05-05,291.09,313.07,315.2,285.9,92.52M,-8.33%,291.09,92520000.0,304.911,313.98380000000003,-0.08329659255526878,0.05157929141175629,37.16393216600028,-7.9486539233246845,361.7219858793271,278.9020141206729
2022-05-06,288.55,295.67,296.0,281.03,72.90M,-0.87%,288.55,72900000.0,300.264,314.4164,-0.008725823628430995,0.051502109768264324,33.633208188708664,-8.982862164932158,357.949783298339,276.28721670166095
2022-05-09,262.37,278.82,281.88,260.38,90.81M,-9.07%,262.37,90810000.0,293.23400000000004,314.2646,-0.09072950961705084,0.05684568071212194,24.79452914235523,-11.779203526135404,359.0061940866033,267.2848059133968
2022-05-10,266.68,273.1,275.12,258.08,84.40M,1.64%,266.68,84400000.0,290.688,313.79540000000003,0.016427182985859767,0.045538517009164343,29.87526412650807,-13.492015663532413,360.11792723708174,260.31007276291825
2022-05-11,244.67,265.0,269.92,242.4,97.23M,-8.25%,244.67,97230000.0,285.771,312.9264,-0.08253337333133348,0.050802408392396685,21.05063531196663,-16.43599080635306,362.9709839494309,249.02601605056918
2022-05-12,242.67,233.67,253.22,226.67,140.31M,-0.82%,242.67,140310000.0,280.788,311.91380000000004,-0.00817427555482897,0.05071729638570166,20.949984271783592,-18.7147634589179,362.19901162648404,239.985988373516
2022-05-13,256.53,257.83,262.45,250.52,92.15M,5.71%,256.53,92150000.0,277.416,311.44919999999996,0.05711460007417468,0.0559526839119267,27.666314677930302,-19.181211964956788,360.28483136463376,234.72016863536615
2022-05-16,241.46,255.72,256.59,239.7,86.10M,-5.88%,241.46,86100000.0,271.464,310.6898,-0.058745565820761625,0.05504763250596952,32.52413793103449,-20.53023900569997,357.79108079347486,227.88391920652512
2022-05-17,253.87,249.12,254.83,242.95,80.24M,5.14%,253.87,80240000.0,266.543,310.4034,0.0513956763024932,0.05914179830155853,37.16524308008478,-20.363234675732997,351.0982820428651,225.69171795713484
2022-05-18,236.6,248.17,253.5,233.6,87.81M,-6.80%,236.6,87810000.0,258.44899999999996,309.63939999999997,-0.06802694292354361,0.0565668941529956,33.71591703565602,-21.377994990707805,348.12112505497174,219.7558749450282
2022-05-19,236.47,235.67,244.67,231.37,90.30M,-0.05%,236.47,90300000.0,252.987,308.6424,-0.0005494505494505475,0.05347020033093268,34.13756488909863,-21.939781619355188,341.50005094829794,216.3979490517021
2022-05-20,221.3,238.0,240.53,211.0,144.97M,-6.42%,221.3,144970000.0,246.26200000000003,307.4798,-0.06415190087537526,0.055105204404340614,27.098183490457572,-23.340044287163238,335.0228909529966,211.50310904700345
2022-05-23,224.97,218.34,226.65,212.69,88.90M,1.66%,224.97,88900000.0,242.522,306.67679999999996,0.01658382286488913,0.05114575023945662,27.750242123853468,-23.87836923445252,326.5311415589698,209.22485844103016
2022-05-24,209.39,217.84,217.97,206.86,89.09M,-6.93%,209.39,89090000.0,236.79299999999998,305.7554,-0.0692536782682136,0.052625205881416295,19.388621568072438,-25.270864629229607,326.703698432432,200.77730156756797
2022-05-25,219.6,207.95,223.11,207.67,92.14M,4.88%,219.6,92140000.0,234.28599999999997,304.8014,0.0487606858016143,0.052398253212144835,27.716476528894717,-25.259391053864277,324.2608998502782,195.7961001497218
2022-05-26,235.91,220.47,239.56,217.89,106.00M,7.43%,235.91,106000000.0,233.60999999999999,303.918,0.07427140255009101,0.05873398531605728,34.88919508554369,-23.661462856026958,320.38583737015017,194.01216262984985
2022-05-27,253.21,241.08,253.27,240.18,89.30M,7.33%,253.21,89300000.0,233.27800000000002,303.1716,0.07333305073968899,0.060715510678277365,47.22928009679371,-20.759821528877723,316.5965901941154,194.09740980588472
2022-05-31,252.75,257.95,259.6,244.74,101.91M,-0.18%,252.75,101910000.0,234.407,302.1906,-0.0018166739070337723,0.05712009236141731,45.685970888820066,-18.28657181069667,310.2944813001344,195.57651869986557
2022-06-01,246.79,251.72,257.33,243.64,77.25M,-2.36%,246.79,77250000.0,233.699,300.9854,-0.023580613254203797,0.05540219881641567,50.729023383768904,-16.615888164706405,302.42098204688943,197.82101795311056
2022-06-02,258.33,244.16,264.21,242.07,93.47M,4.68%,258.33,93470000.0,235.872,299.5254,0.04676040358199285,0.0518514681141519,55.05356912353169,-14.197023334774372,289.0611179956901,205.25988200430996
2022-06-03,234.52,243.22,247.8,233.42,112.39M,-9.22%,234.52,112390000.0,235.677,297.555,-0.09216893121201553,0.06118415000613449,43.32585359936929,-14.039485096682,281.06536793706357,207.59863206293636
2022-06-06,238.28,244.35,244.87,234.35,84.21M,1.60%,238.28,84210000.0,237.375,295.5612,0.0160327477400648,0.05681353806802515,48.96470894647741,-13.45612055006626,272.1305891464238,211.50641085357626
2022-06-07,238.89,234.0,240.0,230.09,72.81M,0.25%,238.89,72810000.0,238.767,293.6014,0.002560013429578678,0.0567756524295763,44.71716744251657,-12.797061483058883,269.3830839851822,211.90591601481773
2022-06-08,241.87,240.09,249.96,239.18,76.21M,1.25%,241.87,76210000.0,242.01500000000001,291.1598,0.012474360584369348,0.04997621976425497,52.066828770883994,-11.897148407961254,265.42396108253297,213.38403891746705
2022-06-09,239.71,249.34,255.55,239.33,96.49M,-0.89%,239.71,96490000.0,244.026,288.62359999999995,-0.008930417166246318,0.04905225659940014,51.250772081531814,-11.22881595985956,265.05891623492175,213.2530837650783
2022-06-10,232.23,235.16,239.5,227.91,98.09M,-3.12%,232.23,98090000.0,243.658,285.975,-0.031204371949438925,0.0448294657269757,54.48575884429122,-11.17392511351369,264.6592374679434,212.60876253205663
2022-06-13,215.74,223.17,226.63,214.68,102.77M,-7.10%,215.74,102770000.0,239.91099999999997,283.10580000000004,-0.07100719114670795,0.041471802745723735,46.57259561826959,-12.319022882177023,263.10334219909515,210.08565780090487
2022-06-14,220.89,218.29,226.33,211.74,97.99M,2.39%,220.89,97990000.0,236.725,280.293,0.023871326596829334,0.04314692078827898,54.62888423764289,-12.664965317657703,262.8644128322066,208.26758716779347
2022-06-15,233.0,220.92,235.66,218.15,119.13M,5.48%,233.0,119130000.0,235.346,277.3166,0.05482366788899462,0.04778761505497259,55.312400888043136,-11.825632863203452,260.43525229647815,208.60974770352195
2022-06-16,213.1,222.74,225.17,208.69,107.39M,-8.54%,213.1,107390000.0,230.823,274.3036,-0.08540772532188845,0.050196526340269707,41.207308611517995,-12.620735551443516,260.9403326887465,205.7546673112535
2022-06-17,216.76,213.43,220.97,213.2,92.64M,1.72%,216.76,92640000.0,229.04699999999997,271.66700000000003,0.01717503519474417,0.0437099583343086,34.2982682863789,-12.807887394919987,260.8777460472501,203.8462539527499
2022-06-21,237.04,224.6,243.58,224.33,122.79M,9.35%,237.04,122790000.0,228.92299999999994,269.3594,0.09355969736113678,0.05392354576666926,44.21958937375818,-11.190779723627543,261.24500226291235,205.0529977370876
2022-06-22,236.09,234.5,246.83,233.83,101.53M,-0.40%,236.09,101530000.0,228.64299999999997,267.2446,-0.004007762402969961,0.05393960615591011,45.91228606356968,-9.872068246419758,261.5585686081732,205.85143139182685
2022-06-23,235.07,237.9,239.32,228.64,104.20M,-0.43%,235.07,104200000.0,227.96300000000002,265.4398,-0.004320386293362732,0.05377391245964026,40.337321369225656,-8.807755057765007,260.38200351215085,209.59599648784913
2022-06-24,245.71,237.47,246.07,236.09,95.77M,4.52%,245.71,95770000.0,228.56300000000002,263.7744,0.04526311311524234,0.05564514938119473,55.219703330534564,-7.024743242633633,261.032512067511,211.55648793248906
2022-06-27,244.92,249.37,252.07,242.57,89.18M,-0.32%,244.92,89180000.0,229.83199999999997,261.857,-0.0032151723576574476,0.0543740524905915,53.185568988677794,-5.610762552799798,261.7799074189095,211.71009258109046
2022-06-28,232.66,244.48,249.97,232.34,90.67M,-5.00%,232.66,90670000.0,231.52400000000003,259.9436,-0.05005716152212969,0.05136906519253254,47.31164235781479,-5.417008308026311,259.56580204702215,211.86919795297783
2022-06-29,228.49,230.5,231.17,222.27,82.90M,-1.79%,228.49,82900000.0,232.28399999999996,257.8182,-0.017923149660448723,0.05170288582178318,44.28498206048181,-5.536123833539676,257.14226767401857,211.86673232598136
2022-06-30,224.47,224.51,229.46,218.86,94.60M,-1.76%,224.47,94600000.0,231.43099999999998,255.4532,-0.01759376777977162,0.04887946934350167,43.59233097880927,-5.887041993602395,255.6740820985983,211.10291790140164
2022-07-01,227.26,227.0,230.23,222.12,74.46M,1.24%,227.26,74460000.0,232.84699999999998,253.48379999999997,0.012429277854501652,0.03933431086780027,47.824564475181646,-5.872324973781389,250.89880919575916,212.7711908042408
2022-07-05,233.07,223.0,233.15,216.17,84.78M,2.55%,233.07,84780000.0,234.478,251.42,0.025565431664173133,0.03966050136887173,58.367938194109115,-5.330397679348664,250.79431698878005,212.73068301121992
2022-07-06,231.73,230.78,234.56,227.19,71.85M,-0.57%,231.73,71850000.0,233.94700000000003,249.35420000000002,-0.005749345690136076,0.02589078826121851,55.43412873471025,-4.951960081951512,250.2183963634655,212.6516036365345
2022-07-07,244.54,233.92,245.36,232.21,81.93M,5.53%,244.54,81930000.0,234.792,247.5916,0.05527985155137438,0.03154151975227063,55.744723217841496,-3.5771504534272083,251.13232762165632,212.30267237834374
2022-07-08,250.76,242.33,254.98,241.16,101.85M,2.54%,250.76,101850000.0,236.36099999999996,246.764,0.025435511572748926,0.03207184706135022,71.70355002305209,-1.963072819074256,252.9163817567506,211.40761824324935
2022-07-11,234.34,252.1,253.06,233.63,99.51M,-6.55%,234.34,99510000.0,235.224,245.574,-0.06548093794863608,0.0362213921366689,58.83239549839229,-1.9859684295490183,252.37386417746973,211.41313582253025
2022-07-12,233.07,236.85,239.77,228.37,87.93M,-0.54%,233.07,87930000.0,234.03900000000004,244.3854,-0.005419475975078969,0.03622190713203041,47.53446776797914,-2.0825850083591604,252.42221402589072,211.44878597410926
2022-07-13,237.04,225.5,242.06,225.03,97.96M,1.70%,237.04,97960000.0,234.477,243.32120000000003,0.017033509246149325,0.032874200898662186,50.5686579671974,-1.8178534389556091,252.110586039072,213.89041396092804
2022-07-14,238.31,234.9,238.65,229.33,78.56M,0.54%,238.31,78560000.0,235.459,242.06779999999998,0.005357745528181024,0.032093449673967406,51.933635712580575,-1.4884158453892269,252.23067585008698,215.51232414991296
2022-07-15,240.07,240.0,243.62,236.89,69.68M,0.74%,240.07,69680000.0,237.01899999999995,240.80759999999998,0.007385338424740873,0.03112415888984295,46.23497997329772,-1.0729486043285021,252.78468749736052,215.6653125026394
2022-07-18,240.55,244.94,250.52,239.6,82.54M,0.20%,240.55,82540000.0,238.348,239.2678,0.001999416836756085,0.03110359341262333,47.070652902533865,-0.6969221493170892,251.44054180654373,219.75445819345626
2022-07-19,245.53,245.0,247.14,236.98,80.89M,2.07%,245.53,80890000.0,239.594,238.3566,0.020702556641030823,0.03080271356341873,59.56024364878919,0.0028925621513167243,250.76017674646113,223.31182325353888
2022-07-20,247.5,246.78,250.66,243.48,88.86M,0.80%,247.5,88860000.0,241.171,237.53560000000002,0.008023459455056337,0.030542978840059493,64.59837198587006,0.7082984749866625,252.0591022137849,223.05889778621514
2022-07-21,271.71,255.11,273.27,254.87,142.03M,9.78%,271.71,142030000.0,243.888,237.7224,0.0978181818181818,0.03962212122917242,77.6905041031653,3.184177199003102,260.36327131637194,218.31672868362799
2022-07-22,272.24,276.22,280.79,270.71,103.47M,0.20%,272.24,103470000.0,246.036,237.83360000000002,0.0019506091052960972,0.039385526314741556,77.08333333333334,5.129960504725375,266.7224489396404,215.67455106035965
2022-07-25,268.43,272.22,274.15,267.4,64.07M,-1.40%,268.43,64069999.99999999,249.445,238.30879999999996,-0.013995004407875378,0.031062196028577623,71.81638696939783,6.292041892345679,270.5810941868675,214.08790581313244
2022-07-26,258.86,266.51,267.31,256.26,66.82M,-3.57%,258.86,66819999.99999999,252.02399999999997,238.6326,-0.03565175278471111,0.034457218969264715,65.19547440349503,6.367381533445922,272.2190029313593,213.84399706864073
2022-07-27,274.82,263.81,275.93,261.79,88.11M,6.17%,274.82,88110000.0,255.802,238.9984,0.06165494862087617,0.03802125642726246,66.38173555507467,7.62700795842818,277.1284503784584,213.1505496215416
2022-07-28,280.9,280.07,283.3,272.8,84.72M,2.21%,280.9,84720000.0,260.061,239.7872,0.02212357179244595,0.03789256354446539,66.33073255309927,9.0119915340305,282.4766230470241,213.04337695297605
2022-07-29,297.15,280.7,298.32,279.1,95.31M,5.78%,297.15,95310000.0,265.769,240.6528,0.05784976860092561,0.03975468284773284,84.09510368038214,11.290688164100374,290.75130382292735,212.03669617707266
2022-08-01,297.28,301.27,311.88,295.0,117.04M,0.04%,297.28,117040000.0,271.442,241.8664,0.0004374894834258125,0.03984603874947081,85.29185445751347,12.957693351031423,297.53343707019707,212.2565629298029
2022-08-02,300.59,294.0,307.83,292.67,95.58M,1.11%,300.59,95580000.0,276.948,243.14879999999997,0.011134284176533837,0.0399976877459314,85.18436496512014,14.380131108871694,304.19869461481017,212.34330538518986
2022-08-03,307.4,305.0,309.55,301.15,80.09M,2.27%,307.4,80090000.0,282.938,244.87079999999997,0.02265544429289057,0.03973151280485787,86.04068857589985,15.87394837089613,311.1352366971658,212.9737633028341
2022-08-04,308.63,311.0,313.61,305.0,72.26M,0.40%,308.63,72260000.0,286.63,246.544,0.0040013012361743705,0.02984197749441201,85.96307175828787,16.96153798221559,317.7736735985055,212.74432640149442
2022-08-05,288.17,302.67,304.61,285.54,113.17M,-6.63%,288.17,113170000.0,288.223,248.1196,-0.06629297216732,0.03907819878330946,70.65047701647876,15.988207472768295,320.1324284096613,214.1265715903387
2022-08-08,290.42,295.0,305.2,289.09,99.37M,0.78%,290.42,99370000.0,290.422,249.53600000000003,0.007807891175347859,0.038417012280119484,69.93870480589857,15.222911974223905,321.54800684489567,218.31899315510427
2022-08-09,283.33,290.29,292.4,279.35,86.25M,-2.44%,283.33,86250000.0,292.869,250.4844,-0.024412919220439422,0.03712207339439232,65.22219389922677,13.884256959988534,321.3255504150128,223.56744958498714
2022-08-10,294.36,297.07,297.51,283.37,94.92M,3.89%,294.36,94920000.0,294.823,251.30739999999997,0.0389298697631737,0.03416572918847512,60.836283609224004,13.55711406325156,322.12864560676013,228.49635439323987
2022-08-11,286.63,296.51,298.24,285.83,70.16M,-2.62%,286.63,70160000.0,295.396,251.985,-0.02626036146215527,0.03526104409101216,56.44078417330587,12.529670322922016,321.3850043203572,234.07199567964278
2022-08-12,300.03,289.41,300.16,285.03,79.66M,4.68%,300.03,79660000.0,295.684,253.0498,0.04675016571887092,0.03345663481186237,63.025556471558104,12.650850636647647,321.64339512066476,239.80960487933535
2022-08-15,309.32,301.79,313.13,301.23,89.36M,3.10%,309.32,89360000.0,296.888,254.06959999999998,0.030963570309635813,0.034720201816965016,70.84779375309864,13.342705860943795,322.33190464952594,245.9980953504741
2022-08-16,306.56,311.67,314.67,302.88,88.14M,-0.89%,306.56,88140000.0,297.485,255.5104,-0.008922798396482579,0.03487512502788506,64.71897607122983,13.512533106635146,321.9849813558079,252.44801864419208
2022-08-17,304.0,303.4,309.66,300.03,68.77M,-0.84%,304.0,68770000.0,297.145,256.8248,-0.008350730688935326,0.034259121252568435,61.073825503355714,13.287383135519974,320.08251636446766,260.0004836355323
2022-08-18,302.87,306.0,306.5,301.85,47.50M,-0.37%,302.87,47500000.0,296.569,258.1044,-0.003717105263157827,0.034231405856934696,53.206997084548114,12.86941796572296,320.85941292212294,262.3395870778771
2022-08-19,296.67,299.0,300.36,292.5,61.40M,-2.05%,296.67,61400000.0,297.419,259.2004,-0.020470829068577223,0.026841512855606927,49.67979002624674,11.90070544846634,320.6844088668975,264.95759113310254
2022-08-22,289.91,291.91,292.4,286.3,55.84M,-2.28%,289.91,55840000.0,297.368,260.2044,-0.02278626082852997,0.027981327793040373,44.589665653495466,10.466862815875402,319.3518319854717,268.4381680145284
2022-08-23,296.45,291.45,298.83,287.92,63.99M,2.26%,296.45,63990000.0,298.67999999999995,261.48879999999997,0.022558725121589296,0.027330653493757753,44.437671441633654,9.745910749704365,315.168830669166,276.38016933083395
2022-08-24,297.1,297.56,303.65,296.5,57.26M,0.22%,297.1,57260000.0,298.954,263.116,0.0021926125822231413,0.02457363168807765,44.10832907511499,9.121849606696287,313.58713691253075,280.1898630874693
2022-08-25,296.07,302.36,302.96,291.6,53.23M,-0.35%,296.07,53230000.0,299.898,264.6196,-0.0034668461797375816,0.02273206256378871,55.0369803621525,8.446794869505368,312.5716713443391,282.722328655661
2022-08-26,288.09,297.43,302.0,287.47,57.16M,-2.70%,288.09,57160000.0,298.704,265.7214,-0.026953085418988776,0.01873985333201079,48.61556743909683,7.1850648632218395,312.7200574180009,281.6679425819991
2022-08-29,284.82,282.83,287.74,280.7,41.87M,-1.14%,284.82,41870000.0,296.254,267.1558,-0.011350619598042178,0.014228425947548497,50.92742437445538,5.853794176096869,313.05303858110904,280.088961418891
2022-08-30,277.7,287.86,288.48,272.65,50.54M,-2.50%,277.7,50540000.0,293.368,268.3746,-0.024998244505301637,0.015203093213251813,39.09971211724679,4.1760887183653495,313.8034779028489,277.04952209715105
2022-08-31,275.61,280.62,281.25,271.81,52.11M,-0.75%,275.61,52110000.0,290.52900000000005,269.146,-0.00752610731004677,0.015213663954136002,42.215315060751635,2.6473327190786904,313.3194456478325,274.3545543521676
2022-09-01,277.16,272.58,277.58,266.15,54.29M,0.56%,277.16,54290000.0,287.95799999999997,269.9674,0.005623888828417023,0.015890249774952132,30.595621924317044,1.5430671046053703,311.79866912215687,272.7283308778432
2022-09-02,270.21,281.07,282.35,269.08,50.89M,-2.51%,270.21,50890000.0,285.312,270.6702,-0.025075768509164598,0.016329354522454324,15.444424810037106,0.10590097241561125,313.20790441265586,269.52309558734413
2022-09-06,274.42,272.67,275.99,265.74,55.86M,1.56%,274.42,55860000.0,283.76300000000003,271.2444,0.015580474445801462,0.01725765568589248,22.312198483804323,-0.6854502818346191,313.6882229092193,267.4427770907808
2022-09-07,283.7,273.1,283.84,272.27,50.03M,3.38%,283.7,50030000.0,282.488,272.02,0.03381677720282772,0.019501321293189842,34.326744904261886,-0.557358526254859,313.6829281136526,267.4850718863474
2022-09-08,289.26,281.3,289.5,279.76,53.71M,1.96%,289.26,53710000.0,281.704,273.152,0.019598167077899298,0.020865846544323677,40.164763694175456,-0.007117310045543945,313.36492882524595,267.29307117475406
2022-09-09,299.68,291.67,299.85,291.24,54.47M,3.60%,299.68,54470000.0,282.065,274.57579999999996,0.03602295512687559,0.024137631040064087,52.05012941016209,1.2552895380961218,314.3136556068626,267.64934439313737
2022-09-12,304.42,300.72,305.49,300.4,48.68M,1.58%,304.42,48680000.0,283.698,276.1748,0.015816871329418003,0.022256914804522205,60.16248774338141,2.6081690967474174,314.9700837677346,267.43191623226534
2022-09-13,292.13,292.9,297.4,290.4,68.23M,-4.04%,292.13,68230000.0,284.429,277.4722,-0.040371854674463026,0.026265634730882528,47.19989629245529,2.6579958837619984,312.543417674398,268.139582325602
2022-09-14,302.61,292.24,306.0,291.64,72.63M,3.59%,302.61,72630000.0,286.91999999999996,278.863,0.03587443946188351,0.026148399054096803,53.16775899735539,3.502754809385806,311.8020636739519,268.4859363260481
2022-09-15,303.75,301.83,309.12,300.72,64.80M,0.38%,303.75,64800000.0,289.734,280.30339999999995,0.0037672251412708135,0.025596463803412836,54.40973817179604,4.215625707702031,311.7561548131794,268.5068451868205
2022-09-16,303.35,299.61,303.71,295.6,87.09M,-0.13%,303.35,87090000.0,292.353,281.4796,-0.0013168724279835065,0.02582337695444634,59.59748427672959,4.694192642762289,311.8406629849513,268.47033701504864
2022-09-19,309.07,300.09,309.84,297.8,60.23M,1.89%,309.07,60230000.0,296.239,282.6458,0.018856106807318085,0.02288130335176976,64.79560707748627,5.4719394705985565,313.9058013610355,267.6451986389644
2022-09-20,308.73,306.91,313.33,305.58,61.64M,-0.11%,308.73,61640000.0,299.66999999999996,284.1336,-0.001100074416798713,0.023337660921813455,70.63988293202077,5.991804484195654,316.1907909364459,267.24220906355407
2022-09-21,300.8,308.29,313.8,300.63,62.56M,-2.57%,300.8,62560000.0,301.38,285.4882,-0.025685874388624352,0.024728489162986027,65.54746327613874,5.698230868248174,316.6614178957118,267.20658210428826
2022-09-22,288.59,299.86,301.29,285.82,70.55M,-4.06%,288.59,70550000.0,301.313,286.51919999999996,-0.04059175531914905,0.028175385226052185,56.23431875204535,4.429268851557083,316.1543641987851,266.86263580121494
2022-09-23,275.33,283.09,284.5,272.82,63.75M,-4.59%,275.33,63750000.0,298.87800000000004,287.2596,-0.04594753802973073,0.02849389292283866,52.61277811798326,2.3268140652428997,316.03738044948943,264.90561955051055
2022-09-26,276.01,271.83,284.09,270.31,58.08M,0.25%,276.01,58080000.0,296.037,287.9784,0.002469763556459448,0.027547552156270052,50.841715193223926,0.7073202689541063,316.2286946658382,263.5063053341617
2022-09-27,282.94,283.84,288.67,277.51,61.93M,2.51%,282.94,61930000.0,295.118,288.82620000000003,0.025107785949784356,0.02714813262228744,49.58740499457112,-0.016754018952553906,316.22373551779947,263.32326448220056
2022-09-28,287.81,283.08,289.0,277.57,54.67M,1.72%,287.81,54670000.0,293.63800000000003,289.6718,0.017212129780165508,0.024722952220546726,49.206870145498314,-0.1953677314838842,316.13750722275296,264.42049277724703
2022-09-29,268.21,282.76,283.65,265.78,77.62M,-6.81%,268.21,77620000.0,290.084,290.086,-0.06810048295750681,0.03149807200962639,34.357291977333716,-1.896613600487342,316.84076398936094,262.97723601063905
2022-09-30,265.25,266.14,275.57,262.47,67.73M,-1.10%,265.25,67730000.0,286.274,289.9568,-0.011036128406845314,0.03128412086935001,30.17913166683533,-3.4440100665100886,317.90759749543844,260.7194025045615
2022-10-03,242.4,254.5,255.16,241.01,98.36M,-8.61%,242.4,98360000.0,279.607,289.36,-0.08614514608859569,0.03661512042295864,27.265246411264513,-6.439901769901098,322.506139853185,253.339860146815
2022-10-04,249.44,250.52,257.5,242.01,109.58M,2.90%,249.44,109580000.0,273.678,288.9802,0.029042904290428995,0.039759015334356544,24.90323798735011,-8.152125733869468,324.9207877701714,248.42721222982857
2022-10-05,240.81,245.01,246.67,233.27,86.98M,-3.46%,240.81,86980000.0,267.679,288.61920000000003,-0.03459749839640791,0.03999066685651007,22.253570798800908,-10.089143076193807,327.9395737641646,241.11942623583533
2022-10-06,238.13,239.44,244.58,235.35,69.30M,-1.11%,238.13,69300000.0,262.633,287.8854,-0.011129105934138961,0.03949024028884434,21.815038893690556,-11.705562440394374,329.9880985464025,233.95790145359751
2022-10-07,223.07,233.93,234.57,222.02,83.92M,-6.32%,223.07,83920000.0,257.407,286.7288,-0.06324276655608285,0.04117771587180161,15.611004478566855,-14.039958666586926,332.0692670573979,224.2157329426022
2022-10-10,222.96,223.93,226.99,218.36,67.93M,-0.05%,222.96,67930000.0,252.102,285.245,-0.0004931187519612301,0.04100804909415735,15.63977245413028,-15.717676978657067,331.8098839248508,216.32911607514924
2022-10-11,216.5,220.95,225.75,215.0,77.01M,-2.90%,216.5,77010000.0,245.458,283.62940000000003,-0.028973806960889914,0.03778844798644689,15.826171558294163,-17.368337457017844,332.7604655474605,207.8155344525395
2022-10-12,217.24,215.33,219.3,211.51,66.86M,0.34%,217.24,66860000.0,238.401,281.9624,0.0034180138568129514,0.03626722411649374,18.110306605881846,-18.404628857932835,330.81605496852563,201.22294503147435
2022-10-13,221.72,208.3,222.99,206.22,91.48M,2.06%,221.72,91480000.0,233.752,280.2488,0.020622353157797813,0.035980821889713174,23.998447958094886,-18.64941979759064,327.04254193393575,196.79345806606426
2022-10-14,204.99,224.01,226.26,204.16,94.13M,-7.55%,204.99,94130000.0,227.72600000000003,278.176,-0.07545552949666245,0.040078507288546866,20.194728890381057,-19.96326546487137,323.78509193871673,190.21490806128327
2022-10-17,219.35,210.04,221.86,209.45,79.43M,7.01%,219.35,79430000.0,225.421,276.7996,0.07005219766817894,0.043738930439362694,24.87951331279133,-19.619603062144023,316.5697883164496,188.45821168355047
2022-10-18,220.19,229.5,229.82,217.25,75.89M,0.38%,220.19,75890000.0,222.496,275.395,0.0038294962388876197,0.04198914418962705,22.4090093030847,-19.05975812482609,307.88062722599955,188.29337277400043
2022-10-19,222.04,219.8,222.93,217.78,66.57M,0.84%,222.04,66569999.99999999,220.619,274.1692,0.008401834779054429,0.04157166268988028,27.970226166618943,-18.256349605561894,299.53700702412885,188.76099297587106
2022-10-20,207.28,208.28,215.55,202.0,117.80M,-6.65%,207.28,117800000.0,217.53400000000002,272.4276,-0.06647450909745989,0.04562504751819417,25.139377305086185,-18.596284815761607,293.64301663434753,186.52398336565238
2022-10-21,214.44,206.41,214.66,203.8,75.71M,3.45%,214.44,75710000.0,216.671,270.98380000000003,0.034542647626399026,0.04407271305912979,36.144697720515346,-18.079524256051855,289.0629770227426,185.0150229772574
2022-10-24,211.25,205.82,213.5,198.59,100.45M,-1.49%,211.25,100450000.0,215.5,269.2082,-0.01487595597836222,0.04421434886744436,30.324574961360128,-17.723093341680368,283.6269881038601,183.97501189613993
2022-10-25,222.41,210.1,224.35,210.0,96.51M,5.29%,222.41,96510000.0,216.09099999999998,267.47,0.052828402366863925,0.046679970750684245,40.76119702751556,-16.35160936783737,275.08063048943745,186.46836951056252
2022-10-26,224.64,219.4,230.6,218.2,85.33M,1.00%,224.64,85330000.0,216.831,265.8316,0.010026527584191314,0.04672246900212443,43.195803490366174,-14.912850022315524,262.8877841012318,192.3442158987683
2022-10-27,225.09,229.77,233.81,222.85,61.64M,0.20%,225.09,61640000.0,217.16799999999998,264.2534,0.0020032051282052876,0.04637161877216966,51.19498343587318,-13.579772472150921,255.10708275343742,195.81291724656253
2022-10-28,228.52,225.4,228.86,216.35,69.15M,1.52%,228.52,69150000.0,219.52100000000002,262.7664,0.015238349104802484,0.03744301363274855,53.1648451730419,-12.106965018635634,246.71906829213208,200.52793170786794
2022-10-31,227.54,226.19,229.85,221.94,61.55M,-0.43%,227.54,61550000.0,220.34,261.38379999999995,-0.004288464904603662,0.03143703277550612,56.70228266148616,-10.893261571936932,244.33015265329632,201.43084734670364
2022-11-01,227.82,234.05,237.4,227.28,62.69M,0.12%,227.82,62690000.0,221.103,260.142,0.0012305528698250967,0.03145047026603143,56.45909645909646,-9.795878397777699,239.45727893286127,204.14172106713872
2022-11-02,214.98,226.04,227.87,214.82,63.07M,-5.64%,214.98,63070000.0,220.39700000000002,258.5126,-0.05636028443508034,0.03665007506147482,46.26634167959229,-9.848744818048658,235.95082166743904,205.06517833256092
2022-11-03,215.31,211.36,221.2,210.14,56.54M,0.15%,215.31,56540000.0,221.2,256.8768,0.0015350265140943176,0.028993159553312504,56.98619008935824,-9.751603183582318,232.53178732311505,206.20221267688487
2022-11-04,207.47,222.6,223.8,203.08,98.62M,-3.64%,207.47,98620000.0,220.50300000000001,255.10479999999998,-0.036412614369978225,0.029418380734849887,41.17909117909119,-10.189778789814312,232.64618781811228,204.5278121818877
2022-11-07,197.08,208.65,208.9,196.66,93.92M,-5.01%,197.08,93920000.0,219.086,253.28459999999998,-0.05007952957054029,0.03290895791288626,34.97203797632983,-11.245787839827244,234.1442240379932,200.44177596200674
2022-11-08,191.3,194.02,195.2,186.75,128.80M,-2.93%,191.3,128800000.00000001,215.975,251.41420000000002,-0.02932819159732092,0.026002439603774366,30.98243009156151,-12.406070852346431,236.5119135196929,195.55408648030706
2022-11-09,177.59,190.77,195.89,177.12,127.06M,-7.17%,177.59,127060000.0,211.27000000000004,249.412,-0.0716675378985886,0.029927455750914007,31.390246960010046,-14.267419983495728,240.76491280617338,187.33608719382661
2022-11-10,190.72,189.9,191.0,180.03,132.70M,7.39%,190.72,132699999.99999999,207.833,247.71419999999998,0.07393434314995218,0.04254104113589485,36.16748308840681,-14.515742864213905,240.88628330227834,184.1147166977217
2022-11-11,195.97,186.0,196.52,182.59,114.40M,2.75%,195.97,114400000.0,204.578,246.09039999999996,0.02752726510067105,0.04369338191222092,41.29840546697039,-14.12607283783396,241.21367086263479,182.8853291373652
2022-11-14,190.95,192.77,195.73,186.34,92.23M,-2.56%,190.95,92230000.0,200.919,244.5052,-0.025616165739654084,0.043665983536652825,30.73720303698262,-14.060250762033888,241.0361152601476,180.22288473985242
2022-11-15,194.42,195.88,200.82,192.06,91.29M,1.82%,194.42,91290000.0,197.579,242.9052,0.018172296412673372,0.04474664472762264,31.77322074788904,-13.571640864902406,240.22213298984565,178.4598670101543
2022-11-16,186.92,191.51,192.57,185.66,66.57M,-3.86%,186.92,66569999.99999999,194.773,240.96959999999999,-0.0385762781606831,0.043240718534646186,28.782657031684266,-13.632454867264869,239.40547239054735,175.7645276094526
2022-11-17,183.17,183.96,186.16,180.9,64.34M,-2.01%,183.17,64340000.0,191.55900000000003,238.84779999999998,-0.02006205863471,0.04296974521185943,24.880912817104246,-13.823890853534436,240.0231786742552,172.7358213257448
2022-11-18,180.19,185.05,185.19,176.55,76.05M,-1.63%,180.19,76050000.0,188.831,236.45800000000003,-0.01626903968990545,0.04233283399900845,24.341606155846975,-14.054059892879167,240.0261391297878,169.30786087021215
2022-11-21,167.87,175.85,176.77,167.54,92.88M,-6.84%,167.87,92880000.0,185.91,233.727,-0.06837227371108268,0.04444617915483812,21.2635413670789,-15.057023557404165,241.31028378530783,163.68571621469215
2022-11-22,169.91,168.63,170.92,166.18,78.45M,1.22%,169.91,78450000.0,183.77100000000002,231.28259999999997,0.012152260677905424,0.04489640962837918,25.90097315795103,-15.508496245480444,240.09094838913677,159.6550516108632
2022-11-23,183.2,173.57,183.62,172.5,109.54M,7.82%,183.2,109540000.0,184.332,228.89440000000002,0.0782178800541462,0.04730192405073971,34.92063492063491,-14.625308223369444,236.9007832272858,158.70121677271416
2022-11-25,182.86,185.06,185.2,180.63,50.67M,-0.19%,182.86,50670000.0,183.546,226.4766,-0.0018558951965064185,0.04044627423984976,37.566939476609086,-13.793804123728421,233.10928732111643,158.2697126788836
2022-11-28,182.92,179.96,188.5,179.0,93.04M,0.03%,182.92,93040000.0,182.24099999999999,224.06799999999998,0.0003281198731268642,0.03901968689475571,42.012635379061344,-12.980360124024173,227.84446599617291,158.9745340038271
2022-11-29,180.83,184.99,186.38,178.75,83.36M,-1.14%,180.83,83360000.0,181.22899999999998,221.5032,-0.011425759895035914,0.03848906151487312,43.83755150088287,-12.36184576386816,221.91025439742717,160.23774560257286
2022-11-30,194.7,182.43,194.76,180.63,109.19M,7.67%,194.7,109190000.0,181.257,219.22259999999997,0.0767018746889343,0.04606916135793822,60.051697802843385,-10.629940259314395,215.0661739167303,163.76982608326966
2022-12-01,194.7,197.08,198.92,191.8,80.05M,0.00%,194.7,80050000.0,182.035,217.10060000000001,0.0,0.0439453475597933,52.76465684912476,-9.151895316894041,211.24720320426334,165.56079679573665
2022-12-02,194.86,191.78,196.25,191.11,73.65M,0.08%,194.86,73650000.0,183.204,215.226,0.0008217770929637158,0.043113445196665316,49.17027956346241,-7.876824261528839,206.71482903507916,168.0481709649208
2022-12-05,182.45,189.44,191.27,180.55,93.12M,-6.37%,182.45,93120000.0,183.43,213.3684,-0.06368674946115171,0.04826095946782668,44.27840603123317,-7.778044098362045,203.08191972007077,169.17908027992925
2022-12-06,179.82,181.21,183.65,175.33,92.15M,-1.44%,179.82,92150000.0,184.625,211.44459999999998,-0.014414908194025688,0.04210706155167285,40.059912854030486,-7.82181412325005,201.61858864876243,168.91641135123754
2022-12-07,174.04,175.03,179.38,172.22,84.21M,-3.21%,174.04,84210000.0,185.038,209.2666,-0.0321432543654766,0.04387743644166071,41.020635805911866,-8.22805201598851,201.23005259121337,167.5789474087866
2022-12-08,173.44,172.2,175.2,169.06,97.62M,-0.34%,173.44,97620000.0,184.062,206.9792,-0.003447483337163826,0.03509592988041133,42.90506052209421,-8.500425840601395,201.47273911891904,166.9212608810809
2022-12-09,179.05,173.84,182.5,173.36,104.87M,3.23%,179.05,104870000.0,183.68099999999998,205.19600000000003,0.032345479704797064,0.03703952970661674,49.199438202247194,-8.169431818966473,200.7493390515226,166.47766094847736
2022-12-12,167.82,176.1,177.37,167.52,109.79M,-6.27%,167.82,109790000.0,182.171,203.24740000000003,-0.06271991063948623,0.041760385587863616,49.96434174868063,-8.712847536272818,199.68926164920106,164.72273835079898
2022-12-13,160.95,174.87,175.05,156.91,175.86M,-4.09%,160.95,175860000.0,180.183,201.61839999999995,-0.04093671791204867,0.043067592701565745,44.02188417400586,-9.587343069361566,200.07643911682527,161.3355608831747
2022-12-14,156.8,159.25,161.62,155.31,140.68M,-2.58%,156.8,140680000.0,176.393,199.7656,-0.025784405094749774,0.030224400032065876,29.939209726443764,-10.494285802472575,199.82588168574438,157.8241183142556
2022-12-15,157.67,153.44,160.93,153.28,122.33M,0.55%,157.67,122330000.0,172.69,198.1028,0.005548469387754995,0.030699863106403907,31.011608623548895,-11.015858760864717,199.9999295314013,154.72507046859866
2022-12-16,150.23,159.63,160.99,150.04,139.03M,-4.72%,150.23,139030000.0,168.227,196.3448,-0.0471871630620917,0.030758966366273524,27.8252611585945,-11.892465964609357,201.18930943965995,150.24169056034003
2022-12-19,149.87,154.0,155.25,145.82,139.39M,-0.24%,149.87,139390000.0,164.969,194.88080000000002,-0.002396325634027696,0.02825161157299484,28.494026118366207,-12.472457751422297,202.05003980389085,146.34896019610915
2022-12-20,137.8,146.05,148.47,137.66,159.56M,-8.05%,137.8,159560000.0,160.767,193.17759999999998,-0.08053646493627808,0.034151401005703734,9.461385009974364,-13.747580003182577,204.89276505488846,140.49923494511154
2022-12-21,137.57,139.34,141.26,135.89,145.42M,-0.17%,137.57,145420000.0,157.12,191.599,-0.0016690856313499314,0.03486726678838062,9.430478625195306,-14.608287408371638,206.90836396456055,135.24963603543947
2022-12-22,125.35,136.0,136.63,122.26,210.09M,-8.88%,125.35,210090000.0,152.31099999999998,189.7612,-0.088827505996947,0.03974703984704318,7.857402691887955,-16.090969422028337,208.9029067668021,127.4700932331979
2022-12-23,123.15,126.37,128.62,121.02,166.99M,-1.76%,123.15,166990000.0,146.721,187.78979999999999,-0.017550857598723435,0.03352630531635008,8.96761693883198,-17.244740578915753,209.9444393426591,120.45756065734089
2022-12-27,109.1,117.5,119.67,108.76,208.64M,-11.41%,109.1,208640000.0,140.849,185.872,-0.11408850994721897,0.041116289378222065,7.743785850860405,-19.072968800649022,211.91942393097068,111.1005760690293
2022-12-28,112.71,110.35,116.27,108.24,221.07M,3.31%,112.71,221070000.0,136.025,183.73919999999998,0.033088909257561916,0.0473836431560526,12.378849220954478,-20.000008361258864,212.0950976677462,104.11290233225378
2022-12-29,121.82,120.39,123.57,117.5,221.92M,8.08%,121.82,221920000.0,132.527,181.7718,0.08082690089610511,0.05979156404337499,21.328593645856472,-19.771677437391816,207.8860338668007,101.03396613319933
2022-12-30,123.18,119.95,124.48,119.75,157.78M,1.12%,123.18,157780000.0,129.078,179.7946,0.011164012477425933,0.06011787189985865,17.430336947650673,-19.258977398038525,202.51333780424608,99.25466219575391
2023-01-03,108.1,118.47,118.8,104.64,231.40M,-12.24%,108.1,231400000.0,124.86499999999998,177.81099999999998,-0.12242247118038652,0.06774436590014592,16.681544298147728,-19.840776770077525,197.18769840005166,95.90430159994833
2023-01-04,113.64,109.11,114.59,107.52,180.39M,5.12%,113.64,180390000.0,121.242,175.795,0.05124884366327476,0.07217355264613665,23.207611281005782,-19.628559448796665,192.81778693825368,93.39321306174628
2023-01-05,110.34,110.51,111.75,107.16,157.99M,-2.90%,110.34,157990000.0,118.49600000000001,173.7768,-0.029039070749735996,0.06955038550084405,23.433211344922228,-19.50185289282112,188.23944705438396,91.02355294561606
2023-01-06,113.06,103.0,114.39,101.81,220.91M,2.47%,113.06,220910000.0,116.04499999999999,171.5898,0.02465107848468362,0.0707965390326262,25.019599059245166,-18.963357979816664,183.73098030145331,89.4340196985467
2023-01-09,119.77,118.96,123.52,117.11,190.28M,5.93%,119.77,190280000.0,115.487,169.4924,0.05934901822041394,0.06961147521043806,32.8026196928636,-17.790082957037498,178.2405275951717,89.5574724048283
2023-01-10,118.85,121.07,122.76,114.92,167.64M,-0.77%,118.85,167640000.0,115.05699999999999,167.36759999999998,-0.007681389329548316,0.06944062021561626,32.59649910233392,-16.741504714608936,170.2148189729651,91.56318102703486
2023-01-11,123.22,122.09,125.95,120.51,183.81M,3.68%,123.22,183810000.0,116.46900000000001,165.2616,0.036769036600757365,0.057587869975217254,41.046425939572586,-15.380578687468528,164.0260288917696,93.29197110823038
2023-01-12,123.56,122.56,124.13,117.0,169.40M,0.28%,123.56,169400000.0,117.554,163.182,0.002759292322674911,0.05725657438105758,41.408070648840926,-14.111926344979949,158.7592801220515,94.81971987794851
2023-01-13,122.4,116.55,122.63,115.6,180.71M,-0.94%,122.4,180710000.0,117.61200000000001,161.0736,-0.009388151505341558,0.05184163410487888,47.906910742159795,-13.049683896078875,153.77595295142396,96.36304704857602
2023-01-17,131.49,125.69,131.7,125.02,186.48M,7.43%,131.49,186480000.0,118.44299999999998,159.40380000000002,0.0742647058823529,0.05672616261818065,55.390382626680456,-11.343600109662603,148.29167327208282,99.2293267279172
2023-01-18,128.78,136.55,136.68,127.01,195.68M,-2.06%,128.78,195680000.0,120.51100000000001,157.6732,-0.02060993231424446,0.036089768647077046,64.9045743714026,-10.093835318485617,144.01257697488,101.36342302512003
2023-01-19,127.17,127.26,129.99,124.31,170.29M,-1.25%,127.17,170290000.0,121.86399999999999,156.06719999999999,-0.012501941295232188,0.035229932478671185,61.293345829428304,-9.128078455671897,138.81547051904042,104.29052948095958
2023-01-20,133.42,128.68,133.51,127.35,138.86M,4.91%,133.42,138860000.0,124.172,154.79399999999998,0.049146811354879194,0.033791895992991844,59.483322432962716,-7.7688321562517615,137.82238621574857,104.84561378425147
2023-01-23,143.75,135.87,145.38,134.27,203.12M,7.74%,143.75,203120000.0,127.24100000000001,153.84300000000002,0.07742467396192487,0.03845444396480622,64.66562098959074,-5.791316313045087,139.5804786704352,103.70552132956476
2023-01-24,143.89,143.0,146.5,141.1,158.70M,0.10%,143.89,158700000.0,129.65300000000002,153.16899999999998,0.0009739130434782695,0.03705831499699809,82.42435223772422,-4.164814540583507,143.05017269663267,102.08982730336736
2023-01-25,144.43,141.9,146.41,138.07,192.73M,0.38%,144.43,192730000.0,132.21099999999998,152.2432,0.003752866773229613,0.03630844220455291,80.67344092448695,-2.7999505930357316,146.33206057098045,100.93593942901953
2023-01-26,160.27,159.96,161.42,154.76,234.82M,10.97%,160.27,234820000.0,135.916,151.5292,0.10967250571210974,0.046013778497304446,89.79754503427387,-0.4351147299366289,153.1320040590404,99.25299594095956
2023-01-27,177.9,162.43,180.68,161.17,306.59M,11.00%,177.9,306590000.0,141.35,151.2682,0.11000187184126786,0.05173560769911762,91.75682637815558,2.8290172394992794,164.1739060839832,94.73009391601678
2023-01-30,166.66,178.05,179.77,166.5,230.88M,-6.32%,166.66,230880000.0,145.776,150.713,-0.06318156267566055,0.059461758526012626,78.53231106243153,4.457507902282401,169.95159692015363,93.43640307984634
2023-01-31,173.22,164.57,174.3,162.78,196.81M,3.94%,173.22,196810000.0,149.94899999999998,150.439,0.0393615744629785,0.05776369987494836,80.9588885092814,6.205897932642017,176.44595317343655,91.94604682656345
2023-02-01,181.41,173.89,183.8,169.93,213.81M,4.73%,181.41,213810000.0,155.212,150.4038,0.047280914444059574,0.05516346269006614,81.75270108043216,8.158330031269713,183.18715406965237,92.53584593034766
2023-02-02,188.27,187.32,196.75,182.61,217.45M,3.78%,188.27,217450000.0,161.322,150.5654,0.03781489443801345,0.05245665618421238,82.9648497198166,10.142277344653024,190.65649231245595,92.52950768754407
2023-02-03,189.98,183.95,199.0,183.69,232.66M,0.91%,189.98,232660000.0,166.978,151.0076,0.009082700377117892,0.05330744550921996,84.2350557244174,11.717480768589752,196.83645592116537,94.31354407883461
2023-02-06,194.76,193.01,198.17,189.92,186.19M,2.52%,194.76,186190000.0,172.079,151.5046,0.025160543215075215,0.05145748073451789,83.51520288166118,13.19939250223149,202.99103095907282,96.32896904092722
2023-02-07,196.81,196.43,197.5,189.55,186.01M,1.05%,196.81,186010000.0,177.371,151.77679999999998,0.010525775313205976,0.050903398451347774,86.2904086205057,14.373546794945298,208.844291742466,98.17970825753399
2023-02-08,201.29,196.1,203.0,194.31,180.67M,2.28%,201.29,180670000.0,183.05700000000002,152.1454,0.022763070982165567,0.05003961991480482,88.36438923395444,15.487046063653338,214.35930722701897,100.90869277298106
2023-02-09,207.32,207.77,214.0,204.77,215.43M,3.00%,207.32,215430000.0,187.762,152.6334,0.02995677877688907,0.04259038259793933,88.33782942519194,16.663980863197764,220.26591697640833,103.41208302359166
2023-02-10,196.89,202.23,206.2,192.89,204.75M,-5.03%,196.89,204750000.0,189.661,152.9546,-0.05030870152421385,0.037717217053625476,77.53938640132668,16.564155069528027,223.01435203257805,107.99664796742198
2023-02-13,194.64,194.41,196.3,187.61,172.48M,-1.14%,194.64,172480000.0,192.459,152.9534,-0.011427700746609815,0.028966511653776828,75.73790445278425,16.117691498196734,224.25241085271233,113.98258914728768
2023-02-14,209.25,191.94,209.82,189.44,216.46M,7.51%,209.25,216460000.0,196.06199999999998,153.2444,0.07506165228113448,0.03393637330728295,78.76797443635716,16.74969079133379,227.9347085947158,118.07629140528422
2023-02-15,214.24,211.76,214.66,206.11,182.11M,2.38%,214.24,182110000.0,199.345,153.63199999999998,0.023847072879330966,0.03259441816753946,76.50525488655337,17.452029943605453,231.00490996165772,123.55209003834224
2023-02-16,202.04,210.78,217.65,201.84,229.59M,-5.69%,202.04,229590000.0,200.722,154.0238,-0.05694548170276337,0.03907999399276592,62.523345092342794,16.830192755857013,230.29673596286662,131.74726403713336
2023-02-17,208.31,199.99,208.44,197.5,213.74M,3.10%,208.31,213740000.0,202.555,154.5936,0.03103345872104546,0.03977216524689918,72.78197133792801,16.651372249719515,230.02890930163983,139.5040906983602
2023-02-21,197.37,204.99,209.71,197.22,180.02M,-5.25%,197.37,180020000.0,202.816,155.0602,-0.05251788200278429,0.04385138314792447,62.605699968681485,15.44880493294832,228.65045537432533,146.24454462567465
2023-02-22,200.86,197.93,201.99,191.78,191.83M,1.77%,200.86,191830000.0,203.221,155.6086,0.01768252520646496,0.04406028634579126,60.67625425403447,14.608972363592585,226.37882017219061,154.21317982780937
2023-02-23,202.07,203.91,205.14,196.33,146.36M,0.60%,202.07,146360000.0,203.299,156.06900000000002,0.0060240963855420215,0.043537293458244634,58.075842696629195,13.881024084312799,222.389301778227,163.966698221773
2023-02-24,196.88,196.32,197.67,192.8,142.23M,-2.57%,196.88,142230000.0,202.255,156.65019999999998,-0.025684168852377898,0.0430118769406806,53.87989203778678,12.738488833204002,219.78934767675736,170.22765232324264
2023-02-27,207.63,202.03,209.42,201.26,161.03M,5.46%,207.63,161030000.0,203.329,157.5838,0.05460178789110115,0.043342468845588,56.781536515965854,12.555722025831528,220.50963281987438,172.48036718012563
2023-02-28,205.71,210.59,211.23,203.75,153.14M,-0.92%,205.71,153140000.0,204.43599999999998,158.56199999999998,-0.009247218610027419,0.04324950006638999,54.69607429295062,12.116281113778086,218.22457963646488,178.67042036353516
2023-03-01,202.77,206.21,207.2,198.52,156.85M,-1.43%,202.77,156850000.0,203.78799999999998,159.464,-0.014291964415925285,0.036128513078612694,50.79382106844026,11.399382608735891,215.79604811979215,184.05395188020788
2023-03-02,190.9,186.74,193.75,186.01,181.98M,-5.85%,190.9,181980000.0,201.454,160.2774,-0.05853923164176167,0.03873944310899417,41.712093680597626,9.760907909814108,214.3966477921573,186.40235220784268
2023-03-03,197.79,194.79,200.48,192.88,154.19M,3.61%,197.79,154190000.0,201.029,161.2358,0.03609219486642212,0.03757720142072682,50.47110552763819,8.915596873225098,213.73730714975932,188.01369285024072
2023-03-06,193.81,198.54,198.6,192.3,128.10M,-2.01%,193.81,128100000.0,199.579,162.356,-0.020122351989483755,0.036111956224529645,49.57326478149101,7.834221025490393,213.34663500227833,188.78736499772168
2023-03-07,187.71,191.38,194.2,186.1,148.13M,-3.15%,187.71,148130000.0,198.613,163.3588,-0.031474124142201076,0.03366939913935068,37.863421230561194,6.411100677259611,214.1104608602043,187.31853913979566
2023-03-08,182.0,185.04,186.5,180.0,151.90M,-3.04%,182.0,151900000.0,196.727,164.4918,-0.030419263757924475,0.03358475384847001,31.9807735300693,4.767560795571541,215.7114275969145,184.2365724030855
2023-03-09,172.92,180.25,185.18,172.51,170.02M,-4.99%,172.92,170020000.0,193.812,165.4872,-0.04989010989011,0.03535665387951872,33.136437340745886,2.701225437604279,218.37766035280555,178.73333964719444
2023-03-10,173.44,175.13,178.29,168.44,191.49M,0.30%,173.44,191490000.0,191.46800000000002,166.774,0.0030071709461023666,0.035547682105844115,28.36580220871076,1.0930000097085326,219.1653342467157,174.5576657532843
2023-03-13,174.48,167.46,177.35,163.91,167.79M,0.60%,174.48,167790000.0,188.15300000000002,168.00940000000003,0.005996309963099522,0.027932074265214775,33.80959117272596,-0.09649854502129074,220.18754826565436,171.2944517343456
2023-03-14,183.26,177.31,183.8,177.14,143.72M,5.03%,183.26,143720000.0,185.908,169.2382,0.05032095369096745,0.035159532416892854,38.418004738088946,-0.3269432982139051,220.2480868264173,170.0959131735827
2023-03-15,180.45,180.8,182.34,176.03,146.00M,-1.53%,180.45,146000000.0,183.676,170.3836,-0.015333406089708679,0.03517213061163929,36.06599639082237,-0.7279248763766475,218.71166886973904,168.75233113026096
2023-03-16,184.13,180.37,185.81,178.84,121.37M,2.04%,184.13,121370000.0,182.999,171.90420000000003,0.020393460792463403,0.032045029556954895,41.61956093072171,-0.7402275387391626,215.57833101126448,168.87466898873555
2023-03-17,180.13,184.51,186.22,177.33,133.20M,-2.17%,180.13,133199999.99999999,181.233,173.23399999999998,-0.02172378211046544,0.0292755892818888,30.16445470282747,-1.0605190543936658,214.59981998692422,167.66218001307584
2023-03-20,183.25,178.08,186.44,176.35,129.68M,1.73%,183.25,129680000.0,180.177,174.69219999999999,0.017320823849442002,0.03006801218551368,34.07543959160522,-1.0504851244432984,212.12930685694232,167.62669314305765
2023-03-21,197.58,188.28,198.0,188.04,153.39M,7.82%,197.58,153390000.0,181.16400000000002,176.3826,0.07819918144611204,0.03828938769337685,46.83188865828348,0.11248146026932204,212.15488559281962,167.62211440718036
2023-03-22,191.15,199.3,200.66,190.95,150.38M,-3.25%,191.15,150380000.0,182.079,177.81019999999998,-0.032543779734791056,0.03851781585078654,50.16346279586766,0.5094213034456345,211.07770036215442,167.72829963784557
2023-03-23,192.22,195.26,199.31,188.65,144.19M,0.56%,192.22,144190000.0,184.009,179.2776,0.005597698142819629,0.03328056976636012,46.05803255484785,0.8999648124476494,209.80696907972026,168.01403092027977
2023-03-24,190.41,191.65,192.36,187.15,116.53M,-0.94%,190.41,116530000.0,185.706,180.6214,-0.009416293829986433,0.03384431691045041,47.517523364485974,1.0513027204982563,209.16183910533033,168.01216089466965
2023-03-27,191.81,194.41,197.39,189.94,120.85M,0.74%,191.81,120850000.0,187.439,181.9864,0.007352555012867024,0.033829733872919106,53.214173722169946,1.2695725604752681,206.41137157692728,169.1806284230727
2023-03-28,189.19,192.0,192.35,185.43,98.66M,-1.37%,189.19,98660000.0,188.032,183.3222,-0.013659350398832149,0.031317084212801605,55.923545888943806,1.2171107819903,203.59853349864298,170.34146650135696
2023-03-29,193.88,193.13,195.29,189.44,123.66M,2.48%,193.88,123660000.0,189.375,184.57,0.024789893757598103,0.03118918297862599,68.61456483126109,1.536269094778504,201.79549186570347,171.25550813429652
2023-03-30,195.28,195.58,197.33,194.42,110.25M,0.72%,195.28,110250000.0,190.48999999999998,185.9,0.007220961419434735,0.030866781025891084,69.09758656873032,1.8804954755125323,202.39943629900864,171.08956370099133
2023-03-31,207.46,197.53,207.79,197.2,170.22M,6.24%,207.46,170220000.0,193.223,187.5058,0.06237197869725519,0.03370464653531082,74.13641686182669,3.100382292606014,204.79932424688525,169.65667575311477
2023-04-03,194.77,199.91,202.69,192.2,169.55M,-6.12%,194.77,169550000.0,194.375,188.7328,-0.06116841800829076,0.041312883244599995,57.96760348885506,3.0084943881339257,204.92808966307922,169.6239103369208
2023-04-04,192.58,197.32,198.74,190.32,126.46M,-1.12%,192.58,126460000.0,193.875,189.7094,-0.011244031421676848,0.033001415463673,58.469487501745576,2.7275167491528407,205.33043983748303,169.70856016251696
2023-04-05,185.52,190.51,190.68,183.76,133.88M,-3.67%,185.52,133880000.0,193.312,190.542,-0.03666008931353204,0.033446425534864266,50.92679023869851,1.9131038781658845,205.34563251775862,170.04536748224135
2023-04-06,185.06,183.08,186.39,179.74,123.86M,-0.25%,185.06,123860000.0,192.596,191.3546,-0.0024795170332040373,0.033326953881780357,53.449965010496854,1.2165342057041073,204.5959638170525,172.0090361829475
2023-04-10,184.51,179.94,185.1,176.11,142.16M,-0.30%,184.51,142160000.0,192.006,191.83939999999998,-0.0029720090781368835,0.03325754642352296,50.91463414634145,0.6130504542801987,203.71234707526574,173.9996529247343
2023-04-11,186.79,186.69,189.19,185.65,115.77M,1.24%,186.79,115770000.0,191.504,192.0172,0.012357053818221164,0.03346172537111286,40.50677459088509,0.31512956123543745,202.757025602174,176.18597439782604
2023-04-12,180.54,190.74,191.58,180.31,150.26M,-3.35%,180.54,150260000.0,190.63899999999998,192.2948,-0.03346003533379727,0.03477875097672739,40.63548102383053,-0.4204509625031676,202.94059730326404,175.73040269673595
2023-04-13,185.9,182.96,186.5,180.94,112.93M,2.97%,185.9,112930000.0,189.841,192.54840000000002,0.029688711642849253,0.03526241968364675,44.81457170987858,-0.5643906781102714,202.67128015548764,176.54471984451237
2023-04-14,185.0,183.95,186.28,182.01,96.44M,-0.48%,185.0,96440000.0,188.81300000000002,192.62019999999995,-0.004841312533620301,0.035055525375388315,45.493919706813266,-0.7425270287641865,202.64357414256938,176.65942585743062
2023-04-17,187.04,186.32,189.69,182.69,116.66M,1.10%,187.04,116660000.0,186.77100000000002,192.59560000000002,0.011027027027026959,0.026937400777369943,46.068897313334425,-0.7108956564415507,202.2705918476137,177.72340815238633
2023-04-18,184.31,187.15,187.69,183.58,92.07M,-1.46%,184.31,92070000.0,185.725,192.48219999999998,-0.014595808383233488,0.02031507781046868,45.98552155314248,-0.895789645004271,202.20954292768567,177.89045707231435
2023-04-19,180.59,179.1,183.5,177.65,125.73M,-2.02%,180.59,125730000.0,184.526,192.1988,-0.02018338668547559,0.020795811877196268,38.88981775622807,-1.327193315302651,201.5179373188974,176.88306268110256
2023-04-20,162.99,166.16,169.7,160.56,210.97M,-9.75%,162.99,210970000.0,182.273,191.52239999999998,-0.09745833102608115,0.03483511000060898,28.75937376660967,-3.054051537726707,204.73951945537195,170.84548054462803
2023-04-21,165.08,164.8,166.0,161.32,123.54M,1.28%,165.08,123540000.0,180.275,190.7982,0.01282287256886927,0.03564081986568267,17.854975728155352,-4.2054754836403845,206.029445869491,166.84155413050897
2023-04-24,162.55,164.65,165.65,158.61,140.01M,-1.53%,162.55,140010000.0,178.079,189.9028,-0.015325902592682294,0.03555482083487897,21.108321377331436,-5.261485977064041,207.23564438952803,162.849355610472
2023-04-25,160.67,159.82,163.47,158.75,122.00M,-1.16%,160.67,122000000.0,175.467,189.1784,-0.01156567210089221,0.03452398238474084,21.226330027051404,-6.1788561815747585,207.93428253345394,159.03671746654607
2023-04-26,153.75,160.29,160.67,153.14,153.36M,-4.31%,153.75,153360000.0,172.788,188.3606,-0.043069645857969685,0.03524010547125934,21.28005785572229,-7.379201997854352,209.3507671929487,154.07623280705133
2023-04-27,160.19,152.64,160.48,152.37,127.02M,4.19%,160.19,127020000.0,170.217,187.37939999999998,0.04188617886178858,0.03713250393817562,29.71120900636319,-7.721818212912694,208.63383794192706,151.42416205807294
2023-04-28,164.31,160.9,165.0,157.32,122.52M,2.57%,164.31,122520000.0,168.148,186.38080000000002,0.025719458143454776,0.039182951931075745,34.42799876657418,-7.573590823423785,206.96193068183038,149.99906931816957
2023-05-01,161.83,163.17,163.28,158.83,109.02M,-1.51%,161.83,109020000.0,165.627,185.57659999999998,-0.015093420972551841,0.038408895522997095,30.817706732247174,-7.568984283813677,202.09955630371292,150.2984436962871
2023-05-02,160.31,161.88,165.49,158.93,128.26M,-0.94%,160.31,128259999.99999999,163.22700000000003,184.6166,-0.009392572452573744,0.038430444393877716,33.233880324879834,-7.6003725016825285,199.7521092941997,149.1998907058003
2023-05-03,160.61,160.01,165.0,159.91,119.73M,0.19%,160.61,119730000.0,161.22899999999998,183.88140000000004,0.001871374212463417,0.03861538413667848,27.12140401664557,-7.514418854694497,197.36421035909524,148.39078964090476
2023-05-04,161.2,162.71,162.95,159.65,95.11M,0.37%,161.2,95110000.0,161.05,183.0882,0.00367349480107082,0.023874344236059733,28.34788937409023,-7.31437632380991,195.9191228062484,147.40387719375158
2023-05-05,170.06,163.97,170.79,163.51,107.61M,5.50%,170.06,107610000.0,161.548,182.44800000000004,0.054962779156327635,0.02959012598000463,36.25768857235352,-6.3675125024751935,194.3381975680966,147.48480243190338
2023-05-08,171.79,173.72,173.8,169.19,112.25M,1.02%,171.79,112250000.0,162.472,181.94619999999998,0.010172880159943443,0.028890745617026963,39.70055939453767,-5.415097685161925,192.8218774427106,147.7291225572894
2023-05-09,169.15,168.95,169.82,166.56,88.97M,-1.54%,169.15,88970000.0,163.32,181.1766,-0.015367599976715662,0.0291700333954265,40.41876046901173,-4.817791515641147,190.55747363445,148.22952636555
2023-05-10,168.54,172.55,174.43,166.68,119.84M,-0.36%,168.54,119840000.0,164.799,180.4332,-0.003606266627254051,0.024090871807092854,56.497307422149355,-4.343573958146038,189.2970270649944,148.28997293500558
2023-05-11,172.08,168.7,173.57,166.79,103.89M,2.10%,172.08,103890000.0,165.988,179.81940000000003,0.021003915984336263,0.021762542037992036,57.92572463768116,-3.64014340502996,187.05114847283477,149.15385152716527
2023-05-12,167.98,176.07,177.38,167.23,157.85M,-2.38%,167.98,157850000.0,166.355,179.361,-0.023826127382612916,0.022744746923686002,55.9370216488082,-3.3746050126452474,184.4530853308476,150.04991466915243
2023-05-15,166.35,167.65,169.76,164.55,105.59M,-0.97%,166.35,105590000.0,166.80700000000002,178.7322,-0.00970353613525421,0.022343412675869673,56.244503078276175,-3.258133565476072,180.67800542474245,151.75599457525752
2023-05-16,166.52,165.65,169.52,164.35,98.29M,0.10%,166.52,98290000.0,167.428,178.18640000000002,0.00102194168920966,0.02194180263493645,66.48592822101729,-3.1161900263495,177.0275600538139,153.6274399461861
2023-05-17,173.86,168.41,174.5,167.18,125.47M,4.41%,173.86,125470000.0,168.753,177.90939999999998,0.0440787893346144,0.025287027062661564,67.24703507443854,-2.3839414982435017,175.12514426578258,154.85685573421745
2023-05-18,176.89,174.22,177.06,172.45,109.52M,1.74%,176.89,109520000.0,170.322,177.80720000000002,0.01742781548372241,0.025384860393464923,66.32070576024907,-1.5413656827958278,177.0715945918612,154.30040540813874
2023-05-19,180.14,177.17,181.95,176.31,136.20M,1.84%,180.14,136200000.0,171.32999999999998,177.95159999999998,0.018373000169596976,0.020237553969474752,73.28923937929275,-0.6044032555044225,179.52142356428976,153.35657643571028
2023-05-22,188.87,180.7,189.32,180.11,132.00M,4.85%,188.87,132000000.0,173.038,178.26019999999997,0.04846230709448207,0.02433175776881016,80.69647463456576,0.832982159102869,184.08288960481613,151.42711039518386
2023-05-23,185.77,186.2,192.96,185.26,156.95M,-1.64%,185.77,156950000.0,174.7,178.486,-0.016413406046487,0.024453826617648243,75.50689375506892,1.7023527014977162,186.83483424296475,151.1851657570353
2023-05-24,182.9,182.23,184.22,178.22,137.60M,-1.54%,182.9,137600000.0,176.13600000000002,178.47879999999998,-0.015449211390429096,0.025435926556084943,71.02713178294573,2.135137568599106,187.79876639159806,153.13623360840194
2023-05-25,184.47,186.54,186.78,180.58,96.87M,0.86%,184.47,96870000.0,177.375,178.55920000000003,0.008583925642427603,0.02505782172116945,66.26043782441886,2.5751241446061783,189.3791826017809,153.9838173982191
2023-05-26,193.17,184.62,198.6,184.53,162.06M,4.72%,193.17,162060000.0,179.894,178.74,0.047162140185395884,0.025328029586565732,70.84633385335411,3.5845139218811823,192.87829774278487,153.3707022572151
2023-05-30,201.16,200.1,204.48,197.53,128.82M,4.14%,201.16,128820000.0,183.375,179.16060000000002,0.041362530413625365,0.025085331340864922,78.26240508564362,4.971876124340156,197.73046521592,152.45153478407997
2023-05-31,203.93,199.78,203.95,195.12,150.71M,1.38%,203.93,150710000.0,187.11599999999999,179.57420000000002,0.013770133227281711,0.024357523404680503,80.0986562340534,6.223149916872501,202.20418304879544,152.33981695120454
2023-06-01,207.52,202.59,209.8,199.37,148.03M,1.76%,207.52,148030000.0,190.48200000000003,179.773,0.017604079831314623,0.022935712427905215,80.11556764106048,7.418955310829489,206.68450136988935,152.55049863011067
2023-06-02,213.97,210.15,217.25,209.75,164.40M,3.11%,213.97,164400000.0,194.19,180.22940000000003,0.031081341557440245,0.02329559398914296,87.57966988069947,8.785823294005752,211.9265187012242,152.5854812987758
2023-06-05,217.61,217.8,221.29,214.52,151.14M,1.70%,217.61,151140000.0,197.937,180.73719999999997,0.017011730616441678,0.023306585257428097,90.55379746835443,10.046978286021272,217.62385347044585,151.64314652955414
2023-06-06,221.31,216.14,221.91,212.53,146.91M,1.70%,221.31,146910000.0,201.18099999999998,181.3552,0.017002895087541825,0.020938385790727446,91.053499175783,11.21572389758876,223.3174517146181,150.9015482853819
2023-06-07,224.57,228.0,230.83,223.2,185.71M,1.47%,224.57,185710000.0,205.061,182.0104,0.014730468573494138,0.01760379742064942,90.47086991221069,12.263650244001013,228.6904322474586,151.07056775254142
2023-06-08,234.86,224.22,235.23,223.01,164.49M,4.58%,234.86,164490000.0,210.25699999999998,182.9238,0.04582090216858892,0.014572448053106464,91.46044914890574,13.765773162198627,235.50445086405725,150.88854913594272
2023-06-09,244.4,249.07,252.42,242.02,200.24M,4.06%,244.4,200240000.0,216.25,183.93420000000003,0.04061994379630418,0.013970635818332312,92.16535433070867,15.54680082560472,243.64187803738287,149.98312196261713
2023-06-12,249.83,247.94,250.97,244.59,150.74M,2.22%,249.83,150740000.0,221.916,185.0252,0.02221767594108015,0.012433804060194148,91.81069958847738,17.198183743366172,251.29563551264377,150.51436448735623
2023-06-13,258.71,253.51,259.68,251.34,162.38M,3.55%,258.71,162380000.0,227.671,186.05020000000002,0.035544170035624045,0.01175923050894554,96.35231316725978,19.00438763912379,259.38857971371357,151.65742028628642
2023-06-14,256.79,260.17,261.57,250.5,170.58M,-0.74%,256.79,170580000.0,232.95700000000002,187.2906,-0.007421437130377462,0.015447214734202372,97.52991123118493,20.04976804019742,265.2523746338283,154.82062536617175
2023-06-15,255.9,248.4,258.95,247.29,160.17M,-0.35%,255.9,160170000.0,237.79500000000002,188.55700000000002,-0.0034658670508976863,0.017613846326039663,96.35301752109024,20.56931373288822,270.22106930633345,158.0559306936666
2023-06-16,260.54,258.92,263.6,257.21,167.92M,1.81%,260.54,167920000.0,242.452,190.05740000000003,0.01813208284486123,0.01728900829358004,96.1501575558296,21.11209951795493,275.1786089987288,161.46339100127122
2023-06-20,274.45,261.5,274.75,261.12,165.61M,5.34%,274.45,165610000.0,248.13600000000002,191.8452,0.05338911491517595,0.020172476024688937,96.43898111772909,22.406394939098874,282.15938479358465,163.9136152064154
2023-06-21,259.46,275.13,276.99,257.78,211.80M,-5.46%,259.46,211800000.0,251.95099999999996,193.34420000000003,-0.05461832756421936,0.03202802282107941,80.46746406232855,21.969317050375764,285.52874092036257,167.6032590796375
2023-06-22,264.61,250.77,265.0,248.25,166.88M,1.98%,264.61,166880000.0,255.955,194.90059999999997,0.019848916981423104,0.032037590512534235,80.79620239508039,21.78734073242603,288.5209167468191,172.49508325318084
2023-06-23,256.6,259.29,262.45,252.8,177.46M,-3.03%,256.6,177460000.0,258.129,196.4218,-0.03027096481614444,0.03343914810955984,72.61538461538464,20.75750355189649,288.73184027871383,179.65415972128625
2023-06-26,241.05,250.07,258.37,240.7,179.99M,-6.06%,241.05,179990000.0,257.794,197.52480000000003,-0.0606001558846454,0.037953005803421126,61.03993971363979,18.473642472542593,286.31891165729405,187.725088342706
2023-06-27,250.21,243.24,250.39,240.85,164.97M,3.80%,250.21,164970000.0,257.832,198.829,0.03800041485169059,0.03931672148762276,62.945708654363024,17.204479034615247,284.904115022583,194.84388497741705
2023-06-28,256.24,249.7,259.88,248.89,159.77M,2.41%,256.24,159770000.0,257.585,200.213,0.024099756204787992,0.03834941173212127,63.84299326864237,16.495083417611028,284.30093788033946,200.95506211966057
2023-06-29,257.5,258.03,260.74,253.61,131.28M,0.49%,257.5,131280000.0,257.656,201.67680000000001,0.004917265064002363,0.03829294428267659,60.74411541381929,15.851823792691931,283.22376243449014,207.38923756550983
2023-06-30,261.77,260.6,264.45,259.89,112.62M,1.66%,261.77,112620000.0,258.243,203.3004,0.01658252427184448,0.03856034244318228,58.67719052852432,15.507824670117799,282.12483645066754,213.91316354933244
2023-07-03,279.82,276.49,284.25,275.11,119.69M,6.90%,279.82,119690000.0,260.171,205.637,0.0689536616113382,0.043779753588472504,63.304054653535616,16.50146838126207,284.27207119777955,218.3509288022205
2023-07-05,282.48,278.82,283.85,277.6,131.53M,0.95%,282.48,131530000.0,260.97400000000005,207.985,0.0095061110714032,0.0408277935994017,61.16067236360223,17.30410697681654,286.2963059791629,222.81369402083712
2023-07-06,276.54,278.09,279.97,272.88,120.71M,-2.10%,276.54,120710000.0,262.682,210.2648,-0.0210280373831776,0.03667226949817633,58.935842910143876,17.261910925164756,286.3763926176105,228.25660738238952
2023-07-07,274.43,278.43,280.78,273.77,113.88M,-0.76%,274.43,113880000.0,263.664,212.54,-0.007629999276777322,0.0366320798155508,58.292311823145084,16.863815318598114,285.38706045730424,234.23193954269578
2023-07-10,269.61,276.47,277.52,265.1,119.43M,-1.76%,269.61,119430000.0,264.96500000000003,214.85719999999998,-0.017563677440513015,0.03550445626809059,54.05236350638906,15.9752353952926,284.5833521417711,238.51064785822882
2023-07-11,269.79,268.65,270.9,266.37,91.97M,0.07%,269.79,91970000.0,267.839,217.0492,0.0006676310225881554,0.027123032597819792,47.626807903850086,15.111359553440224,284.64064913032905,240.992350869671
2023-07-12,271.99,276.33,276.52,271.46,95.67M,0.82%,271.99,95670000.0,270.017,219.2028,0.008154490529671099,0.02549457481578001,57.33692469844245,14.437823101237512,285.21618206748445,242.63281793251545
2023-07-13,277.9,274.59,279.45,270.6,112.68M,2.17%,277.9,112680000.0,272.183,221.52419999999998,0.021728740027206817,0.025345681529840847,57.71329077190944,14.217042996506166,286.9033956607088,242.86460433929122
2023-07-14,281.38,277.01,285.3,276.31,120.06M,1.25%,281.38,120060000.0,274.571,223.9456,0.012522490104354134,0.025342705606245828,65.18010291595195,14.159656384576977,288.96048416121573,243.26651583878436
2023-07-17,290.38,286.63,292.23,283.57,131.57M,3.20%,290.38,131570000.0,277.432,226.541,0.03198521572251045,0.02629224935693504,82.85600106567203,14.671280476261188,292.5656266449382,243.10937335506176
2023-07-18,293.34,290.15,295.26,286.01,112.44M,1.02%,293.34,112440000.0,278.784,229.18380000000002,0.010193539499965487,0.016621671122507065,81.3126179758966,15.141056838962356,296.4193991828458,242.53560081715415
2023-07-19,291.26,296.04,299.29,289.52,142.36M,-0.71%,291.26,142360000.0,279.662,231.6078,-0.007090747937546826,0.016931224429655584,76.97165742452249,15.1706416605777,298.91128563067866,241.7247143693213
2023-07-20,262.9,279.56,280.93,261.2,175.16M,-9.74%,262.9,175160000.0,278.298,233.43,-0.09737004738034749,0.03578268064204676,52.93414475114104,12.758599664286805,298.84869791383414,242.13130208616585
2023-07-21,260.02,268.0,268.0,255.8,161.80M,-1.10%,260.02,161800000.0,276.857,235.24740000000003,-0.010954735640928082,0.0358310244691611,49.034536025598584,10.493682434551374,298.89253173112786,241.62846826887213
2023-07-24,269.06,255.85,269.85,254.12,137.00M,3.48%,269.06,137000000.0,276.802,237.25779999999997,0.03476655641873716,0.037536145912238965,43.408478314138705,9.320728110005916,298.79722895566283,242.96977104433722
2023-07-25,265.28,272.38,272.9,265.0,112.76M,-1.40%,265.28,112760000.0,276.351,239.1218,-0.014048911023563648,0.037814572729589005,39.60599468213678,7.993989216302168,296.4307830538034,247.75921694619652
2023-07-26,264.35,263.25,268.04,261.75,95.86M,-0.35%,264.35,95860000.0,275.587,241.04919999999998,-0.0035057297949334654,0.03768007229184343,42.15875466357905,6.789233795693235,295.20561305446995,250.39838694552995
2023-07-27,255.71,268.31,269.13,255.3,103.70M,-3.27%,255.71,103700000.0,273.368,242.8364,-0.03268394174390021,0.03777295655503262,38.891526228340844,5.078736143698222,295.26269633362614,250.2883036663738
2023-07-28,266.44,259.86,267.25,258.23,111.45M,4.20%,266.44,111450000.0,271.87399999999997,244.8348,0.041961597121739524,0.0405613861144035,48.24220916047465,4.536679736651479,294.76683849187094,251.678161508129
2023-07-31,267.43,267.48,269.08,263.78,84.58M,0.37%,267.43,84580000.0,269.579,246.70620000000002,0.003715658309563219,0.038663168143681516,48.70301165091229,4.139265973447891,294.5595382174737,252.45146178252642
2023-08-01,261.07,266.26,266.47,260.25,83.65M,-2.38%,261.07,83650000.0,266.352,248.3898,-0.023781924241857766,0.03842750424281603,44.26108892158923,3.2733803644028967,294.10247722777046,251.03352277222947
2023-08-02,254.11,255.57,259.52,250.49,101.75M,-2.67%,254.11,101750000.0,262.637,249.86919999999998,-0.026659516604741973,0.03870923871703482,37.633849672523155,2.0024628033060594,293.6506919918104,248.64830800818956
2023-08-03,259.32,252.04,260.49,252.0,97.83M,2.05%,259.32,97830000.0,262.279,251.27820000000003,0.02050293180118845,0.02596249455035335,38.735702614379086,1.3995221180785506,293.23464039325677,247.34235960674323
2023-08-04,253.86,260.97,264.77,253.11,99.54M,-2.11%,253.86,99540000.0,261.66299999999995,252.64,-0.021055067098565416,0.026578975730350334,30.652680652680658,0.4756281667683311,293.2450075979426,245.27499240205736
2023-08-07,251.45,251.45,253.65,242.76,111.10M,-0.95%,251.45,111100000.0,259.902,254.01100000000002,-0.009493421570944682,0.02323664788827256,27.677715016519244,-0.4458913468424157,293.6217744142493,243.08222558575065
2023-08-08,249.7,247.45,250.92,245.01,96.64M,-0.70%,249.7,96640000.0,258.344,255.3156,-0.0069596341220918845,0.02308858348135843,27.775401069518708,-1.3023993264880005,293.9392121041737,240.75578789582624
2023-08-09,242.19,250.87,251.1,241.9,101.60M,-3.01%,242.19,101600000.0,256.12800000000004,256.296,-0.03007609130957145,0.024293182237820232,35.74673090158295,-2.5576987484155325,294.6059955212707,237.10900447872925
2023-08-10,245.34,245.4,251.8,243.0,109.50M,1.30%,245.34,109500000.0,255.09100000000004,257.1796,0.013006317354143482,0.023513652579422,39.934174437740005,-3.260765831140361,293.7830171831445,234.67598281685554
2023-08-11,242.65,241.77,243.79,238.02,99.04M,-1.10%,242.65,99040000.0,252.712,257.95399999999995,-0.010964375968044338,0.017140701391958158,30.163737419257913,-3.9890290346297093,292.18837482269043,232.39762517730955
2023-08-14,239.76,235.7,240.66,233.75,98.60M,-1.19%,239.76,98600000.0,249.945,258.5988,-0.011910158664743542,0.01653642760115852,30.57247259439707,-4.744687908763751,288.1798265771347,231.34417342286534
2023-08-15,232.96,238.73,240.5,232.61,88.20M,-2.84%,232.96,88200000.0,247.13400000000001,258.97860000000003,-0.02836169502836161,0.016994849403166985,28.06429070580012,-5.825107962187701,282.87847305059984,230.60752694940024
2023-08-16,225.6,228.02,233.97,225.38,112.49M,-3.16%,225.6,112490000.0,244.283,259.1384,-0.0315934065934067,0.017555983815112586,28.575494521132754,-7.192330420429386,277.77135926832074,229.14864073167922
2023-08-17,219.22,226.06,226.74,218.83,120.72M,-2.83%,219.22,120720000.0,240.273,259.0966,-0.02828014184397165,0.014042543843339857,14.183859223300956,-8.690498096596798,279.5428385959627,223.0091614040373
2023-08-18,215.49,214.12,217.58,212.36,136.28M,-1.70%,215.49,136280000.0,236.436,258.915,-0.017014870905939228,0.013956986079608684,12.175939411593333,-10.062789032664142,281.16885469954946,216.93014530045053
2023-08-21,231.28,221.55,232.13,220.58,135.70M,7.33%,231.28,135700000.0,234.419,258.8434,0.0732748619425494,0.03166325503782643,30.92585478294275,-9.763668950863206,278.764364170794,215.55663582920602
2023-08-22,233.19,240.25,240.82,229.55,130.60M,0.83%,233.19,130600000.0,232.76800000000003,258.6192,0.00825838810100299,0.03207584448027219,35.679079956188374,-9.265684055425282,276.53881452336367,214.57318547663633
2023-08-23,236.86,229.34,238.98,229.29,101.08M,1.57%,236.86,101080000.0,232.23499999999999,258.3598,0.01573823920408257,0.03158108191134637,34.29370629370631,-8.477169575461915,274.0736262472014,214.28937375279858
2023-08-24,230.04,238.66,238.92,228.18,99.78M,-2.88%,230.04,99780000.0,230.70499999999998,257.7864,-0.02879338005572918,0.032166678865888844,33.65358221246224,-8.306827238448335,272.9100660647241,212.8859339352759
2023-08-25,238.59,231.31,239.0,230.35,106.61M,3.72%,238.59,106610000.0,230.29899999999998,257.4224,0.03716744913928016,0.034826507950426654,41.860759493670905,-7.396652162572195,269.4301787476163,213.58082125238366
2023-08-28,238.82,242.58,244.38,235.35,107.67M,0.10%,238.82,107670000.0,230.205,257.0808,0.0009639968146191169,0.0346219621566393,42.978833247289636,-6.580912121215448,265.1986818454892,214.9513181545108
2023-08-29,257.18,238.58,257.48,237.77,134.05M,7.69%,257.18,134050000.00000001,232.627,257.0136,0.0768779834184743,0.040493907014711145,58.485225857579536,-4.402188019055984,264.3720946698732,215.38890533012673
2023-08-30,256.9,254.2,260.51,250.59,121.99M,-0.11%,256.9,121990000.0,235.757,256.6626,-0.0010887316276538828,0.0380313360972159,56.76339808097354,-2.6673792436426425,264.8818371679991,215.15816283200098
2023-08-31,258.08,255.98,261.18,255.05,108.86M,0.46%,258.08,108860000.0,239.64299999999997,256.635,0.004593226936551176,0.03532279006853208,59.189994044073835,-1.1836700407559704,264.6225866737951,215.29341332620487
2023-09-01,245.01,257.26,259.08,242.01,132.54M,-5.06%,245.01,132539999.99999999,242.59499999999997,256.243,-0.050643211407315536,0.04018657593440731,52.788696483586534,-1.0503517759215697,263.4362669961456,215.59473300385434
2023-09-05,256.49,245.0,258.0,244.86,129.47M,4.69%,256.49,129470000.0,245.11599999999999,256.24080000000004,0.04685523039875927,0.036532348873768605,61.90668960631513,-0.01814684733710692,264.3156094780647,215.21939052193537
2023-09-06,251.92,255.13,255.39,245.06,116.96M,-1.78%,251.92,116960000.0,246.98900000000003,256.4582,-0.01781745877032248,0.03766235648192868,63.70547802541136,0.426209114913803,264.6349058908247,215.12209410917538
2023-09-07,251.49,245.07,252.81,243.26,115.31M,-0.17%,251.49,115310000.0,248.452,256.48380000000003,-0.0017068910765321021,0.037687947397137204,67.91384478738757,0.735192172347837,265.62647806825134,215.06052193174864
2023-09-08,248.5,251.22,256.52,246.67,118.56M,-1.19%,248.5,118560000.0,250.298,256.329,-0.011889140721301095,0.036274622204213354,68.47643568789877,0.730376138458837,265.9548705967701,215.0481294032299
2023-09-11,273.58,264.27,274.85,260.61,174.67M,10.09%,273.58,174670000.0,253.79699999999997,256.6506,0.10092555331991937,0.046161917426174585,71.44595416751163,2.7189632784209437,271.49604423851207,212.59995576148796
2023-09-12,267.48,270.76,278.39,266.6,136.00M,-2.23%,267.48,136000000.0,256.66299999999995,256.7648,-0.02229695153154454,0.04749809504641483,66.67639334695069,3.7593781227967042,274.9643412103609,211.90365878963905
2023-09-13,271.3,270.07,274.98,268.1,111.67M,1.43%,271.3,111670000.0,258.075,256.5944,0.014281441603110512,0.04184167845715975,66.72494172494171,4.8364053869339045,278.80350515361005,211.8984948463899
2023-09-14,276.04,271.32,276.71,270.42,107.71M,1.75%,276.04,107710000.0,259.989,256.4656,0.01747143383708072,0.04189792790379691,72.79936558287075,6.0032340937430035,282.6356115547285,213.11038844527152
2023-09-15,274.39,277.55,278.98,271.0,133.69M,-0.60%,274.39,133690000.0,261.62,256.4226,-0.005977394580495732,0.042125520770690865,69.04660566077887,6.717379273223116,284.56659735703226,216.6964026429678
2023-09-18,265.28,271.16,271.44,263.76,101.54M,-3.32%,265.28,101540000.0,263.64700000000005,256.2396,-0.033200918400816404,0.039772642496615176,62.86214271825781,6.473619749759109,283.29857194375865,222.94342805624137
2023-09-19,266.5,264.35,267.85,261.2,103.70M,0.46%,266.5,103700000.0,264.648,256.17740000000003,0.004598914354644323,0.03744062630574167,55.436304246383564,6.306188559013719,283.7763765062319,225.98762349376807
2023-09-20,262.59,267.04,273.93,262.46,122.52M,-1.47%,262.59,122520000.0,265.715,256.03340000000003,-0.014671669793621112,0.03724555680582361,53.184107442641306,5.7912360470734825,283.5408371830811,229.16316281691883
2023-09-21,255.7,257.85,260.86,254.21,119.95M,-2.62%,255.7,119950000.0,266.136,255.70759999999999,-0.026238622948322465,0.03850494182497042,48.74815905743741,4.772156602709174,282.89867013322475,231.6893298667752
2023-09-22,244.88,257.4,257.79,244.48,127.52M,-4.23%,244.88,127520000.0,265.774,255.0472,-0.04231521314039888,0.04087963625300821,49.929964443486696,3.056215082449853,281.04360277088495,235.02839722911506
2023-09-25,246.99,243.38,247.1,238.31,104.64M,0.86%,246.99,104640000.0,263.115,254.3594,0.00861646520744852,0.020921629865186166,44.307286673058485,1.8453068818769225,280.24325209116296,236.66874790883708
2023-09-26,244.12,242.98,249.55,241.66,101.99M,-1.16%,244.12,101990000.0,260.779,253.43419999999998,-0.011619903639823459,0.020490836196850874,45.228774161977015,0.6466146235148926,279.6131772315227,237.82882276847718
2023-09-27,240.5,244.26,245.33,234.58,136.60M,-1.48%,240.5,136600000.0,257.69899999999996,252.37739999999997,-0.014828772734720608,0.01883134807149431,43.5299658542329,-0.5886754891449755,280.313552026318,235.460447973682
2023-09-28,246.38,240.02,247.55,238.65,117.06M,2.44%,246.38,117060000.0,254.733,251.47979999999998,0.024449064449064473,0.02012217501691004,48.79298565247096,-1.0807269963383703,280.3709153913148,234.35108460868523
2023-09-29,250.22,250.0,254.77,246.35,128.52M,1.56%,250.22,128520000.00000001,252.31599999999997,251.22619999999998,0.015585680655897383,0.0218182293396839,32.457194352658476,-1.1475966729561264,280.1936886816412,233.74231131835873
2023-10-02,251.6,244.81,254.28,242.62,123.81M,0.55%,251.6,123810000.0,250.948,251.0578,0.0055151466709295605,0.020430162763405438,37.164565147106366,-1.0768239503865118,279.9897438638981,234.60525613610187
2023-10-03,246.53,248.61,250.02,244.45,101.99M,-2.02%,246.53,101990000.0,248.95099999999996,250.6072,-0.02015103338632751,0.020624105421332327,30.37553478054194,-1.4135481825569514,279.99787605477206,233.60112394522787
2023-10-04,261.16,248.14,261.86,247.6,129.72M,5.93%,261.16,129720000.0,248.808,250.5248,0.059343690423072415,0.029262709297797576,39.80821917808221,-0.4941891259091449,280.4187094264556,234.1042905735443
2023-10-05,260.05,260.0,263.6,256.25,119.16M,-0.43%,260.05,119160000.0,249.243,250.4388,-0.004250268034921123,0.027879171104777216,40.10488545404364,0.14319120765713933,280.71360405136534,234.6653959486347
2023-10-06,260.53,253.98,261.65,250.65,118.12M,0.18%,260.53,118120000.0,250.80800000000005,250.5352,0.001845798884829719,0.02317410900901412,46.279179069403106,0.6792220535264164,280.9296022443662,235.6523977556338
2023-10-09,259.67,255.31,261.36,252.05,101.38M,-0.33%,259.67,101380000.0,252.07600000000002,250.3998,-0.003300963420719172,0.023356067849125375,44.61950527808414,1.022844829594618,279.0817437999585,236.10925620004153
2023-10-10,263.62,257.75,268.94,257.65,122.66M,1.52%,263.62,122660000.0,254.026,250.32359999999997,0.01521161474178756,0.02273452009305136,50.81089592190208,1.5955083170600517,278.582058044186,236.22294195581404
2023-10-11,262.99,266.2,268.6,260.9,103.71M,-0.24%,262.99,103710000.0,256.275,250.36199999999997,-0.0023898035050451405,0.021665361539669307,56.366812227074256,1.9757374503499818,277.32804908539407,236.64595091460586
2023-10-12,258.87,262.92,265.41,256.63,111.51M,-1.57%,258.87,111510000.0,257.524,250.4572,-0.015665994904749292,0.022231661922738444,63.837784371909024,1.9224612732939192,274.4308740478974,237.82612595210253
2023-10-13,251.12,258.9,259.6,250.22,102.30M,-2.99%,251.12,102300000.0,257.61400000000003,250.29319999999998,-0.029937806621083918,0.02441641848669845,53.67503114433173,1.2405786699219163,271.22388129768797,238.706118702312
2023-10-16,253.92,250.05,255.4,248.48,88.92M,1.12%,253.92,88920000.0,257.846,250.29440000000002,0.011150047785918993,0.024606175130627937,58.7312900926586,0.9155643377081901,269.91546858965467,238.87853141034535
2023-10-17,254.85,250.1,257.18,247.08,93.56M,0.37%,254.85,93560000.0,258.678,250.36239999999998,0.0036625708884687747,0.023436326969773602,63.42878532659556,0.7246777316979944,268.2574556313138,239.37154436868622
2023-10-18,242.68,252.7,254.63,242.08,125.15M,-4.78%,242.68,125150000.0,256.83,250.222,-0.04775358053757106,0.01920390350297435,46.902210314802424,-0.40396194801601837,267.45847353093126,238.17952646906878
2023-10-19,220.11,225.95,230.61,216.78,170.77M,-9.30%,220.11,170770000.0,252.836,249.78040000000001,-0.09300313169606067,0.033157913578129146,30.809432759719556,-3.084076090834486,271.64220035953883,230.43679964046115
2023-10-20,211.99,217.01,218.86,210.42,138.01M,-3.69%,211.99,138010000.0,247.98199999999997,249.1134,-0.03689064558629773,0.03310172240272898,26.751966193215154,-5.796483740155679,276.34163302861094,222.44836697138902
2023-10-23,212.08,210.0,216.98,202.51,150.68M,0.04%,212.08,150680000.0,243.223,248.502,0.00042454832775140616,0.03332937678616451,28.525121555915703,-7.84835316637421,279.35460400550176,215.94439599449834
2023-10-24,216.52,216.5,222.05,214.11,118.23M,2.09%,216.52,118230000.0,238.513,248.0372,0.020935496039230506,0.0340338117452522,18.12339331619532,-9.012315216358814,280.89004484352955,211.6489551564705
2023-10-25,212.42,215.88,220.1,212.2,107.07M,-1.89%,212.42,107070000.0,233.456,247.6264,-0.01893589506743032,0.03353802279412137,17.38118066018349,-10.148612375562038,282.60795771987466,207.1230422801254
2023-10-26,205.76,211.32,214.8,204.88,115.11M,-3.14%,205.76,115110000.0,228.14499999999998,247.22960000000003,-0.03135297994539121,0.033648212147425915,15.418613461295607,-11.45450203162656,284.4107824469065,201.2582175530935
2023-10-27,207.3,210.6,212.41,205.77,94.88M,0.75%,207.3,94880000.0,223.763,246.9912,0.007484447900466762,0.03475123479082997,17.215475147114063,-12.224250314507572,285.00040467345275,196.37659532654732
2023-10-30,197.36,209.28,210.88,194.67,136.45M,-4.79%,197.36,136450000.0,218.10700000000003,246.6286,-0.04794983116256635,0.034182912056248634,11.413929652923372,-13.480956230559542,285.9634224619386,189.98957753806138
2023-10-31,200.84,196.12,202.8,194.07,118.07M,1.76%,200.84,118070000.0,212.70600000000005,246.0198,0.017632752330766,0.03570595341317334,14.970127381354985,-14.034318914297614,286.24601680120514,185.13798319879487
2023-11-01,205.66,204.04,205.99,197.85,121.66M,2.40%,205.66,121660000.0,209.004,245.46920000000003,0.023999203345947073,0.037337933314386805,20.243820601722405,-13.92342849370155,283.6773355718627,182.15666442813728
2023-11-02,218.51,212.97,219.2,211.45,125.99M,6.25%,218.51,125990000.0,208.844,245.1022,0.06248176602158906,0.033807545388996184,32.747857369590506,-12.652805759688079,280.3087329213292,181.37126707867083
2023-11-03,219.96,221.15,226.37,218.4,119.54M,0.66%,219.96,119540000.0,209.641,244.90060000000003,0.0066358519060913945,0.03126785842110014,31.77329325890942,-11.39744258335628,276.44733537189876,181.1756646281013
2023-11-06,219.27,223.98,226.32,215.0,117.34M,-0.31%,219.27,117340000.0,210.35999999999999,244.51420000000002,-0.0031369339879978586,0.031335034894499764,30.854498493327597,-10.339053284710502,272.2962853007005,181.28671469929944
2023-11-07,222.18,219.98,223.12,215.72,116.90M,1.33%,222.18,116900000.0,210.92600000000002,244.1814,0.01327130934464349,0.030960279668796612,37.74802773129333,-9.159870178538341,266.8091784322001,182.62982156779992
2023-11-08,222.11,223.15,224.15,217.64,106.59M,-0.03%,222.11,106590000.0,211.89499999999998,243.48,-0.00031505986137359,0.030039788140712793,51.63505559189012,-8.137206831212126,260.7154775720742,184.63552242792582
2023-11-09,209.98,219.75,220.8,206.68,142.11M,-5.46%,209.98,142110000.0,212.317,242.5416,-0.05461257935257313,0.03381930244386284,48.457879392358436,-8.210878489788882,254.5823173883548,185.8796826116452
2023-11-10,214.65,210.03,215.38,205.69,131.31M,2.22%,214.65,131310000.0,213.052,241.673,0.022240213353652782,0.03437588980966499,51.84229390681003,-7.802491572835777,249.57960620511318,187.23539379488676
2023-11-13,223.71,215.6,225.4,211.61,140.45M,4.22%,223.71,140450000.0,215.68699999999998,241.247,0.04220824598183093,0.030874486344713063,54.83393841602796,-6.670877987498329,243.40190568296475,190.39209431703523
2023-11-14,237.41,235.03,238.13,230.72,149.77M,6.12%,237.41,149770000.0,219.344,240.86539999999997,0.0612399982119709,0.03446584595164935,64.88031439799929,-4.6153872526897715,238.03967405354692,194.0103259464531
2023-11-15,242.84,239.29,246.7,236.45,150.35M,2.29%,242.84,150350000.0,223.06199999999998,240.68379999999996,0.02287182511267427,0.03444370258623578,72.4075416968818,-2.5192006399173863,238.08853669596522,193.97746330403476
2023-11-16,233.59,239.49,240.88,230.96,136.82M,-3.81%,233.59,136820000.0,224.57,240.3258,-0.03809092406522818,0.034464592524006014,64.53289110005527,-1.5860720898544969,240.07212299627975,193.3418770037203
2023-11-17,234.3,232.0,237.39,226.54,142.77M,0.30%,234.3,142770000.0,226.004,240.0418,0.003039513677811634,0.03449024923759041,72.74070426003446,-0.7802753957612936,242.34119050765617,193.30380949234393
2023-11-20,235.6,234.04,237.1,231.02,116.56M,0.55%,235.6,116560000.0,227.637,239.2822,0.005548442168160417,0.03431914388114647,71.98886639676113,-0.03635746852859256,244.59020529682806,193.4067947031719
2023-11-21,241.2,235.04,243.62,233.34,122.29M,2.38%,241.2,122290000.0,229.53900000000004,238.7566,0.02376910016977929,0.03466594065171505,72.26259082936606,0.9936221892010337,247.63688526182708,192.8281147381729
2023-11-22,234.21,242.04,244.01,231.4,118.12M,-2.90%,234.21,118120000.0,230.74899999999997,238.0148,-0.028980099502487477,0.036631877135661225,60.61384532179557,1.2316561411065834,249.14795047792072,193.49604952207923
2023-11-24,235.45,233.75,238.75,232.33,65.13M,0.53%,235.45,65129999.99999999,233.296,237.203,0.005294393919986318,0.029914617898578875,60.501694915254234,1.503031389566985,250.30270626462976,195.31029373537024
2023-11-27,236.08,236.89,238.33,232.1,112.03M,0.27%,236.08,112030000.0,235.439,236.4368,0.0026757273306434737,0.029803803148199838,61.40588953725065,1.7487751723828069,251.33411207611462,197.15688792388536
2023-11-28,246.72,236.68,247.0,234.01,148.55M,4.51%,246.72,148550000.0,237.73999999999995,236.0656,0.04506946797695699,0.030159429074156537,65.07000736919676,2.7701553421400718,252.44886929269276,200.9781307073072
2023-11-29,244.14,249.21,252.75,242.76,135.40M,-1.05%,244.14,135400000.0,238.413,235.6184,-0.01045719844357984,0.02472107244164764,63.12403193137136,3.3330012832075795,252.6602676957903,205.09673230420964
2023-11-30,240.08,245.14,245.22,236.91,132.35M,-1.66%,240.08,132350000.0,238.137,235.16819999999998,-0.016629802572294516,0.024359421776640838,69.83917743211181,3.412119883380626,252.18705633277528,209.01194366722467
2023-12-01,238.83,233.14,240.19,231.9,121.33M,-0.52%,238.83,121330000.0,238.661,234.8308,-0.0052065978007330704,0.02072601035765223,66.68967421314193,3.335507733848033,252.71450119860276,210.51649880139718
2023-12-04,235.58,235.75,239.37,233.29,104.10M,-1.36%,235.58,104100000.0,238.789,234.6448,-0.013608005694426994,0.02132981788434517,58.90739906948823,2.978213226563554,252.8246264050511,211.96837359494884
2023-12-05,238.72,233.87,246.66,233.7,137.97M,1.33%,238.72,137970000.0,239.10100000000003,234.4794,0.013328805501315877,0.021663682642123587,51.16818262885678,2.914826211151876,253.00238284924322,213.73561715075678
2023-12-06,239.37,242.92,246.57,239.17,126.44M,0.27%,239.37,126440000.0,238.91800000000003,234.38440000000003,0.0027228552278819596,0.02023803105270887,46.617274322480014,2.8837984787222126,253.29638236523476,215.16061763476523
2023-12-07,242.64,241.55,244.08,236.98,107.14M,1.37%,242.64,107140000.0,239.76100000000002,234.4272,0.01366085975686171,0.01795219266269225,59.98675789009048,3.087479902274822,253.7786457705084,216.73135422949164
2023-12-08,243.84,240.27,245.27,239.27,103.13M,0.49%,243.84,103130000.0,240.6,234.3764,0.004945598417408492,0.01794905699032773,60.41484716157206,3.3076009047473462,251.51109336716436,222.38490663283565
2023-12-11,239.74,242.74,243.44,237.45,97.91M,-1.68%,239.74,97910000.0,240.96599999999998,234.1668,-0.01681430446194221,0.019088614704259682,54.259259259259274,3.115301394949512,248.32300107973697,228.08199892026306
2023-12-12,237.01,238.55,238.99,233.87,95.33M,-1.14%,237.01,95330000.0,239.99500000000003,233.875,-0.011387336280971105,0.011790482532021905,45.418762300459214,2.7113595978720184,246.39375684553463,231.3412431544654
2023-12-13,239.29,234.19,240.3,228.2,146.29M,0.96%,239.29,146290000.0,239.51,233.7302,0.009619847263828474,0.012258363637547327,56.1921014139444,2.545862638932391,246.4580122416473,231.46498775835275
2023-12-14,251.05,241.22,253.88,240.79,160.83M,4.91%,251.05,160830000.0,240.60700000000003,233.528,0.04914538844080418,0.01918702237487963,65.1338766006985,3.3253067578380353,248.48714552239463,230.2568544776054
2023-12-15,253.5,251.21,254.13,248.3,135.93M,0.98%,253.5,135930000.0,242.074,233.39700000000002,0.009759012148974344,0.01891532892579034,66.32308845577211,4.093528711307272,251.03971059326804,229.69528940673197
2023-12-18,252.08,253.78,258.74,251.36,116.42M,-0.56%,252.08,116420000.0,243.72400000000002,233.22799999999998,-0.005601577909270183,0.01814026011145137,56.07159039420028,4.53548575506457,252.73249833977118,229.78050166022885
2023-12-19,257.22,253.48,258.34,253.01,106.74M,2.04%,257.22,106740000.0,245.57399999999998,233.17899999999997,0.020390352269120893,0.018549511457121498,64.0042826552463,5.240090438862268,255.51670351397806,229.15829648602195
2023-12-20,247.14,256.41,259.84,247.0,125.10M,-3.92%,247.14,125100000.0,246.35100000000003,232.84940000000003,-0.03918824352694206,0.023781768344379495,56.69575113808798,4.9283124510814105,255.9725350087421,229.29646499125784
2023-12-21,254.5,251.9,254.8,248.55,109.59M,2.98%,254.5,109590000.0,247.53699999999998,232.67960000000002,0.029780691106255697,0.025062401840808164,63.3180350161482,5.215001350101176,257.37008465866387,229.9279153413362
2023-12-22,252.54,256.76,258.22,251.37,93.37M,-0.77%,252.54,93370000.0,248.407,232.553,-0.007701375245579567,0.025386098365487383,64.73757386166142,5.223831668705259,258.20326300216476,230.80373699783522
2023-12-26,256.61,254.49,257.97,252.91,86.89M,1.61%,256.61,86890000.0,250.094,232.66279999999998,0.016116258810485506,0.024536522061480503,65.29844364631433,5.49589152893688,259.64258937782364,231.4174106221763
2023-12-27,261.44,258.35,263.34,257.52,106.49M,1.88%,261.44,106490000.0,252.53699999999998,232.8132,0.018822337399166056,0.023858709318869485,67.61372705506781,6.031711743888309,262.07347777742876,230.45852222257128
2023-12-28,253.18,263.66,265.13,252.71,113.62M,-3.16%,253.18,113620000.0,253.92600000000002,232.77980000000002,-0.031594247246022,0.027269514552709873,57.79124778237729,5.723859071911335,262.784376265838,230.65162373416203
2023-12-29,248.48,255.1,255.19,247.43,100.89M,-1.86%,248.48,100890000.0,253.66899999999995,232.8958,-0.018563867604076245,0.023511405244199396,53.261175147596276,5.042506020397639,262.9102188807011,231.36578111929887
2024-01-02,248.42,250.08,251.25,244.41,104.65M,-0.02%,248.42,104650000.0,253.16099999999997,233.46200000000002,-0.00024146812620740032,0.023224346779963673,56.46795827123693,4.446431623680098,262.90179517338174,232.33320482661827
2024-01-03,238.45,244.98,245.68,236.32,121.08M,-4.01%,238.45,121080000.0,251.798,233.9912,-0.04013364463408742,0.026228936608316218,50.96852300242131,3.1334225479193094,262.6173350300809,232.90466496991917
2024-01-04,237.93,239.25,242.7,237.73,102.63M,-0.22%,237.93,102630000.0,249.869,234.5082,-0.002180750681484489,0.0247060595900426,49.06310278313586,2.02752173303071,262.6828780324966,232.76012196750344
2024-01-05,237.49,236.86,240.12,234.9,92.49M,-0.18%,237.49,92490000.0,248.904,234.92759999999998,-0.001849283402681423,0.022063057356856288,38.93241919686582,1.102869849764346,262.83146606843815,232.42353393156185
2024-01-08,240.45,236.14,241.25,235.3,85.17M,1.25%,240.45,85170000.0,247.49900000000002,235.4882,0.012463682681375987,0.019690487882260077,39.43661971830985,0.6019845298289965,262.9036687930755,232.13233120692442
2024-01-09,234.96,238.11,238.96,232.04,96.71M,-2.28%,234.96,96710000.0,245.74099999999999,236.07219999999998,-0.02283218964441669,0.020446458358889787,36.99878493317133,-0.23525592914973004,263.3909094080733,230.75709059192667
2024-01-10,233.94,235.1,235.5,231.29,91.63M,-0.43%,233.94,91630000.0,243.47400000000002,236.605,-0.00434116445352406,0.018836737857561257,31.140635126377163,-0.9699000958236468,263.8392025092425,229.72879749075753
2024-01-11,227.22,230.57,230.93,225.37,105.87M,-2.87%,227.22,105870000.0,240.052,237.20219999999998,-0.02872531418312385,0.016924823743109253,32.93351610692255,-2.070491393407792,265.01182377968,227.5771762203199
2024-01-12,218.89,220.08,225.34,217.15,123.04M,-3.67%,218.89,123040000.0,236.623,237.5632,-0.03666050523721509,0.01757981630606399,19.98988707230741,-3.5736841035559905,267.494652517353,223.05434748264696
2024-01-16,219.91,215.1,223.49,212.18,115.36M,0.47%,219.91,115360000.0,233.76600000000002,237.8482,0.004659874822970478,0.018466519699015874,22.05857167323171,-4.629305923717055,268.455106466348,218.9798935336519
2024-01-17,215.55,214.86,215.67,212.01,103.16M,-1.98%,215.55,103160000.0,230.47899999999998,237.789,-0.01982629257423485,0.018118027005672752,15.013633265166973,-5.751410701065822,269.0904165911034,214.54958340889658
2024-01-18,211.88,216.88,217.45,208.74,108.60M,-1.70%,211.88,108600000.0,227.82199999999997,237.62740000000002,-0.0170262120157737,0.015721558856002824,6.919332406119594,-6.85777301151208,269.6967800382097,209.92321996179032
2024-01-19,212.19,209.99,213.19,207.56,102.26M,0.15%,212.19,102260000.0,225.248,237.48579999999998,0.001463092316405623,0.016004627597717556,8.654428081500896,-7.621700485377289,268.68190278716855,206.43509721283147
2024-01-22,208.8,212.26,217.8,206.27,117.95M,-1.60%,208.8,117950000.0,222.379,237.2182,-0.0159762477025307,0.015701547250861425,8.889349357646083,-8.403789526321503,268.9278583722208,202.35514162777926
2024-01-23,209.14,211.3,215.65,207.75,106.61M,0.16%,209.14,106610000.0,219.248,236.9588,0.0016283524904212587,0.014061880084739272,9.538524927894457,-8.893645162088944,267.42214277378093,199.32485722621908
2024-01-24,207.83,211.88,212.73,206.77,123.37M,-0.63%,207.83,123370000.0,216.535,236.9158,-0.006263746772496748,0.013849137168184363,11.609829488465337,-9.280584532994055,265.75436157109465,196.5216384289054
2024-01-25,182.63,189.7,193.0,180.06,198.08M,-12.13%,182.63,198080000.0,211.404,236.27540000000002,-0.1212529471202426,0.036835857269934644,7.171623296158572,-11.488236922928337,266.161876633026,188.71612336697405
2024-01-26,183.25,185.5,186.78,182.1,107.34M,0.34%,183.25,107340000.0,207.007,235.46620000000001,0.0033948420303346882,0.037747589870606724,8.10936051899904,-13.037500340421815,263.5646332417406,183.49436675825945
2024-01-29,190.93,185.63,191.48,183.67,125.01M,4.19%,190.93,125010000.0,204.21099999999998,234.5366,0.04190995907230555,0.04197081652930162,14.353584797005482,-13.490085635148347,260.42536391503165,180.4086360849683
2024-01-30,191.59,195.33,196.36,190.61,109.98M,0.35%,191.59,109980000.0,201.37900000000002,233.5116,0.003456764259152534,0.04191712242705001,16.447470215070396,-13.638292511242952,257.26823482324784,177.87676517675214
2024-01-31,187.29,186.99,193.97,185.85,103.22M,-2.24%,187.29,103220000.0,198.553,232.5856,-0.02244376011274085,0.04197366475166018,15.653070240023553,-13.942006815747362,253.62027808066844,175.41172191933154
2024-02-01,188.86,188.5,189.88,184.28,91.84M,0.84%,188.86,91840000.0,196.251,231.67680000000001,0.008382721981953223,0.04247638050973441,19.439133205863627,-13.895834184624078,251.03952891071734,173.0334710892827
2024-02-02,187.91,185.04,188.69,182.0,110.61M,-0.50%,187.91,110610000.0,193.823,230.72300000000004,-0.005030181086519203,0.04232134065653706,22.029613578909377,-13.77708543733803,247.95804517720637,171.11295482279365
2024-02-05,181.06,184.26,184.68,175.01,134.29M,-3.65%,181.06,134290000.0,191.049,229.52020000000002,-0.03645362141450692,0.04306592869153471,18.264989380820126,-14.073483593312318,244.77923397924235,168.64876602075765
2024-02-06,185.1,177.21,186.49,177.11,122.68M,2.23%,185.1,122680000.0,188.64499999999998,228.53800000000004,0.022313045399315,0.04433879298134515,24.99589423550664,-13.823043589094908,239.66008537027238,168.23291462972765
2024-02-07,187.58,188.18,189.79,182.68,111.54M,1.34%,187.58,111540000.0,186.62,227.5806,0.01339816315505149,0.045012775484180007,29.64824120603018,-13.27146759047335,234.83001957212372,168.3249804278763
2024-02-08,189.56,189.0,191.62,185.58,83.03M,1.06%,189.56,83030000.0,187.31300000000002,226.6502,0.01055549632156949,0.021962057242709478,31.56265276193581,-12.530130638955342,229.27356381670663,169.44343618329336
2024-02-09,193.57,190.18,194.12,189.48,84.48M,2.12%,193.57,84480000.0,188.345,225.58720000000002,0.02115425195188858,0.02262050422330554,37.71576060654943,-11.486631538604144,224.63192847593524,170.72007152406474
2024-02-12,188.13,192.11,194.73,187.28,95.50M,-2.81%,188.13,95500000.0,188.065,224.467,-0.028103528439324288,0.020949446733267353,34.341928752422135,-10.972133593444624,221.45800798203396,170.817992017966
2024-02-13,184.02,183.99,187.26,182.11,86.76M,-2.18%,184.02,86760000.0,187.308,223.34579999999997,-0.021846595439323768,0.021824003904742557,32.96608956932323,-10.771861601157838,217.57039754300874,171.11660245699127
2024-02-14,188.71,185.3,188.89,183.35,81.20M,2.55%,188.71,81200000.0,187.45,222.3434,0.025486360178241574,0.022528168085437894,56.15633859862293,-10.118066033398605,214.070674564796,171.93232543520398
2024-02-15,200.45,189.16,200.88,188.86,120.83M,6.22%,200.45,120830000.0,188.609,221.64079999999998,0.06221185946690677,0.029761727536674713,64.21487603305783,-8.55400322636902,211.9026431585106,172.9573568414894
2024-02-16,199.95,202.06,203.17,197.4,111.35M,-0.25%,199.95,111350000.0,189.813,220.86540000000002,-0.00249438762783738,0.029664459709321,58.45836459114777,-7.271002414862977,209.3482752853083,174.28772471469173
2024-02-20,193.76,196.13,198.6,189.13,104.55M,-3.10%,193.76,104550000.0,191.083,219.9532,-0.03095773943485869,0.028816522200212732,51.84367034834324,-6.676731096277223,206.7187991779428,175.4132008220572
2024-02-21,194.77,193.36,199.44,191.95,103.84M,0.52%,194.77,103840000.0,192.05,218.99580000000003,0.0052126341866227666,0.028321296468177624,56.73146148308137,-6.0544760051199376,203.6498415034132,177.04515849658685
2024-02-22,197.41,194.0,198.32,191.36,92.74M,1.36%,197.41,92740000.0,193.033,218.0672,0.013554448837089783,0.028326205400916068,57.549002295603024,-5.287359041904182,200.87029468535957,178.7827053146404
2024-02-23,191.97,195.31,197.57,191.5,78.84M,-2.76%,191.97,78840000.0,193.274,217.11180000000002,-0.027556861354541273,0.03007689450022944,53.321335078534034,-5.0600467881949385,200.83443629116888,179.7525637088311
2024-02-26,199.4,192.29,201.78,192.0,111.75M,3.87%,199.4,111750000.0,193.85700000000003,216.3596,0.03870396416106692,0.03180285500401962,64.86223662884927,-4.231582238557252,201.84251003790808,180.3594899620919
2024-02-27,199.73,204.04,205.6,198.26,108.65M,0.17%,199.73,108650000.0,195.017,215.5684,0.0016549648946839746,0.029858108059510464,62.614243835143995,-3.5079523807094404,202.95303040192582,180.12896959807418
2024-02-28,202.04,200.42,205.3,198.44,99.81M,1.16%,202.04,99810000.0,196.81900000000002,214.5882,0.011565613578330858,0.028168037243619996,62.50432376340366,-2.716755741304894,204.40410524830443,179.72289475169558
2024-02-29,201.88,204.18,205.28,198.45,85.91M,-0.08%,201.88,85910000.0,198.136,213.5558,-0.0007919223916056373,0.02775840814901585,61.0,-2.0786756877394623,205.65922686275783,179.92677313724218
2024-03-01,202.64,200.52,204.52,198.5,82.24M,0.38%,202.64,82240000.0,198.355,212.567,0.003764612641173004,0.019911363960088628,58.59715639810426,-1.4944400253991432,206.92438794574647,180.03961205425352
2024-03-04,188.14,198.73,199.75,186.72,134.34M,-7.16%,188.14,134340000.0,197.174,211.18540000000002,-0.07155546782471378,0.03051407612576801,50.008089305937546,-2.176370033247622,206.9161960582971,180.07080394170293
2024-03-05,180.74,183.05,184.59,177.57,119.66M,-3.93%,180.74,119660000.0,195.872,209.85739999999998,-0.039332412033591835,0.031388510150675786,47.48079877112135,-3.2761571330349284,206.9632146640339,179.99178533596609
2024-03-06,176.54,179.99,181.58,173.7,107.92M,-2.32%,176.54,107920000.0,194.04899999999998,208.2982,-0.02323780015491872,0.031500303274398414,40.58195325800958,-4.435521303716882,208.10650812525353,177.99249187474646
2024-03-07,178.65,174.35,180.04,173.7,102.13M,1.20%,178.65,102130000.0,192.173,206.8204,0.011951965560213162,0.03137481541499844,30.174608948708624,-5.124988716032192,208.82729640027424,176.37870359972578
2024-03-08,175.34,181.5,182.73,174.7,85.55M,-1.85%,175.34,85550000.0,190.51,205.195,-0.018527847746991344,0.03092357948847204,28.707388821595444,-5.870810891310185,209.83326628165403,173.95073371834596
2024-03-11,177.77,175.45,182.87,174.8,85.39M,1.39%,177.77,85390000.0,188.34699999999998,203.5216,0.013858788639215192,0.027512393362977443,35.20266518600779,-6.194394522752418,210.09289044778427,172.11110955221574
2024-03-12,177.54,177.77,179.43,172.41,87.39M,-0.13%,177.54,87390000.0,186.128,202.0088,-0.001293806604038994,0.027376379878324055,33.82159624413144,-6.395670649691425,210.48067750520354,170.6643224947965
2024-03-13,169.48,173.05,176.05,169.15,106.53M,-4.54%,169.48,106530000.0,182.87199999999999,200.42879999999997,-0.04539822011940975,0.027995523551834992,26.197375149139262,-7.123443448293898,211.72546678049434,167.9655332195057
2024-03-14,162.5,167.77,171.17,160.51,126.33M,-4.12%,162.5,126330000.0,178.934,198.71039999999996,-0.04118480056643847,0.028300465916847574,25.527321043016116,-8.169266085964836,213.60803143345268,163.46196856654737
2024-03-15,163.57,163.16,165.18,160.76,97.15M,0.66%,163.57,97150000.0,175.027,197.21280000000002,0.006584615384615411,0.028588295349617248,16.731662024141116,-8.810189621621959,213.44287186760585,159.9391281323941
2024-03-18,173.8,170.02,174.72,165.9,108.21M,6.25%,173.8,108210000.0,173.59300000000002,195.9302,0.06254203093476818,0.03321779745611176,29.662745098039238,-8.395868293471608,211.96241231784612,158.80458768215388
2024-03-19,171.32,172.36,172.82,167.42,77.27M,-1.43%,171.32,77270000.0,172.651,194.6068,-0.014269275028768846,0.031438968096748766,25.969962453066344,-8.173412913371237,211.2430603895028,157.27993961049722
2024-03-20,175.66,173.0,176.25,170.82,83.85M,2.53%,175.66,83850000.0,172.56300000000002,193.31099999999998,0.025332710716787332,0.03203689140039596,30.748898678414108,-7.559769377242759,210.0732992955715,156.53870070442846
2024-03-21,172.82,176.39,178.18,171.8,73.18M,-1.62%,172.82,73180000.0,171.98,192.0682,-0.016167596493225522,0.03210133479365023,28.754630948988336,-7.21939601557807,208.37086383473542,155.78213616526455
2024-03-22,170.83,166.69,171.2,166.3,75.58M,-1.15%,170.83,75580000.0,171.529,190.80599999999998,-0.011514870964008717,0.03179598328280878,34.992196982833406,-7.029195848854158,207.3389020688715,154.70009793112848
2024-03-25,172.63,168.76,175.24,168.73,74.23M,1.05%,172.63,74230000.0,171.01500000000001,189.7142,0.010536790961774845,0.03162703455883938,42.212406376032256,-6.65648408462485,204.75808612300906,154.6039138769909
2024-03-26,177.67,178.58,184.25,177.38,113.19M,2.92%,177.67,113190000.0,171.02800000000002,188.8898,0.029195388982216297,0.03318564891521029,51.067851067851066,-5.886564792597596,201.81515590894477,155.34084409105523
2024-03-27,179.83,181.41,181.91,176.0,81.80M,1.22%,179.83,81800000.0,172.06300000000002,188.0882,0.012157370405808665,0.029063165918802123,51.114048338368576,-5.0439606202959055,197.94225248869813,156.99274751130187
2024-03-28,175.79,177.45,179.57,175.3,77.66M,-2.25%,175.79,77660000.0,173.392,187.293,-0.022465662014124588,0.026116895074517386,50.41907245297074,-4.6485988258111774,193.10924951519797,159.21675048480205
2024-04-01,175.22,176.17,176.75,170.21,81.56M,-0.32%,175.22,81560000.0,174.557,186.5598,-0.003242505261960238,0.026367824412663193,47.54003472892146,-4.331337034396512,186.2751493937757,163.3088506062243
2024-04-02,166.63,164.75,167.69,163.43,116.65M,-4.90%,166.63,116650000.0,173.83999999999997,185.64860000000002,-0.04902408400867486,0.023836004551393574,40.93703272968933,-4.718652302839189,183.89038871468134,163.54261128531866
2024-04-03,168.38,164.02,168.82,163.28,82.95M,1.05%,168.38,82950000.0,173.546,184.8402,0.01050231050831174,0.023930977426654294,48.97921306607276,-4.828729481216328,182.97322323395153,163.22377676604847
2024-04-04,171.11,170.07,177.19,168.01,123.16M,1.62%,171.11,123160000.0,173.09099999999998,184.0796,0.0162133269984559,0.02294980399755191,58.674188998589564,-4.642166250814228,182.60139426039635,163.05260573960365
2024-04-05,164.9,169.08,170.86,160.51,143.16M,-3.63%,164.9,143160000.0,172.299,183.22099999999998,-0.036292443457425105,0.025076900011923593,51.214168340332314,-4.938480913595299,182.12144259122505,162.15755740877495
2024-04-08,172.98,169.34,174.5,167.79,104.42M,4.90%,172.98,104420000.0,172.514,183.028,0.04899939357186156,0.02998803508885769,49.22082858228808,-4.46979888684433,181.89939509858874,162.14360490141127
2024-04-09,176.88,172.91,179.22,171.92,103.23M,2.25%,176.88,103230000.0,172.939,182.90059999999997,0.022545959070412902,0.03061697496105719,55.144337527757216,-3.7405488785711327,181.75335191888473,162.20064808111528
2024-04-10,171.76,173.04,174.93,170.01,84.53M,-2.89%,171.76,84530000.0,172.34799999999998,182.5172,-0.028946178199909522,0.030580497058344383,46.44290404961692,-3.5350048677750863,181.10713751777325,162.26886248222672
2024-04-11,174.6,172.55,175.88,168.51,94.52M,1.65%,174.6,94520000.0,171.825,182.1774,0.01653469958081044,0.030850989452753427,51.62349507479022,-3.1071284505670747,181.3887365458666,162.49926345413337
2024-04-12,171.05,172.34,173.81,170.36,64.72M,-2.03%,171.05,64720000.0,171.351,181.8526,-0.02033218785796098,0.03070474229503059,50.19510464703795,-3.0196796513235427,180.72764435136372,164.01535564863627
2024-04-15,161.48,170.24,170.69,161.38,100.25M,-5.59%,161.48,100250000.0,169.977,181.30499999999995,-0.05594855305466251,0.03509364822559301,41.30943102104443,-3.680172134522252,181.12386673834646,163.41013326165353
2024-04-16,157.11,156.74,158.19,153.75,97.00M,-2.71%,157.11,97000000.0,169.025,180.68899999999996,-0.027062174882338197,0.032825393851826326,33.805923125393846,-4.504316705295906,182.5402609188961,160.3247390811039
2024-04-17,155.45,157.64,158.33,153.78,82.44M,-1.06%,155.45,82440000.0,167.732,180.17680000000001,-0.01056584558589535,0.03236575085121019,30.64464909495078,-5.231104426496955,183.84905183462433,157.42894816537563
2024-04-18,149.93,151.25,152.2,148.7,96.10M,-3.55%,149.93,96100000.0,165.614,179.4734,-0.03550981022836919,0.03229049744777654,29.941048712379782,-6.181253160469339,185.2432558364104,153.46174416358957
2024-04-19,147.05,148.97,150.94,146.22,87.08M,-1.92%,147.05,87080000.0,163.829,178.66279999999998,-0.01920896418328555,0.03133904194170647,28.90519694473568,-7.0849736425221295,186.710997105497,149.41700289450299
2024-04-22,142.05,140.56,144.44,138.8,107.10M,-3.40%,142.05,107100000.0,160.736,177.71259999999998,-0.03400204012240737,0.02377643120941286,30.54764165875278,-8.111136713731327,188.53048068886667,144.71951931113333
2024-04-23,144.68,143.33,147.26,141.11,124.55M,1.85%,144.68,124550000.0,157.51600000000002,176.7348,0.018514607532558847,0.023010891845761355,31.501717140181086,-8.612875453696006,189.00608733796565,141.4489126620344
2024-04-24,162.13,162.84,167.97,157.51,181.18M,12.06%,162.13,181180000.0,156.55300000000003,176.2148,0.12061100359413879,0.04957182947460036,44.30058390454429,-7.51580038724444,187.522263991598,141.378736008402
2024-04-25,170.18,158.96,170.88,158.36,126.43M,4.97%,170.18,126430000.0,156.111,175.93800000000002,0.049651514216986437,0.052185135409819984,53.27462168196477,-5.928453250996142,186.06871168179646,141.86728831820358
2024-04-26,168.29,168.85,172.12,166.37,109.82M,-1.11%,168.29,109820000.0,155.83499999999998,175.5296,-0.011105887883417598,0.05189368085487371,46.84938868735725,-4.768013719736103,185.0955306711314,142.09046932886858
2024-04-29,194.05,188.42,198.87,184.54,243.87M,15.31%,194.05,243870000.0,159.092,175.4016,0.1530691068988057,0.06696686504791854,58.91577526222869,-1.7495723351906918,189.54362547135332,139.5253745286467
2024-04-30,183.28,186.98,190.95,182.84,127.03M,-5.55%,183.28,127030000.0,161.709,175.0682,-0.05550115949497558,0.06975411285235374,55.65038257798706,-0.22390375943354002,191.74106708751285,138.99293291248713
2024-05-01,179.99,182.0,185.86,179.01,92.83M,-1.80%,179.99,92830000.0,164.163,174.7928,-0.017950676560453904,0.07012349296658109,52.63209297782987,0.711522090626147,193.1003754898668,138.79462451013325
2024-05-02,180.01,182.86,184.6,176.02,89.15M,0.01%,180.01,89150000.0,167.171,174.49759999999998,0.00011111728429336054,0.06804166333885976,54.53166093465506,1.437892519127331,194.18578042606504,138.59921957393493
2024-05-03,181.19,182.1,184.78,178.42,75.49M,0.66%,181.19,75490000.0,170.585,174.1732,0.006555191378256886,0.0668518005463303,60.89311373936112,2.084730974287737,195.76049852285217,138.6535014771478
2024-05-06,184.76,183.8,187.56,182.2,84.39M,1.97%,184.76,84390000.0,174.85600000000002,174.02900000000002,0.019703074121088404,0.063854165063944,65.41764246682278,2.8525419465725577,197.32039733329913,138.27160266670086
2024-05-07,177.81,182.4,183.26,177.4,75.05M,-3.76%,177.81,75050000.0,178.169,173.59720000000002,-0.03761636717904304,0.06719599864232195,61.77337826453244,2.8671796946980237,197.42999940519502,138.25500059480498
2024-05-08,174.72,171.59,176.06,170.15,79.97M,-1.74%,174.72,79970000.0,179.428,173.09699999999998,-0.01737810021933528,0.05846922463123312,63.39565546309305,2.5994778769080256,197.6899088014842,138.2910911985158
2024-05-09,171.97,175.01,175.62,171.37,65.95M,-1.57%,171.97,65950000.0,179.60700000000003,172.49560000000002,-0.015739468864468864,0.057051346393051525,63.48484848484847,2.140743086594995,197.45830930914997,138.25969069085005
2024-05-10,168.47,173.05,173.06,167.75,72.63M,-2.04%,168.47,72630000.0,179.625,171.82739999999998,-0.020352387044251907,0.05736887366768823,64.53245324532452,1.4777372755338263,197.29321968078781,138.16678031921217
2024-05-13,171.89,170.0,175.4,169.0,67.02M,2.03%,171.89,67019999.99999999,177.409,171.21239999999997,0.020300350210719964,0.02411902687341769,64.83804122586977,1.2142684802518886,197.71680009099234,138.7841999090077
2024-05-14,177.55,174.5,179.49,174.07,86.41M,3.29%,177.55,86410000.0,176.83599999999998,171.00060000000002,0.03292803537145872,0.0224649200170021,59.64956195244056,1.4455192135181676,198.5290018414673,140.01599815853265
2024-05-15,173.99,179.9,180.0,173.11,79.66M,-2.01%,173.99,79660000.0,176.236,170.8656,-0.02005068994649395,0.022629998524616463,52.52619016045617,1.326236805524303,198.77897550253118,141.62002449746882
2024-05-16,174.84,174.1,175.79,171.43,59.81M,0.49%,174.84,59810000.0,175.719,170.8316,0.004885338237829773,0.022756541008035203,54.40365738873203,1.2854743855231163,198.43190403646668,144.4580959635333
2024-05-17,177.46,173.55,179.63,172.75,77.45M,1.50%,177.46,77450000.0,175.346,170.8078,0.014985129261038788,0.023286486556671933,33.80831544017177,1.4478915848324334,197.4785147816213,148.45248521837868
2024-05-20,174.95,177.56,177.75,173.52,61.73M,-1.41%,174.95,61730000.0,174.36499999999998,170.8,-0.014144032458018763,0.02224486468832513,40.307191063532684,1.3584134180824208,194.33634249417588,154.88465750582412
2024-05-21,186.6,175.51,186.88,174.71,115.27M,6.66%,186.6,115270000.0,175.244,170.9766,0.06659045441554734,0.028818291848188737,56.43872978764854,2.202173675835752,191.27623109601873,162.13676890398128
2024-05-22,180.11,182.85,183.8,178.12,88.31M,-3.48%,180.11,88310000.0,175.783,171.028,-0.03478027867095379,0.030791232006960864,50.08650519031144,2.320422610818156,190.51214043692966,164.69885956307036
2024-05-23,173.74,181.8,181.9,173.26,71.98M,-3.54%,173.74,71980000.0,175.95999999999998,171.11320000000003,-0.03536727555382824,0.03271662929210576,44.08636291474838,1.8784760771340814,190.35273441121126,165.21426558878875
2024-05-24,179.24,174.84,180.08,173.73,65.58M,3.17%,179.24,65580000.0,177.037,171.44800000000004,0.03165649821572458,0.03298964712080449,45.748613678373395,1.9495609743657951,190.08668467189509,166.57531532810495
2024-05-28,176.75,176.4,178.25,173.16,59.74M,-1.39%,176.75,59740000.0,177.523,171.7116,-0.013891988395447474,0.03319475250732881,49.12338736354615,1.7844045722041812,186.606766753499,168.32523324650103
2024-05-29,176.19,174.19,178.15,173.93,54.78M,-0.32%,176.19,54780000.0,177.387,171.7594,-0.003168316831683171,0.03153373019063392,51.26877265665458,1.5900010711122547,185.84367709634162,168.3793229036584
2024-05-30,178.79,178.57,182.67,175.38,77.79M,1.48%,178.79,77790000.0,177.86700000000002,171.9088,0.014756796639990855,0.031031939943051645,55.90169608861196,1.6269783728651532,185.71663224606945,168.3863677539305
2024-05-31,178.08,178.5,180.32,173.82,67.32M,-0.40%,178.08,67320000.0,178.19099999999997,171.9572,-0.003971139325465556,0.031103280856950823,58.73795235497364,1.5807699526104386,185.5238579353119,168.38614206468813
2024-06-03,176.29,178.13,182.64,174.49,68.57M,-1.01%,176.29,68570000.0,178.07399999999998,172.0266,-0.010051662174303755,0.030973143312395045,54.122938530734636,1.38376027916172,185.04605737932192,168.3739426206781
2024-06-04,174.77,174.77,177.76,174.0,60.06M,-0.86%,174.77,60060000.0,178.056,172.1054,-0.008622156673662618,0.030746052487307104,47.17594473791142,1.0923850617399467,183.666305156124,168.754694843876
2024-06-05,175.0,175.35,176.15,172.13,57.95M,0.13%,175.0,57950000.0,176.89600000000002,172.15279999999998,0.0013160153344395908,0.02024950147117564,51.10045761603834,0.8699983807201761,183.50476895898277,168.63523104101722
2024-06-06,177.94,174.6,179.73,172.73,69.89M,1.68%,177.94,69890000.0,176.679,172.1582,0.016799999999999926,0.018671933942502522,53.230512713630674,0.9203792046423303,183.68211761308194,168.7798823869181
2024-06-07,177.48,176.13,179.35,175.58,56.25M,-0.26%,177.48,56250000.0,177.053,172.1112,-0.002585141058783935,0.014357606977329386,50.02182453077257,0.9126675515369698,183.69716434232467,169.31583565767536
2024-06-10,173.79,176.06,178.57,173.17,50.87M,-2.08%,173.79,50870000.0,176.50799999999998,172.07120000000003,-0.020791075050709873,0.011754920288513574,48.76595744680852,0.6018659139012925,183.0466034167424,170.4983965832576
2024-06-11,170.66,173.92,174.75,167.41,64.76M,-1.80%,170.66,64760000.00000001,175.899,171.98,-0.018010242246389252,0.012240222625689575,29.28794178794176,0.1018148768488345,183.2068120921568,170.21518790784322
2024-06-12,177.29,171.12,180.55,169.8,90.39M,3.88%,177.29,90390000.0,176.009,172.1932,0.0388491737958514,0.018133905597818318,46.3490419471776,0.23776560420830606,183.18778014385373,170.2082198561463
2024-06-13,182.47,188.39,191.08,181.23,118.98M,2.92%,182.47,118980000.0,176.377,172.475,0.029217665971007944,0.019867062664506357,61.66176863478492,0.7547895005246232,183.96526976323446,170.2787302367655
2024-06-14,178.01,185.8,186.0,176.92,82.04M,-2.44%,178.01,82040000.0,176.37,172.61300000000003,-0.024442374088891383,0.02155805502563526,48.309975267930724,0.7954801372337101,184.04764500943455,170.5133549905655
2024-06-17,187.44,177.92,188.81,177.0,109.79M,5.30%,187.44,109790000.0,177.48499999999999,173.0638,0.05297455199146128,0.026811285207708126,62.33556427417494,1.5705456772509763,185.93232831129487,169.62667168870516
2024-06-18,184.86,186.56,187.2,182.37,68.98M,-1.38%,184.86,68980000.0,178.49399999999997,173.3014,-0.013764404609474923,0.02717970116019773,59.55898566703421,1.9540808362132225,186.89496336539887,169.65503663460115
2024-06-20,181.57,184.68,185.21,179.66,55.89M,-1.78%,181.57,55890000.0,179.15099999999998,173.39520000000002,-0.017797251974467243,0.02819534469055871,53.01911381407472,1.9698524754433038,185.88050163781375,170.16649836218622
2024-06-21,183.01,182.3,183.95,180.69,63.03M,0.79%,183.01,63030000.0,179.658,173.6202,0.007930825576912381,0.027887357054143313,55.270472525122926,2.0746325064589826,186.2902117070478,170.0467882929522
2024-06-24,182.58,184.97,188.8,182.55,61.99M,-0.23%,182.58,61990000.0,180.168,173.7798,-0.0023495983826019584,0.02788206610481054,56.925787271526126,2.098780593363472,186.67945147429342,170.5415485257066
2024-06-25,187.35,184.4,187.97,182.01,63.68M,2.61%,187.35,63680000.0,181.524,174.10580000000002,0.026125534012487517,0.027342056950787803,62.92642827784627,2.4742951276235488,187.98327242457853,170.04872757542145
2024-06-26,196.37,186.54,197.76,186.36,95.74M,4.81%,196.37,95740000.0,184.095,174.80360000000002,0.04814518281291713,0.028367614203403023,68.5987815491732,3.459848735632164,191.7733028779599,168.22069712204006
2024-06-27,197.42,195.17,198.72,194.05,72.75M,0.53%,197.42,72750000.0,186.108,175.6098,0.005347048938228793,0.0271219614357519,67.53059755219581,4.276338328965011,195.01533763758346,167.10166236241656
2024-06-28,197.88,199.55,203.2,195.26,95.44M,0.23%,197.88,95440000.0,187.649,176.4584,0.002330057744909464,0.02645511275637422,68.35853131749461,4.90400010916639,197.8068270419597,166.2191729580403
2024-07-01,209.86,201.02,213.23,200.85,135.69M,6.05%,209.86,135690000.0,190.834,177.65699999999998,0.06054174247018396,0.028300521287879094,78.24588880187943,6.29554138870688,203.5722521924821,163.6317478075179
2024-07-02,231.26,218.89,231.3,218.06,205.05M,10.20%,231.26,205050000.0,195.21599999999998,179.3412,0.10197274373391774,0.03785858440588501,86.89722357525574,9.021158728646498,215.22805163480456,157.4729483651954
2024-07-03,246.39,234.56,248.35,234.25,166.56M,6.54%,246.39,166560000.0,201.369,181.42800000000003,0.06542419787252451,0.03786376180404132,88.12624144780402,12.260760248785544,228.79766457049493,151.065335429505
2024-07-05,251.52,249.81,252.37,242.46,154.50M,2.08%,251.52,154500000.0,208.36399999999998,183.5648,0.020820650188725365,0.034272634475306575,88.11968643038534,15.068416593637693,240.66766537797764,146.84733462202234
2024-07-08,252.94,247.71,259.44,244.57,157.22M,0.56%,252.94,157220000.0,215.35700000000003,185.38099999999997,0.005645674300254422,0.03447006540896712,92.80246772535132,17.20970385420685,250.66823377775373,144.34676622224626
2024-07-09,262.33,251.0,265.61,250.3,160.74M,3.71%,262.33,160740000.0,223.33199999999997,187.224,0.03712342848106265,0.032099950337666466,92.79917704880559,19.440288416143318,261.3357308952027,142.16426910479728
2024-07-10,263.26,262.8,267.59,257.86,128.52M,0.35%,263.26,128520000.00000001,230.923,189.1234,0.0035451530515000496,0.0337298841715849,95.6663560111836,21.040543689271374,270.2402021873752,142.20679781262479
2024-07-11,241.03,263.3,271.0,239.65,221.71M,-8.44%,241.03,221710000.0,235.38900000000004,190.06300000000002,-0.0844412368001215,0.05010943515080493,78.37373544569576,20.281193334152107,273.2620578681936,146.22194213180643
2024-07-12,248.23,235.8,251.84,233.09,155.96M,2.99%,248.23,155960000.0,240.46999999999997,191.362,0.029871800190847564,0.04981230275484375,79.50063325493036,20.029494983740676,277.10099191044463,149.47700808955534
2024-07-15,252.64,255.97,265.6,251.73,146.91M,1.78%,252.64,146910000.0,245.946,192.815,0.017765781734681463,0.04929288077256753,80.588543485854,19.955833940156367,281.18834272096063,152.40665727903934
2024-07-16,256.56,255.31,258.62,245.8,126.33M,1.55%,256.56,126330000.0,250.61599999999999,194.34599999999998,0.01551614946168467,0.047803489135653895,80.44338875692796,19.983411938030088,284.73558974888215,156.71441025111784
2024-07-17,248.5,252.73,258.47,246.18,115.59M,-3.14%,248.5,115590000.0,252.34,195.69219999999999,-0.031415653258497045,0.040912756387290035,73.12572087658593,19.134324478380933,286.92291656832515,160.6330834316748
2024-07-18,249.23,251.09,257.14,247.2,110.87M,0.29%,249.23,110870000.0,252.62400000000002,196.9816,0.002937625754527051,0.035591063767933015,73.04920366580657,18.30926365411588,288.32495318017874,165.6680468198213
2024-07-19,239.2,247.79,249.44,236.83,87.40M,-4.02%,239.2,87400000.0,251.392,198.2094,-0.0402439513702203,0.03715707311467357,66.93998032141687,16.6540819410408,287.5246527443811,172.23134725561886
2024-07-22,251.51,244.21,253.21,243.75,101.23M,5.15%,251.51,101230000.0,251.24900000000002,199.7452,0.05146321070234117,0.04114054237123769,67.02919290211791,16.149491345998626,287.2456990718631,179.36030092813698
2024-07-23,246.38,253.6,255.76,245.63,111.93M,-2.04%,246.38,111930000.0,249.65399999999994,201.2334,-0.020396803308019518,0.039390264032434376,57.13073005093379,15.160886277563861,285.0864442621928,187.89955573780725
2024-07-24,215.99,225.42,225.99,214.71,167.94M,-12.33%,215.99,167940000.0,244.927,202.18380000000002,-0.12334605081581296,0.053903181348206916,37.467018469657,11.789291009957594,281.88816520379896,193.9618347962011
2024-07-25,220.25,216.8,226.0,216.23,100.64M,1.97%,220.25,100640000.0,242.849,203.151,0.019723135330339314,0.04957737061593215,37.01519807324972,9.35320593123518,279.47970100063714,198.75829899936286
2024-07-26,219.8,221.19,222.28,215.33,94.60M,-0.20%,219.8,94600000.0,240.00600000000003,203.99599999999998,-0.0020431328036322194,0.04788013445285976,36.12692565304755,7.3021055882904875,276.7923814639257,203.68361853607428
2024-07-29,232.1,224.9,234.27,224.7,129.20M,5.60%,232.1,129199999.99999999,237.952,205.1582,0.05595996360327571,0.051793559901691516,37.64609726195341,6.5930998428119665,272.9346835532609,210.96331644673904
2024-07-30,222.62,232.25,232.41,220.0,100.56M,-4.08%,222.62,100560000.0,234.558,206.11379999999997,-0.04084446359327876,0.052114373904056904,34.476699770817405,5.206236653701296,271.22742127005085,213.94657872994912
2024-07-31,232.07,227.9,234.68,226.79,67.50M,4.24%,232.07,67500000.0,232.91500000000002,207.20600000000002,0.042449016260893035,0.05437169301465326,46.207246867592275,4.814178751649365,271.20269636622095,214.05230363377902
2024-08-01,216.86,227.69,231.87,214.33,83.86M,-6.55%,216.86,83860000.0,229.67799999999997,208.0442,-0.0655405696557072,0.057426569946998476,37.564417664314604,3.2388151104217684,271.8782564757413,210.4237435242587
2024-08-02,207.67,214.88,216.13,205.78,82.88M,-4.24%,207.67,82880000.0,226.525,208.46559999999997,-0.042377570782993756,0.057545842592619655,32.82407761057215,1.2345408603383703,272.6821461005548,205.23485389944526
2024-08-05,198.88,185.22,203.88,182.0,100.31M,-4.23%,198.88,100310000.0,221.262,208.841,-0.04232676843068328,0.053461596210218475,28.759758432758858,-1.0510249009559232,273.7192511680107,198.79174883198925
2024-08-06,200.64,200.75,202.9,192.67,73.78M,0.88%,200.64,73780000.0,216.68800000000002,209.379,0.008849557522123908,0.054344088214564094,31.518381217176383,-2.6893339743237163,271.7376383781262,194.60436162187378
2024-08-07,191.76,200.77,203.49,191.48,71.16M,-4.43%,191.76,71160000.0,214.26500000000001,209.62939999999998,-0.04425837320574155,0.04176117584389366,29.12155779989827,-4.6506378469130425,269.64594797289084,189.54605202710903
2024-08-08,198.84,195.7,200.7,192.04,65.03M,3.69%,198.84,65030000.0,212.12399999999997,210.07119999999998,0.03692115143929908,0.043487314000943134,35.01633501633502,-5.569486888435591,269.40167111349274,185.57132888650722
2024-08-09,200.0,197.05,200.88,195.11,58.65M,0.58%,200.0,58650000.0,210.144,210.5474,0.005833836250251467,0.04370458561245497,29.150813567554437,-6.1333773125522555,267.5115673992522,182.63843260074776
2024-08-12,197.49,199.02,199.26,194.67,64.05M,-1.25%,197.49,64050000.0,206.683,210.9214,-0.01254999999999995,0.03738417940022437,29.78248283847489,-6.7055036868596005,264.37791413065025,180.25708586934965
2024-08-13,207.83,198.47,208.49,197.06,76.25M,5.24%,207.83,76250000.0,205.204,211.5164,0.05235708137120865,0.04170030098497297,45.954788816180844,-6.252491544942501,259.14188392172923,180.6201160782708
2024-08-14,201.38,207.39,208.44,198.75,70.25M,-3.10%,201.38,70250000.0,202.13500000000002,212.0182,-0.031034980512919308,0.038557668893841476,40.84425036390101,-6.340843951760206,255.1770241994438,179.87297580055622
2024-08-15,214.14,205.02,215.88,204.82,89.85M,6.34%,214.14,89850000.0,201.863,212.80560000000003,0.06336279670275102,0.04068276922177449,47.54680998613036,-5.31991385508735,250.3465540654447,181.1944459345553
2024-08-16,216.12,211.15,219.8,210.8,88.77M,0.92%,216.12,88770000.0,202.70800000000003,213.628,0.009246287475483506,0.03796614211345186,42.39337395277989,-4.301465330855507,247.3938607845372,181.8391392154628
2024-08-19,222.72,217.07,222.98,214.09,76.44M,3.05%,222.72,76440000.0,205.092,214.52360000000002,0.030538589672404193,0.03481182192872749,50.04894283476899,-2.9280203009774937,241.33550332445606,185.01849667554393
2024-08-20,221.1,224.88,228.22,219.56,74.00M,-0.73%,221.1,74000000.0,207.138,215.396,-0.007273706896551713,0.03533954972219978,44.18530690130394,-1.9478223966459325,235.7310030096594,188.09499699034063
2024-08-21,223.27,222.67,224.66,218.86,70.15M,0.98%,223.27,70150000.0,210.28900000000004,216.38559999999998,0.009814563545906818,0.029757617575176806,53.942674375691965,-0.9845582562534787,236.5750251309212,187.97897486907877
2024-08-22,210.66,223.82,224.8,210.32,79.51M,-5.65%,210.66,79510000.0,211.471,217.18559999999997,-0.0564787029157523,0.03630234855904764,51.76484476449061,-1.2245700179830123,235.8098616190919,187.78513838090808
2024-08-23,220.32,214.46,221.48,214.21,81.53M,4.59%,220.32,81530000.0,213.503,218.0462,0.045855881515237895,0.03838183732345572,62.526291189530255,-0.6280599165690148,235.87344213801407,187.77355786198586
2024-08-26,213.21,218.75,219.09,211.01,59.30M,-3.23%,213.21,59300000.0,215.075,218.66099999999997,-0.032271241830065245,0.04015676067405066,56.91191026064006,-0.720730806725328,232.9808836063149,188.77711639368508
2024-08-27,209.21,213.25,215.66,206.94,62.82M,-1.88%,209.21,62820000.0,215.21300000000002,219.285,-0.018760846114159735,0.03773365351043203,60.13945380592679,-1.1042110675974186,231.61330051910983,188.8036994808902
2024-08-28,205.75,209.72,211.84,202.59,64.12M,-1.65%,205.75,64120000.00000001,215.65,219.6512,-0.016538406385928073,0.036615273252034834,54.191435157102994,-1.6680863595331061,227.71914391367616,190.0658560863238
2024-08-29,206.28,209.8,214.89,205.97,62.31M,0.26%,206.28,62310000.0,214.86399999999998,220.0796,0.002575941676792315,0.02985643600789565,53.83863080684596,-2.048580262223055,226.83879932809987,189.88820067190017
2024-08-30,214.11,208.63,214.57,207.03,63.37M,3.80%,214.11,63370000.0,214.663,220.7304,0.03795811518324621,0.032466600750834594,59.53856749311294,-1.6987269921115171,227.3335810075162,190.0374189924838
2024-09-03,210.6,215.26,219.9,209.64,76.71M,-1.64%,210.6,76710000.0,213.45100000000002,221.28220000000002,-0.01639344262295095,0.030839389374723147,51.724996886287194,-1.685266715048499,227.3500796775527,191.1929203224473
2024-09-04,219.41,210.59,222.22,210.57,80.65M,4.18%,219.41,80650000.0,213.282,222.0188,0.041832858499525116,0.034191391298394935,60.90744101633393,-0.95272357244869,228.35060406351448,192.06939593648548
2024-09-05,230.17,223.49,235.0,222.25,119.36M,4.90%,230.17,119360000.0,213.97199999999998,222.8752,0.04904060890570161,0.03755753877750672,59.9380037197768,0.49041106716592253,230.1793803851545,194.08161961484547
2024-09-06,210.73,232.6,233.6,210.51,112.18M,-8.45%,210.73,112180000.0,213.97899999999998,223.16240000000002,-0.08445931268193074,0.04316172704174901,47.25308327387626,0.0647141487196734,229.6808268202295,195.7691731797705
2024-09-09,216.27,216.2,219.87,213.67,67.44M,2.63%,216.27,67440000.0,213.57399999999998,223.53940000000003,0.026289564846011526,0.04129985373312897,46.67697063369398,0.17239076077777327,229.45294927696816,197.6240507230319
2024-09-10,226.17,220.07,226.4,218.64,78.89M,4.58%,226.17,78890000.0,214.86999999999998,224.1052,0.04577611319184349,0.04211546494023688,52.406721731700365,1.0445318014412237,229.93845698312566,200.00654301687433
2024-09-11,228.13,224.55,228.47,216.8,83.55M,0.87%,228.13,83550000.0,216.762,224.47060000000002,0.008666047663262288,0.04115288138832223,52.31164383561643,1.8722829666169503,231.65109759038126,200.32390240961877
2024-09-12,229.81,224.66,231.45,223.83,72.02M,0.74%,229.81,72020000.0,219.16799999999998,224.4416,0.007364222154035094,0.04015618184636258,60.165622677566624,2.6334864952689827,232.64520052097964,202.1727994790204
2024-09-13,230.29,228.0,232.67,226.32,59.52M,0.21%,230.29,59520000.0,221.56900000000002,224.1196,0.002088681954658167,0.04016899935404356,55.86401599811787,3.238150382443422,234.4052957030626,202.0277042969374
2024-09-16,226.78,229.3,229.96,223.53,54.32M,-1.52%,226.78,54320000.0,222.836,223.6248,-0.015241651830300906,0.03984366418411001,58.33435695860459,3.3949878965266294,235.34450682671311,202.15449317328685
2024-09-17,227.87,229.45,234.57,226.55,66.76M,0.48%,227.87,66760000.00000001,224.56300000000002,223.1234,0.004806420319252158,0.039046449848210214,61.88535031847133,3.566128536944774,236.0160701500149,201.9979298499851
2024-09-18,227.2,230.09,235.68,226.88,78.01M,-0.29%,227.2,78010000.0,225.342,222.4208,-0.0029402729626542,0.03734431899951946,64.16589618280278,3.606126149386938,236.69377702742977,201.9302229725702
2024-09-19,243.92,234.0,244.24,232.13,102.70M,7.36%,243.92,102700000.0,226.717,222.03400000000002,0.0735915492957746,0.04122918146418501,70.47878128400434,4.9301570292275585,240.88286510173913,199.80613489826084
2024-09-20,238.25,241.52,243.99,235.92,99.88M,-2.32%,238.25,99880000.0,229.469,221.9784,-0.02324532633650367,0.0289128122257556,63.44996657009136,5.459011342159926,243.20801158266102,200.23998841733896
2024-09-23,250.0,242.61,250.0,241.92,86.93M,4.93%,250.0,86930000.0,232.842,222.0138,0.04931794333683115,0.030958767907710245,70.10614411104308,6.74846687118486,248.11176813592917,198.30423186407083
2024-09-24,254.27,254.08,257.19,249.05,88.49M,1.71%,254.27,88490000.0,235.652,222.0464,0.017079999999999984,0.029062906499470683,68.65368150684932,8.022445227302,253.27051184301342,197.25148815698662
2024-09-25,257.02,252.54,257.05,252.28,65.03M,1.08%,257.02,65030000.0,238.54100000000003,222.05560000000003,0.010815275101270228,0.029042229369634128,65.71462015685356,9.148525760131093,257.9595335190056,197.3434664809944
2024-09-26,254.22,260.6,261.75,251.53,67.14M,-1.09%,254.22,67140000.0,240.98199999999997,222.17,-0.01089409384483686,0.029951169121708848,81.6106992295392,9.703164060665245,260.7583838111925,199.39161618880746
2024-09-27,260.46,257.38,260.7,254.12,70.99M,2.45%,260.46,70990000.0,243.99899999999997,222.3946,0.024545669105499046,0.030088852866919466,81.79594186213845,10.524910147286988,264.18046403154176,201.38753596845828
2024-09-30,261.63,259.04,264.86,255.77,80.87M,0.45%,261.63,80870000.0,247.484,222.8432,0.004492052522460321,0.02865977947805848,79.18038183015145,11.142119643673965,267.77488584905745,202.54511415094254
2024-10-01,258.02,262.67,263.98,248.53,87.40M,-1.38%,258.02,87400000.0,250.49900000000002,222.9734,-0.013798111837327598,0.02995220495828713,73.94648293542701,11.21073540701218,269.51676782191686,205.54523217808315
2024-10-02,249.02,247.55,251.16,241.5,93.98M,-3.49%,249.02,93980000.0,252.68099999999998,223.0262,-0.034881016975428114,0.03334012573828623,63.774559013337175,10.418787809547666,270.1967301578756,207.82626984212442
2024-10-03,240.66,244.48,249.79,237.81,80.73M,-3.36%,240.66,80730000.0,252.35499999999996,223.5196,-0.03357160067464471,0.027175348808186745,56.68084009792553,9.012688833647587,270.44676010915924,208.6252398908408
2024-10-04,250.08,246.69,250.96,244.58,86.73M,3.91%,250.08,86730000.0,253.53799999999995,224.1162,0.03914235851408643,0.028627037180760585,63.948754789272044,8.559788623655834,269.5728721640488,213.43412783595113
2024-10-07,240.83,249.0,249.83,240.7,68.11M,-3.70%,240.83,68110000.0,252.621,224.5368,-0.03698816378758796,0.026808846244829015,57.068062827225134,7.369513090201821,268.17923903719014,217.28376096280988
2024-10-08,244.5,243.56,246.21,240.56,56.30M,1.52%,244.5,56300000.0,251.64399999999995,224.7848,0.015238965245193636,0.026658433305777145,59.136037177862285,6.645741511681422,267.875366518479,219.42063348152098
2024-10-09,241.05,243.82,247.43,239.51,66.29M,-1.41%,241.05,66290000.00000001,250.04699999999997,225.15339999999998,-0.01411042944785268,0.026325090807472043,48.23731728288909,5.727735385926906,267.4442191873148,221.14378081268524
2024-10-10,238.77,241.81,242.79,232.34,83.09M,-0.95%,238.77,83090000.0,248.502,225.2874,-0.009458618543870534,0.026299839787903394,50.333247885157654,4.761346137704123,267.04325944047196,222.44074055952794
2024-10-11,217.8,220.13,223.34,214.38,142.63M,-8.78%,217.8,142630000.0,244.23600000000002,225.30620000000002,-0.08782510365623819,0.03454217845929054,31.545162769371842,2.2771226966440565,268.7050679968488,219.52993200315117
2024-10-14,219.16,220.13,221.91,213.74,86.29M,0.62%,219.16,86290000.0,239.98899999999998,225.53600000000003,0.006244260789715295,0.03466851887721826,29.182971658958834,0.4133337021195871,269.6553614719023,217.8176385280976
2024-10-15,219.57,220.01,224.26,217.12,62.99M,0.19%,219.57,62990000.0,236.144,225.94979999999998,0.0018707793392955807,0.035179669001369894,27.161849005976336,-1.0189036434721856,270.5430837545307,216.09991624546933
2024-10-16,221.33,221.4,222.82,218.93,49.63M,0.80%,221.33,49630000.0,233.375,226.36360000000002,0.008015666985471626,0.03516020096497733,29.68499073502163,-1.9890166220016567,271.0949122296153,214.96108777038472
2024-10-17,220.89,221.59,222.08,217.9,50.79M,-0.20%,220.89,50790000.0,231.398,226.94619999999998,-0.001987981746713219,0.034330505377661594,23.67265469061877,-2.7615095069235736,271.6284437843485,212.12455621565144
2024-10-18,220.7,220.71,222.28,219.23,49.61M,-0.09%,220.7,49610000.0,228.46000000000004,227.3834,-0.0008601566390511461,0.030325899476061673,22.40798166374546,-3.350425476512868,272.20118878961586,209.7968112103842
2024-10-21,218.85,218.9,220.48,215.73,47.33M,-0.84%,218.85,47330000.0,226.262,227.7604,-0.008382419574082478,0.02902679761831576,22.952630852092256,-3.921223737854774,271.83881260784136,207.0441873921586
2024-10-22,217.97,217.31,218.22,215.26,43.27M,-0.40%,217.97,43270000.0,223.609,228.17,-0.004021018962759859,0.027845463498663278,25.85160989267382,-4.393943472662727,270.5883256232984,204.66467437670164
2024-10-23,213.65,217.13,218.72,212.11,80.94M,-1.98%,213.65,80940000.0,220.869,228.2864,-0.019819241179978908,0.027973371654513038,27.585062240663902,-5.058849891983385,268.75255817712866,202.16344182287133
2024-10-24,260.48,244.68,262.12,242.65,204.49M,21.92%,260.48,204490000.0,223.04000000000002,229.4684,0.21919026445120537,0.07823351868932243,55.32459553553144,-1.7864107630524018,269.91507424891574,201.62692575108431
2024-10-25,269.19,256.01,269.49,255.32,161.61M,3.34%,269.19,161610000.0,228.179,230.56939999999997,0.03343826781326764,0.07015231943522711,64.60049423393738,1.4926388195920879,271.869972609611,200.54502739038895
2024-10-28,262.51,270.0,273.54,262.24,107.65M,-2.48%,262.51,107650000.0,232.51399999999998,231.49720000000002,-0.024815186299639636,0.07166597804584757,58.9933086986917,3.5118071385347207,272.0479598514213,200.45504014857872
2024-10-29,259.52,264.51,264.98,255.51,80.52M,-1.14%,259.52,80520000.0,236.50899999999996,232.2332,-0.011390042284103452,0.07216506182109408,59.265576402127,4.815237506497937,272.32073654156596,200.332263458434
2024-10-30,257.55,258.04,263.35,255.82,53.99M,-0.76%,257.55,53990000.0,240.131,232.96220000000002,-0.00759093711467318,0.07259496377231328,59.45048309178744,5.624418136594471,273.5731976037422,199.93280239625776
2024-10-31,249.85,257.99,259.75,249.25,66.58M,-2.99%,249.85,66580000.0,243.027,233.49380000000002,-0.029897107357794717,0.07394604526283609,68.61424091067487,5.580050617307251,274.4648315412987,199.96016845870133
2024-11-01,248.98,252.04,254.0,246.63,57.55M,-0.35%,248.98,57550000.0,245.85499999999996,234.2602,-0.0034820892535522008,0.07401151498851699,67.41822429906541,5.412297710545943,274.3330096945867,199.9819903054133
2024-11-04,242.84,244.56,248.9,238.88,68.80M,-2.47%,242.84,68800000.0,248.254,234.7106,-0.024660615310466705,0.07474179923286497,62.73951604073142,4.729388194302203,274.4861430612534,200.02985693874658
2024-11-05,251.44,247.34,255.28,246.21,69.28M,3.54%,251.44,69280000.0,251.60100000000003,235.4752,0.03541426453632024,0.07480213633971831,65.33564225323418,4.82648885030153,275.2444638923689,199.96553610763115
2024-11-06,288.53,284.67,289.59,275.62,165.23M,14.75%,288.53,165230000.0,259.089,237.0616,0.14751034043907096,0.0839023923465059,75.08529891707462,7.8063085796423195,283.9843441252153,195.9736558747847
2024-11-07,296.91,288.89,299.75,285.52,117.31M,2.90%,296.91,117310000.0,262.732,238.88480000000004,0.02904377361106314,0.052947701972654145,76.64498986084891,10.720454423659817,293.70849414952613,192.06350585047392
2024-11-08,321.22,299.14,328.71,297.66,204.78M,8.19%,321.22,204780000.0,267.935,241.1836,0.08187666296184037,0.0569515467660458,80.93309965552669,14.820705960440932,308.30389801143014,187.8101019885699
2024-11-11,350.0,346.3,358.64,336.0,210.52M,8.96%,350.0,210520000.0,276.684,243.9014,0.08959591557188218,0.05859499313998357,84.13921497646999,20.160097267486663,328.5013605918802,180.69663940811984
2024-11-12,328.49,342.74,345.84,323.31,155.73M,-6.15%,328.49,155730000.0,283.581,246.2592,-0.06145714285714288,0.06443364263623129,77.2701367781155,22.397738920955703,338.96144548774794,181.12855451225198
2024-11-13,330.24,335.85,344.6,322.5,125.41M,0.53%,330.24,125410000.0,290.85,248.4758,0.005327407227008418,0.06382004898833742,71.07807590041092,24.035233220158375,348.1024564367981,182.8785435632019
2024-11-14,311.18,327.69,329.98,310.37,120.73M,-5.77%,311.18,120730000.0,296.983,250.09599999999998,-0.057715600775193776,0.06709446040194562,61.94051072058238,23.52380871702485,352.2219203996333,187.78807960036673
2024-11-15,320.72,310.57,324.68,309.22,114.44M,3.07%,320.72,114440000.0,304.15700000000004,252.29579999999999,0.03065749726846212,0.06639744394484216,66.28798477810734,23.61606805255235,356.7617758204252,193.25022417957476
2024-11-18,338.74,340.73,348.55,330.01,126.55M,5.62%,338.74,126550000.0,313.747,254.74519999999995,0.05618608131703651,0.06421885091977866,70.44703696056165,24.856714904574744,363.00034402423955,199.00065597576042
2024-11-19,346.0,335.76,347.38,332.75,88.85M,2.14%,346.0,88850000.0,323.203,257.1418,0.021432367007144126,0.0643764220728706,72.2225013818401,26.12460956180513,368.67008853871516,206.13391146128484
2024-11-20,342.03,345.0,346.6,334.3,66.34M,-1.15%,342.03,66340000.0,328.553,259.4198,-0.01147398843930647,0.05167498053520169,73.60200737402704,26.503562816765623,370.7244598906804,216.91754010931965
2024-11-21,339.64,343.81,347.99,335.28,58.01M,-0.70%,339.64,58010000.0,332.82599999999996,261.6164,-0.006987691138204188,0.05210070687038254,73.03353658536585,26.30777334054642,375.60014227677937,219.9578577232206
2024-11-22,352.56,341.08,361.53,337.7,89.14M,3.80%,352.56,89140000.0,335.96,264.0618,0.03804027794134979,0.04746241248990837,76.94763729246488,26.88522861313203,382.2137904600063,221.68120953999366
2024-11-25,338.59,360.14,361.93,338.2,95.89M,-3.96%,338.59,95890000.0,334.819,266.298,-0.03962446108463813,0.04058541508106291,70.85427135678391,25.91685050916766,385.35666467640436,226.14633532359557
2024-11-26,338.23,341.0,346.96,335.66,62.30M,-0.11%,338.23,62300000.0,335.793,268.5052,-0.001063232818452886,0.03494979246180671,64.42921844152829,24.834083042994166,387.4293596787531,231.94464032124694
2024-11-27,332.89,341.8,342.55,326.59,57.90M,-1.58%,332.89,57900000.0,336.058,270.61899999999997,-0.015788073204624165,0.03545977561916131,60.63364463884618,23.276768554761475,387.78570391101863,239.1222960889814
2024-11-29,345.16,336.08,345.45,334.65,37.17M,3.69%,345.16,37170000.0,339.456,272.6438,0.03685902249992501,0.030168387182459018,57.61741122565864,22.77019146506626,387.425998470345,249.01300152965507
2024-12-02,357.09,352.38,360.0,351.15,77.99M,3.46%,357.09,77990000.0,343.09299999999996,275.0206,0.03456368061189008,0.030477432417321367,52.52690854658208,23.065492133082103,386.6750738344203,260.5749261655797
2024-12-03,351.42,351.8,355.69,348.2,58.27M,-1.59%,351.42,58270000.0,344.361,277.049,-0.01587834999579929,0.026981684090270817,59.2125351546806,22.58169075180581,380.4341028045881,277.6738971954118
2024-12-04,357.93,353.0,358.1,348.6,50.81M,1.85%,357.93,50810000.0,345.554,279.1222,0.018524842069318703,0.026788027993840117,60.71511492918505,22.46461911973114,372.1659400046467,296.59105999535325
2024-12-05,369.49,359.87,375.43,359.5,81.40M,3.23%,369.49,81400000.0,348.3,281.3716,0.03229681781353899,0.027593919948026974,73.95448196532743,23.039054517738407,372.71778124572177,304.1352187542782
2024-12-06,389.22,377.42,389.49,370.8,81.46M,5.34%,389.22,81460000.0,353.258,284.07160000000005,0.05339792687217515,0.030392125530372936,75.96664139499622,24.800460547314003,378.6296676451345,307.4543323548656
2024-12-09,389.79,397.61,404.8,378.01,96.36M,0.15%,389.79,96360000.0,356.98100000000005,286.6582,0.001464467396331104,0.02937927293367418,72.30231542158148,25.94332327080133,386.1796358837116,306.7613641162884
2024-12-10,400.99,392.68,409.73,390.85,97.56M,2.87%,400.99,97560000.0,363.221,289.4454,0.02873342055978867,0.023861575178360867,73.22408987245545,27.436525424293677,395.6310287378372,302.40897126216277
2024-12-11,424.77,409.7,424.88,402.38,104.29M,5.93%,424.77,104290000.0,371.875,292.7804,0.05930322451931458,0.026216386311920744,79.93487698986976,30.190726251966566,410.3520598616566,297.3159401383434
2024-12-12,418.1,424.84,429.3,415.0,87.75M,-1.57%,418.1,87750000.0,380.396,296.16200000000003,-0.01570261553311192,0.026202221852926366,77.53368893879846,31.47244227077624,420.39884270441587,296.0551572955841
2024-12-13,436.23,420.0,436.3,415.71,89.00M,4.34%,436.23,89000000.0,389.503,300.0734,0.04336283185840717,0.026651488287222812,78.32622384724765,33.564243228296334,431.67838516462075,297.2806148353793
2024-12-16,463.02,441.09,463.19,436.15,114.08M,6.14%,463.02,114080000.0,400.096,304.3322,0.061412557595763584,0.029075347752785755,88.7608248707246,36.95771414113068,448.6896566435544,294.4993433564456
2024-12-17,479.86,475.9,483.99,457.51,131.22M,3.64%,479.86,131220000.0,412.94000000000005,309.1128,0.03636991922595145,0.02498193312054769,90.01073506977798,40.53860771510483,467.9502998406401,289.3507001593599
2024-12-18,440.13,466.49,488.54,427.01,149.34M,-8.28%,440.13,149340000.0,421.15999999999997,313.0254,-0.08279498186971201,0.04418352780475087,75.36663828176745,39.712827948673066,475.29440275460576,291.4195972453943
2024-12-19,436.17,451.88,456.36,420.02,118.57M,-0.90%,436.17,118570000.0,427.828,316.92780000000005,-0.008997341694499283,0.0450137479391665,72.40852907864286,38.297384223421204,480.7291966461687,295.39880335383134
2024-12-20,421.06,425.51,447.08,417.64,132.22M,-3.46%,421.06,132220000.0,431.012,320.5736,-0.034642455923149296,0.04584815917611825,65.50787878787881,35.54662478940992,482.9788511084264,301.2911488915736
2024-12-23,430.6,431.0,434.51,415.41,72.70M,2.27%,430.6,72700000.0,435.093,324.82959999999997,0.022657103500688835,0.04595846225278084,68.84161431562917,33.74740728653029,486.42649475522404,305.647505244776
2024-12-24,462.28,435.9,462.78,435.14,59.55M,7.36%,462.28,59550000.0,441.22200000000004,329.69199999999995,0.07357176033441704,0.049902127524185366,72.17476305835352,34.48035759297471,492.9863843006185,311.4566156993815
2024-12-26,454.13,465.16,465.33,451.02,76.65M,-1.76%,454.13,76650000.0,444.158,334.3832,-0.017630007787488022,0.04829530213059648,68.25081938933931,34.01152541035458,496.34566291975517,319.68733708024484
2024-12-27,431.66,449.52,450.0,426.5,82.67M,-4.95%,431.66,82670000.0,445.514,338.5898,-0.04947922401074578,0.05121167413804669,59.044412241070674,31.46413238510678,494.37262811836536,331.5373718816347
2024-12-30,417.41,419.4,427.0,415.75,64.94M,-3.30%,417.41,64940000.0,443.63200000000006,342.5202,-0.033012092850854824,0.05044179851863748,55.56182037857432,27.972993890851626,491.4704198714078,341.6645801285922
2024-12-31,403.84,423.79,427.93,402.54,76.83M,-3.25%,403.84,76830000.0,437.71400000000006,346.18300000000005,-0.03251000215615352,0.0455720322716963,50.568476483025485,23.836483744174814,488.73903377783347,349.0709662221666
2025-01-02,379.28,390.1,392.73,373.04,109.71M,-6.08%,379.28,109710000.0,427.65600000000006,349.3916,-0.06081616481774965,0.04430254536572953,40.9544641081726,18.364785096559842,485.41630484021016,355.17969515978996
2025-01-03,410.44,381.48,411.88,379.45,95.42M,8.22%,410.44,95420000.0,424.687,353.24100000000004,0.08215566336215985,0.04968396450906685,48.61201710516778,16.35425441712863,481.34378749095373,364.50321250904625
2025-01-06,411.05,423.2,426.43,401.7,85.52M,0.15%,411.05,85520000.0,422.175,357.189,0.0014862099210604107,0.04972124051832457,45.12808606145035,14.641340016809238,478.13667390876935,371.8663260912307
2025-01-07,394.36,405.83,414.33,390.0,75.70M,-4.06%,394.36,75700000.0,419.505,359.86660000000006,-0.040603332927867664,0.05015233212546013,36.175096649484544,11.80106417591162,477.71030575888494,372.8066942411151
2025-01-08,394.94,392.95,402.5,387.4,73.04M,0.15%,394.94,73040000.0,415.939,362.38159999999993,0.0014707373973019688,0.04927436164941328,31.70300784279928,9.487559580611105,477.280715639734,373.7512843602659
2025-01-10,394.74,391.4,399.28,377.29,62.29M,-0.05%,394.74,62290000.0,409.185,365.0262,-0.0005064060363598744,0.040515782606474315,38.212226665974136,7.550910002177773,477.6624400438637,372.74455995613624
2025-01-13,403.31,383.21,403.79,380.07,67.58M,2.17%,403.31,67580000.0,404.103,367.902,0.021710492982722762,0.04210484774111897,41.66582124378615,6.631188423608364,477.49681639210763,370.76418360789245
2025-01-14,396.36,414.34,422.64,394.54,84.57M,-1.72%,396.36,84570000.0,400.573,370.6782,-0.0172324018744886,0.040014222097826374,43.46491692242566,5.280623785998614,477.7946692833506,368.29233071664953
2025-01-15,428.22,409.9,429.8,405.66,81.38M,8.04%,428.22,81380000.0,401.654,374.2456,0.0803814713896458,0.047447652605441065,49.4368196876479,6.703849511107762,477.10444830591933,368.1815516940807
2025-01-16,413.82,423.49,424.0,409.13,68.34M,-3.36%,413.82,68340000.0,402.652,377.5424,-0.033627574611181266,0.047543254163156225,37.511596742603864,6.593797307006923,471.30770948572103,369.05829051427895
2025-01-17,426.5,421.5,439.74,419.75,94.99M,3.06%,426.5,94990000.0,407.374,381.2156,0.03064134164612642,0.0423182622956597,43.042054898010576,7.443941052432137,460.4382884893063,374.5917115106937
2025-01-21,424.07,432.64,433.2,406.31,87.32M,-0.57%,424.07,87320000.0,408.73699999999997,384.6682,-0.005697538100820632,0.03470564120694896,47.87406867962578,7.831330698535226,458.4381117791953,374.98588822080467
2025-01-22,415.11,416.81,428.0,414.59,60.96M,-2.11%,415.11,60960000.0,409.143,387.19980000000004,-0.02112858726153699,0.03559865126117793,49.336104375938106,7.33083733638199,456.3681128553922,374.94988714460777
2025-01-23,412.38,416.06,420.73,408.95,50.69M,-0.66%,412.38,50690000.0,410.945,389.5092000000001,-0.00657657006576573,0.03262472828869671,52.629634191402886,6.6373928237391056,455.87670495549787,374.5732950445022
2025-01-24,406.58,414.45,418.88,405.78,56.43M,-1.41%,406.58,56430000.0,412.10900000000004,391.2164,-0.01406469760900142,0.03317373874026291,59.504247319314864,5.555777973961938,454.17938943967556,373.86861056032444
2025-01-27,397.15,394.8,406.69,389.0,58.13M,-2.32%,397.15,58130000.0,412.35,392.1594,-0.023193467460278394,0.03422880339092543,44.548363278365734,3.892794510758108,444.4944443276973,377.0405556723028
2025-01-28,398.09,396.91,400.59,386.5,48.91M,0.24%,398.09,48910000.0,411.828,393.5514,0.002366863905325367,0.03347422846706825,44.698085419734895,2.6205106633960327,435.2130810418275,380.71791895817245
2025-01-29,389.1,395.21,398.59,384.48,68.03M,-2.26%,389.1,68030000.0,411.102,394.72860000000003,-0.02258283302770714,0.033806936603520604,47.70345791128187,0.8766927127460349,431.9161493636261,379.75885063637384
2025-01-30,400.28,410.78,412.5,384.41,98.09M,2.87%,400.28,98090000.0,408.308,396.51059999999995,0.02873297352865567,0.02171677786549407,52.13395140664961,0.3923146293279842,430.5801240803976,379.3818759196024
2025-01-31,404.6,401.53,419.99,401.34,83.57M,1.08%,404.6,83570000.0,407.38599999999997,398.1882,0.010792445288298369,0.02003200556443604,53.81460848034664,0.35296069355229065,430.6132484492823,379.4247515507177
2025-02-03,383.68,386.68,389.17,374.36,93.73M,-5.17%,383.68,93730000.0,403.104,399.08700000000005,-0.05170538803756797,0.021926409429847398,43.06801327777385,-1.350726415030465,429.96252461671,380.51547538329004
2025-02-04,392.21,382.63,394.0,381.4,57.07M,2.22%,392.21,57070000.0,399.918,400.01120000000003,0.02223206839032521,0.024235810681634773,48.55067402388767,-1.9896752731505103,429.58215241139607,379.0728475886039
2025-02-05,378.17,387.51,388.39,375.53,57.61M,-3.58%,378.17,57610000.0,396.22400000000005,400.7339999999999,-0.03579714948624457,0.02555923650249446,30.03589948145192,-3.587601868279876,430.268797590515,375.09820240948494
2025-02-06,374.32,373.03,375.4,363.18,77.92M,-1.02%,374.32,77920000.0,392.418,401.4275999999999,-0.010180606605494913,0.02554699431827665,32.79616724738675,-5.105776814682827,431.87258775780333,371.4904122421967
2025-02-07,361.62,370.19,380.55,360.34,70.30M,-3.39%,361.62,70300000.0,387.922,401.60880000000003,-0.033928189784141916,0.02670131410696681,21.74708238982754,-7.25015004260905,435.06012807395007,364.97087192605
2025-02-10,350.73,356.21,362.7,350.51,77.51M,-3.01%,350.73,77510000.0,383.28000000000003,401.8516,-0.030114484818317577,0.027129355483048866,20.254704737183644,-9.716309693632581,439.20654223293,356.42345776706986
2025-02-11,328.5,345.8,349.37,325.1,118.54M,-6.34%,328.5,118540000.0,376.321,401.65700000000004,-0.06338208878624585,0.030953394423423014,18.28634199926765,-13.311092215732117,445.64464904604176,342.50435095395824
2025-02-12,336.51,329.94,346.4,329.12,105.38M,2.44%,336.51,105380000.0,371.062,401.72939999999994,0.024383561643835483,0.033720297311191756,23.253190439258248,-15.336849551100897,448.68660200913604,333.47739799086395
2025-02-13,355.94,345.0,358.69,342.85,89.44M,5.77%,355.94,89440000.0,366.62800000000004,401.945,0.05773974027517759,0.0386779818146705,33.712852180625234,-15.199230944326018,444.3268048451639,330.60919515483613
2025-02-14,355.84,360.62,362.0,347.5,68.28M,-0.03%,355.84,68280000.0,361.75200000000007,401.92,-0.00028094622689223137,0.03813964155434361,35.86532539519605,-14.926176697487278,441.6823793524075,327.4556206475924
2025-02-18,354.11,355.01,359.1,350.02,51.63M,-0.49%,354.11,51630000.0,358.79499999999996,401.9738,-0.004861735611510709,0.035522101024601384,35.03267084127417,-14.680152125776203,436.0125878270735,325.8864121729265
2025-02-19,360.56,354.0,367.34,353.67,67.09M,1.82%,360.56,67090000.0,355.63,402.02639999999997,0.018214679054531002,0.03517047813479908,40.1163596065937,-13.805572736250099,429.5963899588972,325.9516100411028
2025-02-20,354.4,361.51,362.3,348.0,45.97M,-1.71%,354.4,45970000.0,353.253,401.7246,-0.01708453516751729,0.03399474524329892,33.5390355912744,-13.454428510994546,424.42063118362324,325.05636881637685
2025-02-21,337.8,353.44,354.98,334.42,74.06M,-4.68%,337.8,74060000.0,349.601,400.69620000000003,-0.04683972911963874,0.03639369095805532,27.97414930097598,-14.35020521757798,419.9863015869104,322.03269841308963
2025-02-24,330.53,338.14,342.4,324.7,76.05M,-2.15%,330.53,76050000.0,346.492,399.51099999999997,-0.021521610420367154,0.03567719436327318,30.741358069425303,-15.468432492336149,416.3643264229454,318.0496735770546
2025-02-25,302.8,327.02,328.89,297.25,134.23M,-8.39%,302.8,134230000.0,341.69899999999996,397.5471999999999,-0.08389556167367551,0.04268398093397708,21.55989566766334,-18.38033782164996,417.3283745997563,307.65062540024377
2025-02-26,290.8,303.71,309.0,288.04,100.12M,-3.96%,290.8,100120000.0,337.929,394.86780000000005,-0.039630118890356725,0.040204276789116006,21.843377376732192,-21.409547548928288,417.96320977330305,296.28679022669695
2025-02-27,281.95,291.16,297.23,280.88,101.75M,-3.04%,281.95,101750000.0,332.473,392.1448,-0.03043328748280616,0.038486970218811256,21.161411177021535,-24.244859471452003,419.2577578154757,284.27724218452437
2025-02-28,292.98,279.5,293.88,273.6,115.70M,3.91%,292.98,115700000.0,326.177,389.2798,0.03912041142046463,0.03474552703053768,28.344270570418985,-25.310076966632153,414.7095217165765,278.0954782834236
2025-03-03,284.65,300.34,303.94,277.3,115.55M,-2.84%,284.65,115550000.0,319.05800000000005,385.7124,-0.028431974878831423,0.03422193991126253,28.80964597229348,-26.52071657719631,408.25903203316125,272.5509679668388
2025-03-04,272.04,270.93,284.35,261.84,126.71M,-4.43%,272.04,126710000.0,310.851,381.556,-0.044300017565431116,0.03435901114691955,30.70403280929598,-28.172918932171626,405.97543683365865,263.6705631663413
2025-03-05,279.1,272.92,279.55,267.71,94.04M,2.60%,279.1,94040000.0,302.70500000000004,378.3354,0.02595206587266574,0.03551982737326985,30.25111799105609,-28.583129678295677,399.0843986048843,259.2506013951156
2025-03-06,263.45,272.06,272.65,260.02,98.45M,-5.61%,263.45,98450000.0,293.61,374.881,-0.05607309208169131,0.036710104921906246,17.334180970544608,-29.827219240890884,395.2196111033633,251.64338889663662
2025-03-07,262.67,259.32,266.25,250.73,102.37M,-0.30%,262.67,102370000.0,286.097,371.7132,-0.0029607136078951823,0.03691025013995356,17.251318101933222,-30.52424417750092,390.3361176649188,245.36188233508116
2025-03-10,222.15,252.54,253.37,220.0,189.08M,-15.43%,222.15,189080000.0,275.259,367.5442,-0.15426200175124682,0.055180141129699316,13.555015466195329,-33.954856373676876,391.95780995982057,229.7931900401794
2025-03-11,230.58,225.3,237.06,217.02,174.90M,3.79%,230.58,174900000.0,268.037,362.91020000000003,0.03794733288318697,0.05720987284773027,14.490219648125901,-35.58322938921441,391.1543100930446,218.5816899069555
2025-03-12,248.09,247.22,251.84,241.1,142.22M,7.59%,248.09,142220000.0,263.76599999999996,358.7894,0.07593893659467432,0.06512102025687828,22.652672737562384,-35.05670420891806,389.9450647076926,211.74993529230744
2025-03-13,240.68,248.13,248.29,232.6,114.81M,-2.99%,240.68,114810000.0,259.639,354.9698,-0.02986819299447785,0.0651051780746591,23.77686575224108,-34.835788991205334,387.3581944510552,204.75380554894474
2025-03-14,249.98,247.31,251.58,240.73,100.24M,3.86%,249.98,100240000.0,255.339,351.62120000000004,0.03864051853082917,0.06506208566520415,28.486726136424338,-33.523837877712936,379.6955406143304,201.82045938566955
2025-03-17,238.01,245.05,245.4,232.8,111.90M,-4.79%,238.01,111900000.0,250.675,348.3046,-0.04788383070645652,0.06583625970107783,31.10527850685331,-33.06878970756691,371.22493110029626,198.5080688997037
2025-03-18,225.31,228.15,230.1,222.28,111.48M,-5.34%,225.31,111480000.0,246.002,345.22520000000003,-0.05335910255871601,0.06633416706255339,30.978797560267196,-33.348523594688174,362.2148183102663,194.63818168973364
2025-03-19,235.86,231.61,241.41,229.2,111.99M,4.68%,235.86,111990000.0,241.67800000000003,341.7336,0.04682437530513517,0.06812578480167832,36.74431981593329,-32.34605272454456,348.4677037183522,195.91529628164784
2025-03-20,236.26,233.35,238.0,230.05,99.03M,0.17%,236.26,99030000.0,238.959,338.2378,0.0016959213092511138,0.06664250174096473,32.62467834824163,-31.16011625677342,333.5166409587266,199.05235904127335
2025-03-21,248.71,234.99,249.52,234.55,132.73M,5.27%,248.71,132729999.99999999,237.56300000000002,335.3248,0.05269618217218319,0.06944300790155365,39.26138400860524,-28.882700320408333,320.3527056251123,203.30729437488762
2025-03-24,278.39,258.08,278.64,256.33,169.08M,11.93%,278.39,169080000.0,243.18699999999998,332.99379999999996,0.11933577258654648,0.05586734413495993,51.72170706577733,-24.401617175730138,308.82546857184025,209.62053142815978
2025-03-25,288.14,283.6,288.2,271.28,150.36M,3.50%,288.14,150360000.0,248.94300000000004,330.8618,0.035022809727360826,0.055794973154604695,52.41582041688936,-19.834938162939807,305.7594747390386,211.22052526096132
2025-03-26,272.06,282.66,284.9,266.51,156.25M,-5.58%,272.06,156250000.0,251.34,328.2368,-0.05580620531685976,0.057665900331846126,52.295632698768195,-17.313751606902485,302.8265889547256,212.2794110452744
2025-03-27,273.13,272.48,291.85,271.82,162.57M,0.39%,273.13,162570000.0,254.58499999999998,325.7722,0.003932955965595841,0.0559880455091189,52.784580981791066,-15.05579915864638,301.54907442167223,212.6749255783277
2025-03-28,263.55,275.58,276.1,260.57,123.81M,-3.51%,263.55,123810000.0,255.942,322.4788,-0.0350748727712078,0.057238246487011396,63.194798572157076,-13.879388560626467,296.912977627022,214.3680223729781
2025-03-31,259.16,249.31,260.56,243.36,134.01M,-1.67%,259.16,134009999.99999999,258.05699999999996,319.38559999999995,-0.016657180800607074,0.054723757241567854,59.34964668934834,-13.14972910564643,293.3790382524042,215.3529617475958
2025-04-01,268.46,263.8,277.45,259.25,146.49M,3.59%,268.46,146490000.0,262.37199999999996,316.2248,0.03588516746411474,0.050372188875674066,57.04210744658784,-11.686323787862648,292.890219558712,215.48378044128796
2025-04-02,282.76,254.6,284.99,251.27,212.79M,5.33%,282.76,212790000.0,267.062,313.3986,0.05326678089845793,0.05080993620016912,63.88595564941922,-9.265862940164709,293.60022518951934,215.13977481048073
2025-04-03,267.28,265.29,276.3,261.51,136.17M,-5.47%,267.28,136170000.0,270.164,310.44199999999995,-0.054746074409393164,0.05588066551302647,55.48509828788839,-8.49876839635391,294.01510621232535,215.1078937876747
2025-04-04,239.43,255.38,261.0,236.0,181.23M,-10.42%,239.43,181230000.0,269.236,306.983,-0.10419784495659967,0.06501991528830105,50.40903329876714,-10.022568757797217,293.2148583035673,213.58414169643274
2025-04-07,233.29,223.78,252.0,214.25,183.45M,-2.56%,233.29,183450000.0,264.726,303.5172,-0.025644238399532338,0.049228422795916424,52.38893545683151,-11.592012701859119,292.2122979231408,215.70070207685922
2025-04-08,221.86,245.0,250.44,217.8,171.60M,-4.90%,221.86,171600000.0,258.09799999999996,300.0114,-0.04899481332247413,0.04657472445932769,45.830851697438945,-13.601326188496131,293.0747971116836,213.96620288831642
2025-04-09,272.2,224.69,274.69,223.88,219.43M,22.69%,272.2,219430000.0,258.11199999999997,297.4936,0.2268998467502028,0.09062992847636915,58.24917370547191,-11.004847282716042,295.04563157725596,214.40636842274398
2025-04-10,252.4,260.0,262.49,239.33,181.72M,-7.27%,252.4,181720000.0,256.03900000000004,294.7596,-0.07274063188831736,0.09377488017173906,50.81930813979306,-10.424644752173606,295.1093749993822,215.51462500061788
2025-04-11,252.31,251.84,257.74,241.36,128.95M,-0.04%,252.31,128949999.99999999,254.91500000000002,291.8002,-0.0003565768621236476,0.09314538116967871,43.33333333333333,-9.858450236766629,295.17376216053765,215.6832378394623
2025-04-14,252.35,258.36,261.8,245.93,100.14M,0.02%,252.35,100140000.0,254.234,288.75519999999995,0.00015853513534924701,0.09297750464505339,40.373339071493895,-9.299312650772322,295.0767459951667,217.21425400483324
2025-04-15,254.11,249.91,258.75,247.54,79.59M,0.70%,254.11,79590000.0,252.79900000000004,286.16380000000004,0.006974440261541481,0.09221699445945909,44.76889899166521,-8.614867959172557,293.7463753241659,221.4246246758341
2025-04-16,241.55,247.61,251.97,233.89,112.38M,-4.94%,241.55,112380000.0,248.67799999999997,283.1506,-0.04942741332493805,0.09109751890068613,41.374412760843434,-8.982384306675044,293.39512350435035,222.34487649564966
2025-04-17,241.37,243.47,244.34,237.68,83.40M,-0.07%,241.37,83400000.0,246.087,280.4146,-0.000745187331815389,0.08988824159544281,43.613958309340084,-9.182320085411476,293.06489322522236,223.1861067747776
2025-04-21,227.5,230.26,232.21,222.79,97.77M,-5.75%,227.5,97770000.0,244.89399999999995,277.4782,-0.057463645026308185,0.08536315270412403,41.35633941247133,-10.340761848405464,294.4122808845976,219.71771911540242
2025-04-22,237.97,230.96,242.79,229.85,120.86M,4.60%,237.97,120860000.0,245.362,275.0052,0.04602197802197794,0.08617454398495664,41.72860940806251,-10.295315801196665,291.9038103202044,218.18418967979562
2025-04-23,250.74,254.86,259.45,244.43,150.38M,5.37%,250.74,150380000.0,248.25,273.00539999999995,0.05366222633105022,0.08513159077809691,41.24083597767809,-9.123694928868417,286.59888162399807,219.7491183760019
2025-04-24,259.51,250.5,259.54,249.2,94.46M,3.50%,259.51,94460000.0,246.981,271.62559999999996,0.03497646964983647,0.04365912046780939,47.793491225080935,-7.4021834770002215,284.9336210757962,220.15937892420376
2025-04-25,284.95,261.69,286.85,259.63,167.56M,9.80%,284.95,167560000.0,250.23599999999996,270.5944,0.09803090439674778,0.047007798637473744,63.10606933087642,-3.9396638668242474,287.47856755842,218.79643244157995
2025-04-28,285.88,288.98,294.86,272.42,151.73M,0.33%,285.88,151730000.0,253.593,269.1932,0.0032637304790315014,0.04690576610472315,65.6099732858415,-1.107779113930519,291.36106296791223,217.14693703208775
2025-04-29,292.03,285.5,293.32,279.47,108.91M,2.15%,292.03,108910000.0,257.56100000000004,267.91700000000003,0.02151252273681248,0.04671430192226886,71.5021143592572,1.6141565655609043,296.6518929178758,215.14310708212417
2025-04-30,282.16,279.9,284.45,270.78,128.96M,-3.38%,282.16,128960000.00000001,260.366,266.478,-0.033797897476286476,0.04926811048067075,54.05867970660149,2.940981880654647,298.6648517828827,214.50014821711727
2025-05-01,280.52,280.01,290.87,279.81,99.66M,-0.58%,280.52,99660000.0,264.26300000000003,264.8772,-0.00581230507513486,0.045011655221509954,63.449397359862246,3.8161757100795626,298.2704800931629,214.6705199068371
2025-05-02,287.21,284.9,294.78,279.81,114.45M,2.38%,287.21,114450000.0,268.84700000000004,263.53340000000003,0.02384856694709825,0.044667764741373794,65.70091776138203,4.992054913075435,301.2549902304319,213.6790097695681
2025-05-05,280.26,284.57,284.85,274.4,94.62M,-2.42%,280.26,94620000.0,274.123,262.38259999999997,-0.024198321785453114,0.039304983236171334,61.82126217704362,5.302022323820552,303.5621191356251,215.45488086437481
2025-05-06,275.35,273.11,277.73,271.35,76.72M,-1.75%,275.35,76720000.0,277.861,261.279,-0.01751944622850199,0.040073882687800245,58.76237623762377,5.092771465300984,304.39250329769334,218.83049670230665
2025-05-07,276.22,276.88,277.92,271.0,71.88M,0.32%,276.22,71880000.0,280.409,260.74739999999997,0.003159615035409402,0.03783543823192,65.82960460231944,4.9401929127252515,303.205805041549,225.45319495845098
2025-05-08,284.82,279.63,289.8,279.41,97.54M,3.11%,284.82,97540000.0,282.94,260.62780000000004,0.031134602852798343,0.037576169168922376,68.42194522174172,5.450392703012369,304.77307747574906,225.147922524251
2025-05-09,298.26,290.21,307.04,290.0,132.39M,4.72%,298.26,132389999.99999999,284.271,260.95399999999995,0.047187697493153546,0.025989001775224427,80.11063829787237,6.86014589821724,309.2431725523312,225.26382744766875
2025-05-12,318.38,321.99,322.21,311.5,112.83M,6.75%,318.38,112830000.0,287.521,261.462,0.06745792261785022,0.032626542013833214,81.62013370035393,9.491489331517698,317.67885417671937,223.43514582328064
2025-05-13,334.07,320.0,337.59,316.8,136.99M,4.93%,334.07,136990000.0,291.725,262.4504,0.049280733714429203,0.03470783539340699,82.03275159529487,12.696542000553507,328.7690260775419,220.51697392245802
2025-05-14,347.68,342.5,350.0,337.0,137.00M,4.07%,347.68,137000000.0,298.277,263.9632,0.04073996467806151,0.031101005593913548,82.67734044918838,16.14863121987719,341.5447971347162,217.09820286528384
2025-05-15,342.82,340.34,346.14,334.72,97.88M,-1.40%,342.82,97880000.0,304.507,265.2376,-0.013978370915784688,0.03199304262499251,75.30831802676465,18.28153723251114,350.0529870737271,218.7170129262729
2025-05-16,349.98,346.24,351.62,342.33,95.90M,2.09%,349.98,95900000.0,310.784,266.9682,0.020885595939560186,0.031974474163008956,76.58427339084275,20.315448926369527,358.40421887447326,221.22678112552683
2025-05-19,342.09,336.3,343.0,333.37,88.87M,-2.25%,342.09,88870000.0,316.967,268.5566,-0.022544145379736147,0.03172130207019698,70.46606704824202,21.04805268735413,361.3018361064936,229.7881638935063
2025-05-20,343.82,347.87,354.99,341.63,131.72M,0.51%,343.82,131720000.0,323.81399999999996,270.99,0.005057148703557557,0.029428956002981285,77.0059565522074,21.520171842685556,364.07340082090246,237.6015991790975
2025-05-21,334.62,344.43,347.35,332.2,102.35M,-2.68%,334.62,102350000.0,329.654,273.0708,-0.02675818742365188,0.03296060126279044,72.2231350640815,20.910918510336217,365.33582655334175,244.72717344665827
2025-05-22,341.04,331.9,347.27,331.39,97.11M,1.92%,341.04,97110000.0,335.27599999999995,274.9298,0.019185942262865296,0.03272162769714822,72.1613832853026,20.707418964930525,367.4463129864476,250.76968701355244
2025-05-23,339.34,337.92,343.18,333.21,84.65M,-0.50%,339.34,84650000.0,339.384,276.903,-0.004984752521698499,0.031812817818010736,75.42168674698793,20.176387481037978,370.4940965659423,253.16090343405764
2025-05-27,362.89,347.35,363.79,347.32,120.15M,6.94%,362.89,120150000.0,343.835,279.1612,0.06939942240820418,0.03218292339952567,82.46069415603674,21.4090393101132,377.21273049296286,254.14326950703716
2025-05-28,356.9,364.84,365.0,355.91,91.40M,-1.65%,356.9,91400000.0,346.118,281.539,-0.016506379343602773,0.030778560532673003,78.82252072020573,21.652979753860222,382.0264319200255,255.81656807997456
2025-05-29,358.43,365.29,367.71,356.0,88.55M,0.43%,358.43,88550000.0,347.193,284.2014,0.004286915102269528,0.028412808355221086,77.69583866355629,21.719394862165075,385.7041020304863,259.76589796951373
2025-05-30,346.46,355.52,363.68,345.29,123.47M,-3.34%,346.46,123470000.0,347.55699999999996,286.4134,-0.033395642105850554,0.0303314382004614,68.33815248820571,20.569043224943414,386.5519007199895,265.5120992800105
2025-06-02,342.69,343.5,348.02,333.33,81.87M,-1.09%,342.69,81870000.0,346.828,288.54200000000003,-0.010881487040350968,0.029728724837187356,60.563135482749615,19.132624782961216,386.869607734599,270.74239226540095
2025-06-03,344.27,346.6,355.4,343.04,99.32M,0.46%,344.27,99320000.0,347.046,290.4532,0.004610580991566637,0.028841612500462643,55.05150554675117,17.91522999470783,385.6949271661822,278.31807283381784
2025-06-04,332.05,345.1,345.6,327.33,98.91M,-3.55%,332.05,98910000.0,345.869,291.52639999999997,-0.03549539605542151,0.030979670897972263,42.15125037661947,15.782453679184982,381.45507980358053,288.22792019641946
2025-06-05,284.7,322.49,324.55,273.21,292.82M,-14.26%,284.7,292820000.0,340.877,291.4576,-0.14259900617376908,0.053961606045905955,29.543854709277795,10.154410085209122,379.7390684838053,290.79193151619467
2025-06-06,295.14,298.83,305.5,291.14,164.75M,3.67%,295.14,164750000.0,336.287,291.9192,0.03667017913593251,0.05544225622203691,31.1338929406908,6.462074960752716,377.97154386169973,293.59145613830026
2025-06-09,308.58,285.95,309.83,281.85,140.91M,4.55%,308.58,140910000.0,333.21099999999996,292.6282,0.0455377109168531,0.05846233516991489,38.89588441911328,4.567714678506263,376.7729183359876,295.82208166401244
2025-06-10,326.09,314.94,327.83,310.67,151.26M,5.67%,326.09,151260000.0,329.531,293.879,0.05674379415386599,0.05671546074159456,44.68110637787244,4.428284660466943,376.58265471423664,296.78334528576335
2025-06-11,326.43,334.39,335.5,322.5,122.61M,0.10%,326.43,122610000.0,326.484,295.2244,0.001042656935202002,0.05673242693136684,47.4051074076421,4.2957023425105945,376.4514915877297,296.15050841227026
2025-06-12,319.11,323.08,332.56,316.86,105.13M,-2.24%,319.11,105130000.0,322.552,296.2374,-0.02242440952118374,0.05675257547948532,43.09117257891753,3.558941810293902,375.3499946567067,294.3950053432933
2025-06-13,325.31,313.97,332.99,313.3,128.96M,1.94%,325.31,128960000.00000001,320.437,297.0884,0.01942903700918186,0.056793367169794634,45.7018565038907,3.4357369282404875,374.50815407156443,293.4858459284355
2025-06-16,329.13,331.29,332.05,326.41,83.93M,1.17%,329.13,83930000.0,319.081,298.3254,0.011742645476622293,0.05697172913406003,38.23529411764706,3.6047845342870914,372.80150978016485,293.10749021983503
2025-06-17,316.35,326.09,327.26,314.74,88.28M,-3.88%,316.35,88280000.0,316.289,299.8638,-0.03882964178288206,0.05801802231033079,36.507619618020904,2.676661894759036,371.9326725570887,291.4023274429113
2025-06-18,322.05,317.31,329.32,315.45,95.14M,1.80%,322.05,95140000.0,315.289,301.63899999999995,0.018018018018018056,0.057545064871532096,38.22196322196322,2.373697867838132,370.63742044340427,290.52057955659575
2025-06-20,322.16,327.95,332.36,317.78,108.69M,0.03%,322.16,108690000.0,319.03499999999997,303.645,0.00034156186927503107,0.029523454732867112,41.478468228363035,2.1180571303036118,370.137177263929,289.77482273607103
2025-06-23,348.68,327.54,357.54,327.48,190.72M,8.23%,348.68,190720000.0,324.389,305.1746,0.08231934442513023,0.036357788950129366,51.81152845823505,4.009186955536677,371.103873033826,289.57212696617404
2025-06-24,340.47,356.17,356.26,340.44,114.74M,-2.35%,340.47,114740000.0,327.57800000000003,306.93600000000004,-0.023545944705747335,0.03697369695079436,48.895091881833,4.79022386185278,371.21599974035894,289.57300025964105
2025-06-25,327.55,342.7,343.0,320.4,119.85M,-3.79%,327.55,119850000.0,327.72400000000005,308.44079999999997,-0.03794754310218229,0.035920334120413365,48.69686088265956,4.3169026475778765,366.47779618182824,290.77720381817176
2025-06-26,325.78,324.61,331.05,323.61,80.44M,-0.54%,325.78,80440000.0,327.659,309.9094,-0.005403755151885292,0.03597757348936343,66.1630468995908,3.7556748854242414,362.5098516754542,291.63314832454574
2025-06-27,323.63,324.51,329.34,317.49,89.07M,-0.66%,323.63,89070000.0,328.111,311.2998,-0.006599545705690879,0.03520325293349935,61.991750147318804,3.101656839458542,357.5588210506977,293.1041789493023
2025-06-30,317.66,319.9,325.58,316.6,76.70M,-1.84%,317.66,76700000.0,327.346,312.822,-0.01844699193523458,0.03515152198870624,54.07833273445924,2.077663705559985,354.68561240719305,293.09738759280697
2025-07-01,300.71,298.46,305.89,293.21,145.09M,-5.34%,300.71,145090000.0,324.504,314.0088,-0.053358937228483394,0.03824944938674071,38.54279523293607,-0.10042394869736881,352.9126399502923,290.6723600497076
2025-07-02,315.65,312.63,316.83,303.82,119.48M,4.97%,315.65,119480000.0,324.434,315.7718,0.04968241827674502,0.04058143202695278,45.700382897255885,-0.6139635758369195,349.7114281985939,291.01157180140615
2025-07-03,315.35,317.99,318.45,312.76,58.04M,-0.10%,315.35,58040000.0,323.764,317.31940000000003,-0.0009504197687310034,0.04011253424397278,48.41135710664188,-1.033244325580597,348.4229993508954,290.6300006491046
2025-07-07,293.94,291.37,296.15,288.77,131.18M,-6.79%,293.94,131180000.0,320.942,318.1834,-0.06789281750436027,0.04525856345091788,38.25533508049419,-3.0578860032933903,346.7576946087188,293.2193053912813
2025-07-08,297.81,297.0,304.05,294.35,103.25M,1.32%,297.81,103250000.0,315.85499999999996,318.9494,0.013165952235149936,0.03369401009520895,38.27844311377245,-4.300578075537942,346.39138550359144,293.8526144964085
2025-07-09,295.88,297.55,300.15,293.55,75.59M,-0.65%,295.88,75590000.0,311.396,319.168,-0.006480642020079919,0.03365252081580637,41.66191446028512,-5.3791478976608005,347.4880346425286,291.48596535747134
2025-07-10,309.87,300.05,310.48,300.0,104.37M,4.73%,309.87,104370000.0,309.628,319.6478,0.047282682168446666,0.03734192730843086,45.352564102564095,-5.046869007327814,346.81104231941447,290.5409576805855
2025-07-11,313.51,307.89,314.09,305.65,79.24M,1.17%,313.51,79240000.0,308.401,320.0774,0.011746861587117241,0.03770828487875592,46.78605929999255,-4.438651996299711,346.0082795453052,290.0517204546949
2025-07-14,316.9,317.73,322.6,312.67,78.04M,1.08%,316.9,78040000.0,307.72799999999995,320.7722,0.010813052215240315,0.03793445258710288,35.741206030150735,-3.641118417900998,345.8972765001829,289.94172349981704
2025-07-15,310.78,319.67,321.2,310.5,77.56M,-1.93%,310.78,77560000.0,307.04,321.37739999999997,-0.019312085831492576,0.03797849736056154,36.42432556012801,-3.462981073937385,345.11728793795027,289.2687120620498
2025-07-16,321.67,312.8,323.5,312.62,97.28M,3.50%,321.67,97280000.0,309.136,322.0666,0.03504086492052272,0.03472287569173335,47.26052925829296,-2.415232658308412,344.2681589834072,289.3718410165929
2025-07-17,319.41,323.15,324.34,317.06,73.92M,-0.70%,319.41,73920000.0,309.512,322.8496,-0.0070258339291821015,0.031516429049886975,47.045728596605166,-1.7471080288748908,344.4442321107674,289.5017678892326
2025-07-18,329.65,321.66,330.9,321.42,94.25M,3.21%,329.65,94250000.0,310.942,323.9356,0.03205910898218578,0.03291284532939526,52.597066436583255,-0.3868724014967029,345.325611492023,289.38038850797693
2025-07-21,328.49,334.4,338.0,326.88,75.77M,-0.35%,328.49,75770000.0,314.39700000000005,324.981,-0.0035188836644926003,0.02134861001473671,54.874426140966776,0.5907124621356843,346.0119186279798,289.32708137202013
2025-07-22,332.11,329.74,335.41,321.55,77.37M,1.10%,332.11,77370000.0,317.827,325.92679999999996,0.011020122378154529,0.02133941413618096,66.05973813420624,1.6386696919088877,342.1757648810561,291.5062351189439
2025-07-23,332.56,330.9,336.2,328.67,92.55M,0.14%,332.56,92550000.0,321.495,326.61280000000005,0.0013549727499924114,0.020755460911500392,60.15371682478686,2.476941940968686,340.43855993954503,292.45244006045493
2025-07-24,305.3,310.0,310.15,300.41,156.97M,-8.20%,305.3,156970000.0,321.038,326.3512,-0.08197017079624724,0.03296135906294606,45.44134990474461,0.9308937948933362,339.22123546609606,291.4447645339039
2025-07-25,316.06,308.74,323.63,308.01,148.23M,3.52%,316.06,148230000.0,321.293,325.991,0.0352440222731738,0.034757921900097605,61.10664792126934,0.5673416144081784,338.23049314320656,291.4635068567935
2025-07-28,325.59,318.45,330.49,315.69,112.67M,3.02%,325.59,112670000.0,322.162,325.5492,0.03015250268936276,0.03586217135785734,63.19840364880274,1.0362697736929931,338.49928534034046,291.39071465965964
2025-07-29,321.2,325.55,326.25,318.25,87.36M,-1.35%,321.2,87360000.0,323.204,325.1168,-0.013483215086458333,0.035499261813134945,61.7548746518106,1.0416548583327199,338.81498328285284,291.4290167171472
2025-07-30,319.04,322.18,324.45,311.62,83.93M,-0.67%,319.04,83930000.0,322.941,324.498,-0.006724782067247692,0.033845100010626274,54.78251799311569,0.8616955387959706,338.78327825555084,293.29372174444916
2025-07-31,308.27,319.61,321.37,306.1,85.27M,-3.38%,308.27,85270000.0,321.827,323.8216,-0.03375752256770326,0.035453732568065964,47.45631067961164,-0.14826342139718918,338.6787379388313,292.6602620611686
2025-08-01,302.63,306.2,309.31,297.82,89.12M,-1.83%,302.63,89120000.0,319.125,322.99780000000004,-0.018295649917280277,0.033446056442879554,43.2209026128266,-1.3877667272876124,338.77156827150424,291.29543172849577
2025-08-04,309.26,309.08,312.12,303.0,78.68M,2.19%,309.26,78680000.0,317.20200000000006,322.4906,0.021907940389254144,0.03476491138804942,49.28139183055976,-1.8141836566628058,337.5795869699938,294.01941303000615
2025-08-05,308.72,308.95,312.45,305.5,57.96M,-0.17%,308.72,57960000.0,314.863,321.8442,-0.0017461036021469978,0.03432429595012455,43.21349963316214,-2.1706734599435435,336.7297915445617,295.96020845543836
2025-08-06,319.91,307.89,320.47,306.93,78.52M,3.62%,319.91,78520000.0,313.598,321.4556,0.03624643690075158,0.03691342303311092,50.23960130343108,-1.532587995733934,335.54553304418783,299.54746695581224
2025-08-07,322.27,319.79,322.4,316.16,66.66M,0.74%,322.27,66660000.0,315.29499999999996,320.6432,0.007377074802288108,0.024449201171698534,46.174580136844284,-0.8269359882109484,335.90453202160404,300.42846797839593
2025-08-08,329.65,321.43,335.15,320.98,91.20M,2.29%,329.65,91200000.0,316.654,320.0982,0.022900052750798983,0.02306375313888428,50.5648617062719,0.32406699190778454,337.2790485117285,300.6679514882715
2025-08-11,339.03,335.0,346.64,334.15,105.32M,2.85%,339.03,105320000.0,317.998,319.7102,0.02845442135598364,0.02285889491835028,53.19070453707118,1.9704189906684633,340.4201040208354,299.73989597916454
2025-08-12,340.84,345.0,345.26,332.94,80.69M,0.53%,340.84,80690000.0,319.962,319.5978,0.005338760581659496,0.021991483447858104,53.770491803278674,3.3822284598892907,343.4171915352839,299.74880846471603
2025-08-13,339.38,341.5,348.98,338.2,67.84M,-0.43%,339.38,67840000.0,321.996,319.5316,-0.004283534796385324,0.021845499937220614,70.28571428571432,4.333335839365645,345.7087557056205,299.2282442943795
2025-08-14,335.58,335.76,340.47,330.4,75.00M,-1.12%,335.58,75000000.0,324.727,319.3578,-0.011196888443632536,0.018075515325176903,62.66874350986502,4.7259887909283975,347.18473325669237,299.3692667433076
2025-08-15,330.56,337.65,339.3,327.02,74.32M,-1.50%,330.56,74320000.0,327.52,319.328,-0.014959175159425464,0.017545480742548688,53.42616848200747,4.579309607213361,347.284703461625,299.360296538375
2025-08-18,335.16,329.62,336.27,329.59,56.96M,1.39%,335.16,56960000.0,330.11,320.3372,0.013915779283639962,0.01706790315140139,59.59582073137205,4.779155721314623,348.10180721771707,299.21019278228295
2025-08-19,329.31,335.79,340.55,327.85,75.96M,-1.75%,329.31,75960000.0,332.169,321.0206,-0.017454350161117183,0.018727617069039196,56.71856600811199,4.414600332404575,347.7894148704535,299.2425851295464
2025-08-20,323.9,329.22,331.37,314.6,77.48M,-1.64%,323.9,77480000.0,332.56800000000004,321.327,-0.016428289453706335,0.016779643340583614,60.99620092866189,3.6471042261941307,346.9832198624438,299.18278013755616
2025-08-21,320.11,322.08,324.9,318.68,55.74M,-1.17%,320.11,55740000.0,332.352,321.2074,-0.011701142327878888,0.017101793019427203,62.62640855244152,2.7018909894059107,346.2778244223163,301.36917557768373
2025-08-22,340.01,321.66,340.25,319.69,94.02M,6.22%,340.01,94020000.0,333.38800000000003,321.479,0.06216613039267749,0.02551860970838485,68.6386228633774,3.518012915119982,348.27241752327336,301.76958247672667
2025-08-25,346.6,338.9,349.53,335.03,86.67M,1.94%,346.6,86670000.0,334.145,322.0288,0.019381782888738597,0.024675646962091135,71.39146148633387,4.643031370706524,351.2497841060664,300.89321589393353
2025-08-26,351.67,344.93,351.9,343.72,76.65M,1.46%,351.67,76650000.0,335.228,322.556,0.014627813040969384,0.02496841350319543,69.26716816306723,5.8759884926537325,355.11102059661187,300.0789794033881
2025-08-27,349.6,351.94,355.39,349.16,65.52M,-0.59%,349.6,65519999.99999999,336.25,322.9654,-0.005886200130804431,0.02502833248869814,66.63825642274446,6.609889502810063,357.99918002144796,300.246819978552
2025-08-28,345.98,350.91,353.55,340.26,67.90M,-1.04%,345.98,67900000.0,337.29,323.558,-0.010354691075514899,0.024975692107663962,60.41852749776703,6.820781866860614,359.0645306116833,302.95246938831673
2025-08-29,333.87,347.23,348.75,331.7,81.15M,-3.50%,333.87,81150000.0,337.621,323.7944,-0.035002023238337565,0.027302372633451828,46.81874229346488,5.942241333089839,357.2493684164265,307.8916315835735
2025-09-02,329.36,328.23,333.33,325.6,58.39M,-1.35%,329.36,58390000.0,337.041,323.9384,-0.013508251714739239,0.027274626128979608,43.150357995226756,4.826436170356715,355.769375376104,311.3816246238961
2025-09-03,334.09,335.2,343.33,328.51,88.73M,1.44%,334.09,88730000.0,337.519,323.6466,0.014361185329123005,0.02705059086137869,46.96221431032502,4.2745496620004815,353.70630147255673,315.98169852744326
2025-09-04,338.53,336.15,338.89,331.48,60.71M,1.33%,338.53,60710000.0,338.98199999999997,323.6078,0.013289832081175623,0.0264555853498331,51.681678257895335,4.147635165003464,353.3262032875703,318.22379671242965
2025-09-05,350.84,348.0,355.87,344.68,108.99M,3.64%,350.84,108990000.0,342.055,324.0736,0.036363099282190614,0.027483368366542475,60.673684210526304,4.982928534421717,354.77722114085003,319.62977885915
2025-09-08,346.4,354.64,358.44,344.84,75.21M,-1.27%,346.4,75210000.0,342.694,324.486,-0.012655341466195402,0.02098120036914388,55.92576971741879,5.226387116907006,355.6953513646008,320.3866486353992
2025-09-09,346.97,348.44,350.77,343.82,53.82M,0.16%,346.97,53820000.0,342.731,324.95279999999997,0.0016454965357968199,0.020084897632684267,59.859312192943285,5.403041138889364,356.5374813534167,320.3385186465833
2025-09-10,347.79,350.55,356.33,346.07,72.12M,0.24%,347.79,72120000.0,342.34299999999996,325.5554,0.0023633167132603994,0.01947723795149429,64.05790278921975,5.545285274187393,357.34030357721406,320.23069642278597
2025-09-11,368.81,350.17,368.99,347.6,103.76M,6.04%,368.81,103760000.0,344.264,326.9174,0.06043877052244162,0.027319174674260073,73.82583170254402,7.270345092165201,363.16709623448156,317.34690376551833
2025-09-12,395.94,370.94,396.69,370.24,168.16M,7.36%,395.94,168160000.0,349.26,328.5232,0.07356091212277316,0.033929971666170344,75.5551494105821,10.703251273291187,376.9599180682199,309.59008193178005
2025-09-15,410.04,423.13,425.7,402.43,163.82M,3.56%,410.04,163820000.0,356.877,330.417,0.03561145628125484,0.029657890296024947,77.12502137848469,14.39566208444927,391.6627024375369,302.83529756246315
2025-09-16,421.62,414.49,423.25,411.43,104.29M,2.82%,421.62,104290000.0,366.103,332.97060000000005,0.028241147205150696,0.027062375196548173,78.33130822195221,18.048284092228982,406.5952022255834,296.5487977744166
2025-09-17,425.86,415.75,428.31,409.67,106.13M,1.01%,425.86,106130000.0,375.28,335.53159999999997,0.01005644893506008,0.027289382894933628,80.35344690335933,21.042580148555203,419.54159688430474,293.25740311569524
2025-09-18,416.85,428.86,432.22,416.56,90.45M,-2.12%,416.85,90450000.0,383.112,337.95099999999996,-0.021157187808199862,0.03085741033584729,77.04755362186093,22.429990675322927,427.70236061673467,294.3916393832654
2025-09-19,426.07,421.82,429.47,421.72,93.13M,2.21%,426.07,93130000.0,390.635,340.275,0.022118267962096594,0.030417980161279425,85.98189197627225,23.996879370935005,436.07338687967535,296.6166131203246
2025-09-22,434.21,431.11,444.98,429.13,97.11M,1.91%,434.21,97110000.0,399.416,342.689,0.01910484192738271,0.028204456667882107,89.79127134724858,25.600374737913853,445.8363257015667,296.2736742984332
2025-09-23,425.85,439.88,440.97,423.72,83.42M,-1.93%,425.85,83420000.0,407.304,344.86799999999994,-0.019253356670735244,0.0306473996720298,83.88979169744427,25.89803777770743,452.6856043726556,297.3493956273445
2025-09-24,442.79,429.83,444.21,429.03,93.13M,3.98%,442.79,93130000.0,416.804,347.5082,0.03977926499941287,0.030387481112284506,85.2515553151204,27.187454258711455,462.0183164468027,297.12868355319733
2025-09-25,423.39,435.24,435.35,419.08,96.75M,-4.38%,423.39,96750000.0,422.262,349.54259999999994,-0.043813094243320805,0.03443483000716002,73.40775633993677,26.340273960253512,466.6589214198951,299.867078580105
2025-09-26,440.4,428.3,440.47,421.02,101.63M,4.02%,440.4,101630000.0,426.70799999999997,351.9624,0.04017572450931772,0.029299972730665542,78.05300226811508,26.733277726871847,473.1643492040621,302.803650795938
2025-09-29,443.21,444.35,450.98,439.5,79.49M,0.64%,443.21,79490000.0,430.025,354.2336,0.006380563124432248,0.028011138211763025,78.34256096124396,26.960693467363456,478.0408597630738,308.86114023692625
2025-09-30,444.72,441.52,445.0,433.12,74.36M,0.34%,444.72,74360000.0,432.3349999999999,356.5582,0.0034069628392863205,0.02711998445397496,78.43022232650907,26.95207966327723,481.09672446893103,317.34127553106896
2025-10-01,459.46,443.8,462.29,440.75,98.12M,3.31%,459.46,98120000.0,435.695,359.10519999999997,0.03314445044072656,0.028482521709369903,77.60521347219685,27.81402520522363,485.54685689421603,325.428143105784
2025-10-02,436.0,470.54,470.75,435.57,137.01M,-5.11%,436.0,137010000.0,437.60999999999996,361.17400000000004,-0.051059939929482434,0.03308091874094373,62.478195863443815,26.300916724352874,484.937437339923,335.784562660077
2025-10-03,429.83,443.29,446.77,416.58,133.19M,-1.42%,429.83,133190000.0,437.986,363.6646,-0.014151376146789074,0.032983493711036975,56.48469755554099,24.323513592908796,483.80814902498264,344.8128509750172
2025-10-06,453.25,440.75,453.55,436.69,85.32M,5.45%,453.25,85320000.0,439.89,366.40840000000003,0.054486657515762094,0.03677675255789833,59.6180745606033,24.365337195419443,483.3558262117789,355.95017378822104
2025-10-07,433.09,447.82,452.68,432.45,102.30M,-4.45%,433.09,102300000.0,440.61400000000003,368.55840000000006,-0.04447876447876453,0.03939048811433815,52.00443581924035,22.512232186612493,477.8646477462896,370.0533522537104
2025-10-08,438.69,437.57,441.33,425.23,71.19M,1.29%,438.69,71190000.0,440.204,370.9082,0.012930337805075132,0.03742457807252581,56.17158358765682,21.25054328014994,469.0393254127248,387.96867458727525
2025-10-09,435.54,431.81,436.35,426.18,69.34M,-0.72%,435.54,69340000.0,441.419,373.2382,-0.007180469123982736,0.034359197830894,52.77111254169838,19.76858709098235,461.10615040596093,402.5748495940392
2025-10-10,413.49,436.54,443.13,411.45,112.11M,-5.06%,413.49,112110000.0,438.72800000000007,375.34259999999995,-0.0506268081002893,0.035528770022801366,44.39333261175453,16.623252901851288,458.26781396573995,407.1681860342601
2025-10-13,435.9,423.53,436.89,419.7,79.55M,5.42%,435.9,79550000.0,437.997,378.00800000000004,0.05419719944859591,0.040242531375868605,52.52728461499773,15.757213261912682,457.24057815054647,410.7814218494537
2025-10-14,429.24,426.79,434.2,417.86,72.67M,-1.53%,429.24,72670000.0,436.44899999999996,380.40759999999995,-0.015278733654507826,0.04045188460950939,46.4067886502254,14.367840743306488,457.0077165659014,411.7762834340986
2025-10-15,435.15,434.9,440.51,426.33,71.56M,1.38%,435.15,71560000.0,434.01800000000003,382.93620000000004,0.013768521107072829,0.0389759139572486,53.35884839483606,13.587017935357949,457.11313640827694,412.599863591723
2025-10-16,428.75,434.73,439.35,421.31,77.19M,-1.47%,428.75,77190000.0,433.293,385.11300000000006,-0.01470757210157414,0.035736248093574896,46.45788993615081,12.309883052374289,456.271149903516,414.6318500964839
2025-10-17,439.31,425.5,441.46,423.6,89.33M,2.46%,439.31,89330000.0,434.241,387.45380000000006,0.024629737609329405,0.03626341348006746,48.86759581881534,12.01138839416916,456.5149202549912,415.7120797450087
2025-10-20,447.43,443.86,449.8,440.61,63.72M,1.85%,447.43,63720000.0,433.659,389.80940000000004,0.01848353099178257,0.03210795173782208,50.757787595772044,12.288392426695964,457.7644058195959,415.7845941804041
2025-10-21,442.6,445.76,449.3,442.05,54.41M,-1.08%,442.6,54410000.0,434.60999999999996,391.8808,-0.010794984690342568,0.028594215690458263,45.008880994671415,11.980080572673444,458.09716957780176,417.12683042219817
2025-10-22,438.97,443.45,445.54,429.0,84.02M,-0.82%,438.97,84020000.0,434.63800000000003,393.84340000000003,-0.008201536375960217,0.028521952848230215,50.99617629301672,11.31242791698429,457.77369634276425,417.06830365723573
2025-10-23,448.98,420.0,449.4,413.9,126.71M,2.28%,448.98,126710000.0,435.9820000000001,396.0354,0.022803380641046145,0.029201081787945445,56.261853377803945,11.458940190538499,458.55047571255926,418.8505242874408
2025-10-24,433.72,446.83,451.68,430.17,94.73M,-3.40%,433.72,94730000.0,438.005,397.99820000000005,-0.033988150919862736,0.026086851422556668,43.2538860103627,10.22582085853071,458.32059603116033,418.4124039688396
2025-10-27,452.42,439.98,460.16,438.69,105.87M,4.31%,452.42,105870000.0,439.657,400.4354,0.043115373973992455,0.0239138986686964,56.74506246074397,10.634906044467243,459.6575869235283,417.9964130764718
2025-10-28,460.55,454.77,467.0,451.6,80.19M,1.80%,460.55,80190000.0,442.788,402.9432,0.01797002785022772,0.023240167284025105,57.495542449595405,11.482765879096007,462.49445959447684,416.742540405523
2025-10-29,461.51,462.5,465.7,452.65,67.98M,0.21%,461.51,67980000.0,445.424,405.5872,0.0020844642275539282,0.02317287625659604,59.040590405904055,12.09276699307469,462.98634707964965,416.45565292035036
2025-10-30,440.1,451.05,455.06,439.61,72.45M,-4.64%,440.1,72450000.0,446.559,407.9112,-0.04639119412363757,0.02800262556603765,59.304846492761754,10.724958555387616,463.12545589198015,416.72654410801994
2025-10-31,456.56,446.75,458.0,443.69,83.14M,3.74%,456.56,83140000.0,448.284,410.64020000000005,0.03740059077482383,0.029358527109272326,57.537945125510824,10.844140451155454,465.08445438090746,417.4405456190925
2025-11-03,468.37,455.99,474.07,453.8,84.60M,2.59%,468.37,84600000.0,450.378,413.2074,0.025867355878745446,0.029845155807588876,63.75975807018779,11.756044894265244,468.2773004496084,415.75969955039164
2025-11-04,444.26,454.46,460.22,443.6,87.76M,-5.15%,444.26,87760000.0,450.544,415.1606,-0.051476396865725804,0.03462514873274485,52.83995261549973,10.413223077393752,468.50933957415333,416.6446604258468
2025-11-05,462.07,452.05,466.33,440.71,85.57M,4.01%,462.07,85570000.0,452.854,417.3686,0.04008913699185168,0.03652713394296271,59.69732246798604,10.663226234233605,471.0140521760064,416.4779478239936
2025-11-06,445.91,461.96,467.45,435.09,109.62M,-3.50%,445.91,109620000.0,452.547,419.2948,-0.03497305603047152,0.03806650295718829,51.86020293122887,9.448462596609772,471.2686489794622,417.2603510205379
2025-11-07,429.52,437.92,439.36,421.88,103.47M,-3.68%,429.52,103470000.0,452.12699999999995,420.9656,-0.03675629611356557,0.03834988824090581,45.17692680562287,7.081585528994367,469.00142488050403,421.1305751194959
2025-11-10,445.23,439.6,449.67,433.36,76.52M,3.66%,445.23,76520000.0,451.408,423.19280000000003,0.03657571242317004,0.03757508122003163,50.669040956499614,6.399712207882658,469.07621331888475,421.9887866811152
2025-11-11,439.62,439.4,442.49,432.36,60.53M,-1.26%,439.62,60530000.0,449.31500000000005,425.398,-0.012600229095074522,0.03710438195916751,50.163703218657126,5.345028412619797,468.51588329538197,423.5871167046181
2025-11-12,430.6,442.15,442.33,426.56,58.51M,-2.05%,430.6,58510000.0,446.224,427.3282,-0.020517719848960447,0.03737873973292131,45.34777766528298,3.7382530355607173,468.83864741831167,422.80935258168824
2025-11-13,401.99,423.13,424.5,396.34,118.95M,-6.64%,401.99,118950000.0,442.413,428.59740000000005,-0.06644217371110084,0.04020085478373193,42.47712077386314,0.15450306167605277,473.90151570532555,415.07048429467454
2025-11-14,404.35,386.3,412.19,382.78,105.51M,0.59%,404.35,105510000.0,437.192,429.6676,0.005870792805791281,0.0373554781081692,37.645849396042145,-2.466776867284011,477.1749511456843,408.3010488543157
2025-11-17,408.92,398.74,423.96,398.74,102.21M,1.13%,408.92,102210000.0,431.247,430.918,0.011302089773710833,0.03599867744550618,36.48358552803812,-4.127816391485908,478.3148743107965,403.3101256892035
2025-11-18,401.25,405.38,408.9,393.71,80.69M,-1.88%,401.25,80690000.0,426.946,432.0036,-0.018756725031791044,0.033502533721121094,34.75973697521498,-5.994011843308101,480.1849718044983,397.30502819550173
2025-11-19,403.99,406.18,411.78,398.5,72.05M,0.68%,403.99,72050000.0,421.13800000000003,433.12760000000003,0.006828660436137168,0.02942156382722632,39.91509802826342,-7.16924746119372,481.2529480242456,392.7390519757546
2025-11-20,395.23,414.63,428.94,394.74,113.55M,-2.17%,395.23,113550000.0,416.07,433.656,-0.02168370504220396,0.028604924095250537,32.10179186365495,-8.707118700720173,481.90338529574893,386.71361470425103
2025-11-21,391.09,402.32,402.8,383.76,100.46M,-1.05%,391.09,100460000.0,412.22700000000003,433.559,-0.010474913341598668,0.02721207781859705,26.390076988879386,-10.143033561309664,483.5511155795276,380.8028844204724
2025-11-24,417.78,402.17,421.72,401.09,96.81M,6.82%,417.78,96810000.0,409.482,433.71380000000005,0.06824516096039268,0.03408030356879326,42.03561116458133,-9.023331146542887,481.2784160712556,379.6115839287444
2025-11-25,419.4,414.42,420.48,405.95,71.92M,0.39%,419.4,71920000.0,407.46,433.66939999999994,0.0038776389487289453,0.03411454445563823,35.78140619793402,-7.914010666066986,477.38843828317255,379.38656171682743
2025-11-26,426.58,423.95,426.94,416.89,63.46M,1.71%,426.58,63460000.0,407.058,433.6838,0.017119694802098184,0.03418730767922444,43.14879138016587,-6.3819332449982085,473.09493548565035,380.1870645143496
2025-11-28,430.17,426.59,432.93,426.2,36.25M,0.84%,430.17,36250000.0,409.87600000000003,433.9502,0.008415771953678153,0.025114017661395493,50.25337179387232,-4.82247733681038,472.2033353601841,380.0856646398159
2025-12-01,430.14,425.32,433.66,425.29,57.46M,-0.01%,430.14,57460000.0,412.45500000000004,434.03159999999997,-6.97398702839136e-05,0.025215706245656288,43.29869437783106,-3.5481175530528617,468.67177441842364,380.9752255815763
2025-12-02,429.24,430.81,436.8,422.12,69.34M,-0.21%,429.24,69340000.0,414.48699999999997,433.9322,-0.0020923420281768745,0.02528677416396742,45.18909899888766,-2.581048006769322,461.74423733957434,383.9897626604257
2025-12-03,446.74,432.1,447.92,431.11,87.48M,4.08%,446.74,87480000.0,419.03599999999994,434.3500000000001,0.040769732550554494,0.026031519070756036,56.935372980405624,-0.3979473878090971,462.1701840005259,383.81181599947405
2025-12-04,454.53,449.94,454.63,445.39,71.91M,1.74%,454.53,71910000.0,424.09000000000003,434.58480000000003,0.017437435644894084,0.026054557891836607,77.49633661293694,1.9384185944282422,460.3275683527088,384.90043164729127
2025-12-05,455.0,453.03,458.87,451.66,56.43M,0.10%,455.0,56430000.0,430.067,435.21700000000004,0.0010340351571953565,0.023656317301149286,77.04217832354507,3.784307399948375,462.1581563381066,383.97884366189345
2025-12-08,439.58,447.45,449.75,435.25,69.17M,-3.39%,439.58,69170000.0,434.916,435.20059999999995,-0.033890109890109876,0.02727670469360858,64.6698564593301,3.957305097721189,463.26493961438405,383.878060385616
2025-12-09,445.17,437.54,452.39,435.7,62.37M,1.27%,445.17,62370000.0,437.65500000000003,435.23980000000006,0.012716684107557219,0.01895676811084742,71.44112478031633,4.493673036458006,463.2550557376234,383.88194426237663
2025-12-10,451.45,446.07,456.88,443.61,63.26M,1.41%,451.45,63260000.0,440.86,435.37440000000004,0.014106970370869387,0.01907326397661505,72.39524348810869,5.3636630393263545,465.1839668076026,383.13603319239746
2025-12-11,446.89,448.95,449.27,440.33,55.98M,-1.01%,446.89,55980000.0,442.89099999999996,435.12300000000005,-0.01010078635507805,0.01949427941441329,75.38325471698109,5.620394089558488,467.1670383650227,382.7819616349773
2025-12-12,458.96,448.09,463.01,441.67,95.66M,2.70%,458.96,95660000.0,445.77,435.5822,0.027008883617892554,0.020722007305361962,80.93718661682924,6.720335578035986,471.158768185302,384.4872318146981
2025-12-15,475.31,469.44,481.77,467.66,114.54M,3.56%,475.31,114540000.0,450.287,436.4918,0.035624019522398465,0.022431488317979396,78.95319577252138,8.809801580939677,478.1013894810683,384.6406105189317
2025-12-16,489.88,472.21,491.5,465.83,107.61M,3.07%,489.88,107610000.0,456.351,437.22439999999995,0.03065367865182722,0.022814570124419353,81.38023152270702,11.508730197676869,487.661841423488,383.17615857651197
2025-12-17,467.26,488.22,495.28,466.2,106.49M,-4.62%,467.26,106490000.0,458.4030000000001,437.9078,-0.04617457336490571,0.027390785328487547,65.9229685298262,11.687677345289387,490.208295909501,387.230704090499
2025-12-18,483.37,478.16,490.86,473.12,95.17M,3.45%,483.37,95170000.0,461.287,438.8014,0.03447759277490059,0.028757405955454025,68.96477969485241,12.9798134028743,495.13431415237056,390.2426858476295
2025-12-19,481.2,488.12,490.49,474.72,103.31M,-0.45%,481.2,103310000.0,463.907,439.7146,-0.004489314603719707,0.028927567139538136,67.92837078651685,13.671147198385256,497.09522102945357,396.87877897054636
2025-12-22,488.73,489.88,498.83,485.33,86.92M,1.56%,488.73,86920000.0,468.82199999999995,441.2194,0.015648379052369155,0.025360434625851285,69.9590686438972,14.657677696880967,497.90739491463114,405.8306050853689
2025-12-23,485.56,489.39,491.97,482.84,58.22M,-0.65%,485.56,58220000.0,472.861,442.2126,-0.006486198923741138,0.025932134208541933,64.4097995545657,15.01068389716238,500.7057206191183,409.81027938088164
2025-12-24,485.4,488.48,490.9,476.8,41.29M,-0.03%,485.4,41290000.0,476.256,443.3358,-0.00032951643463219327,0.026019594008865807,62.14684819390886,15.103430248982079,502.60593255199404,414.51006744800594
2025-12-26,475.19,485.23,489.09,473.82,58.78M,-2.10%,475.19,58780000.0,479.08600000000007,444.13660000000004,-0.0210341985990935,0.027054373211486824,57.37884657554272,14.189502971929471,502.9206031518406,419.05639684815947
2025-12-29,459.64,469.0,469.4,459.0,66.26M,-3.27%,459.64,66260000.00000001,479.154,444.75440000000003,-0.032723752604221445,0.028572193361230333,57.32437563896596,12.071303504473008,501.8268133556616,423.09718664433836
2025-12-30,454.43,461.09,463.12,453.83,59.24M,-1.13%,454.43,59240000.0,477.066,445.0568,-0.011334957793055378,0.02589454500098996,53.3904510837727,9.858568269235377,500.2417888464021,427.111211153598
2025-12-31,449.72,456.1,456.55,449.3,49.08M,-1.04%,449.72,49080000.0,473.05,445.10259999999994,-0.010364632616684633,0.02283131385849486,49.359211793466194,7.636868945112099,498.22593887227595,431.1750611277241
2026-01-02,438.07,457.8,458.34,435.3,85.54M,-2.59%,438.07,85540000.0,470.131,445.01199999999994,-0.02590500756025982,0.019790631898774075,46.89611486486486,4.879846751623859,498.97368681210355,429.5603131878963
2026-01-05,451.67,447.99,457.55,444.57,67.94M,3.10%,451.67,67940000.0,466.96099999999996,445.26599999999996,0.031045266738192634,0.019020501974443074,47.46187591393358,3.7490761242285657,499.02264506493316,429.2253549350668
2026-01-06,432.96,446.38,448.25,428.78,89.09M,-4.14%,432.96,89090000.0,462.137,444.94559999999996,-0.04142404853100723,0.021929305398769614,35.493594574227586,1.3278845942267594,500.43507882770655,425.60892117229355
2026-01-07,431.41,435.9,438.37,431.29,59.83M,-0.36%,431.41,59830000.0,456.40500000000003,444.89939999999996,-0.0035800073909828534,0.020174978987592386,28.01053027453932,-0.7078396483013876,501.26228688093823,423.96471311906186
2026-01-08,435.8,427.89,436.89,424.36,57.04M,1.02%,435.8,57040000.0,451.429,444.56699999999995,0.010175934725666913,0.021354148642324072,36.28835425383544,-1.9445143152587434,501.8955635842175,422.3944364157825
2026-01-09,445.01,435.95,449.05,430.39,67.33M,2.11%,445.01,67330000.0,447.39000000000004,444.25620000000004,0.021133547498852545,0.02346915684269226,32.21109256167688,-2.156558406860597,502.0399412325828,421.60605876741715
2026-01-12,448.96,441.23,454.3,438.0,61.65M,0.89%,448.96,61650000.0,444.767,444.00519999999995,0.00887620502910047,0.023585927753524506,35.29197080291971,-1.9830139383793153,501.99199704775884,421.8610029522412
2026-01-13,447.2,450.2,451.81,443.95,53.72M,-0.39%,447.2,53720000.0,443.52299999999997,444.1472,-0.003920171062009925,0.021550679642260456,30.000963112780482,-1.964846460926708,501.92904609920066,420.74795390079925
2026-01-14,439.2,442.81,443.91,434.22,57.26M,-1.79%,439.2,57260000.0,442.0,443.8,-0.017889087656529523,0.02194429198945178,28.66740290815386,-2.566397907812245,500.7149526645218,418.35104733547826
2026-01-15,438.57,441.13,445.36,437.65,49.47M,-0.14%,438.57,49470000.0,440.88499999999993,443.204,-0.0014344262295081789,0.02180090124851033,28.543938422065423,-3.0587086094141682,496.5512525813408,417.38374741865925
2026-01-16,437.5,439.5,447.25,435.26,60.22M,-0.24%,437.5,60220000.0,440.828,443.06880000000007,-0.002439747360740596,0.020179494372691776,31.15311531153114,-3.49492116925137,495.66699241139014,415.2920075886099
2026-01-20,419.25,429.36,430.73,417.44,63.19M,-4.17%,419.25,63190000.0,437.58599999999996,442.21240000000006,-0.041714285714285704,0.02086915374381195,30.334014996591677,-5.252695440699313,493.3140244015916,411.2329755984083
2026-01-21,431.44,421.66,438.2,419.62,68.12M,2.91%,431.44,68120000.0,437.434,441.92299999999994,0.029075730471079364,0.01991750278319582,39.51855566700099,-5.597587585671931,489.45261881062936,410.1183811893708
2026-01-22,449.36,435.16,449.5,432.63,71.55M,4.15%,449.36,71550000.0,439.229,442.31980000000004,0.04153532356758771,0.023792332925051767,49.85351562499999,-4.374496387736826,483.0008438401512,412.63315615984857
2026-01-23,449.06,447.42,452.43,444.04,56.77M,-0.07%,449.06,56770000.0,440.555,442.39639999999997,-0.0006676161652128254,0.02374384987468935,54.926925490899315,-3.3903138664175003,476.39434450792703,415.589655492073
2026-01-26,435.2,445.0,445.04,434.28,49.40M,-3.09%,435.2,49400000.0,439.57399999999996,442.30799999999994,-0.030864472453569713,0.025051296494188222,42.633509258430976,-3.686235664626963,467.88179257892295,419.082207421077
2026-01-27,430.9,437.41,437.52,430.69,37.73M,-0.99%,430.9,37730000.0,437.76800000000003,442.314,-0.00988051470588236,0.02485251501427785,48.94228794413637,-4.21909478670409,461.1764568575959,421.35854314240396
2026-01-28,431.46,431.91,438.26,430.1,54.86M,0.13%,431.46,54860000.0,436.19399999999996,442.9034,0.0012996054769087717,0.024904935872239988,50.025936300446084,-4.543823787913254,458.2213564169411,421.4956435830589
2026-01-29,416.56,437.8,440.23,414.62,81.69M,-3.45%,416.56,81690000.0,433.93,443.1476,-0.03453390812589807,0.026493985239871197,41.000935453695035,-5.9350636174883675,457.75579264920754,418.1742073507924
2026-01-30,430.41,425.35,439.88,422.7,82.63M,3.32%,430.41,82630000.0,433.1139999999999,443.57739999999995,0.03324851161897446,0.029144696475807363,43.455262686031936,-5.8525869755031295,456.2524570934395,417.74654290656053
2026-02-02,421.81,421.29,427.15,414.5,58.74M,-2.00%,421.81,58740000.0,431.54499999999996,443.9886,-0.0199809483980391,0.029729929972326798,38.316550477665906,-6.4073122619761875,456.58809052106454,415.7849094789356
2026-02-03,421.96,424.27,428.56,413.69,56.89M,0.04%,421.96,56890000.0,431.816,444.348,0.0003556103458903781,0.026480985929199508,38.98586140687729,-6.756942474888433,454.67776850743667,414.7242314925634
2026-02-04,406.01,420.46,423.9,399.18,74.61M,-3.78%,406.01,74610000.0,429.273,444.5636,-0.03779979144942647,0.02703003999177217,36.456378029870244,-8.226231758795336,457.1040273293197,409.6029726706803
2026-02-05,397.21,397.02,402.1,387.53,72.82M,-2.17%,397.21,72820000.0,424.058,444.686,-0.02167434299647797,0.021593264885405406,34.17750573833206,-9.985632402781732,460.38374962349417,402.90325037650575
2026-02-06,411.11,400.87,414.55,397.75,62.68M,3.50%,411.11,62680000.0,420.26300000000003,444.5525999999999,0.034994083734045,0.02614663362655771,40.80679997213127,-10.14145191128631,460.4874153417927,400.3305846582073
2026-02-09,417.32,409.9,421.25,407.29,54.48M,1.51%,417.32,54480000.0,418.475,444.51099999999997,0.015105446230935682,0.025813510443815493,49.266103886227086,-9.652576005855053,458.82090916196233,399.22809083803764
2026-02-10,425.21,418.08,427.25,417.0,64.45M,1.89%,425.21,64450000.0,417.90600000000006,444.4836,0.018906354835617645,0.026662001077503567,47.55090809025866,-8.530150997259568,456.1439514244659,399.53004857553407
2026-02-11,428.27,427.95,436.35,420.03,57.36M,0.72%,428.27,57360000.0,417.587,444.44559999999996,0.0071964441099692245,0.02678364046688151,40.6124810825247,-7.309445922180373,453.6975732810286,400.08342671897134
2026-02-12,417.07,430.3,436.23,414.0,61.93M,-2.62%,417.07,61930000.0,417.63800000000003,444.18420000000003,-0.02615172671445576,0.025706847844877458,37.02020611863994,-7.1632018215094035,452.2767902009449,399.2912097990551
2026-02-13,417.44,414.3,424.06,410.88,51.43M,0.09%,417.44,51430000.0,416.341,443.9482,0.000887141247272627,0.02301052206220492,41.90814652815747,-6.937475511052014,450.75456839952176,398.70043160047817
2026-02-17,410.63,412.36,413.72,400.51,59.68M,-1.63%,410.63,59680000.0,415.22299999999996,443.226,-0.016313721732464592,0.022734131417227868,40.97104677060135,-7.224812726379639,449.409057884555,397.358942115445
2026-02-18,411.32,411.11,416.9,409.58,45.92M,0.17%,411.32,45920000.0,414.159,442.3618,0.0016803448359836715,0.022756141862000378,41.0393308417868,-7.312557693073586,449.51453953168334,396.4604604683167
2026-02-19,411.71,407.25,415.25,404.11,51.02M,0.09%,411.71,51020000.0,414.729,441.496,0.0009481668773703156,0.0190381737322893,47.52222335751506,-7.266858647684842,448.67159007102276,395.3304099289771
2026-02-20,411.82,408.3,414.7,405.5,57.91M,0.03%,411.82,57910000.0,416.18999999999994,440.9408,0.0002671783536956074,0.017242898364258904,38.951622489005096,-7.139466419557607,443.80364740135144,396.4443525986485
2026-02-23,399.83,407.29,407.7,394.04,69.68M,-2.91%,399.83,69680000.0,415.062,440.034,-0.029114661745422765,0.016224161454238342,37.44287020109688,-7.914763489605491,438.77284555551813,396.5521544444819
2026-02-24,409.38,399.5,410.82,397.64,58.58M,2.39%,409.38,58580000.0,414.2679999999999,439.19259999999997,0.023885151189255494,0.017481155338841387,43.510111432108964,-7.670169872240024,436.07735835948057,396.6656416405195
2026-02-25,417.4,412.15,420.34,412.15,54.81M,1.96%,417.4,54810000.0,413.48699999999997,438.6028,0.019590600420147597,0.017572228313725062,56.39959546016405,-6.751355273195998,434.19481887097663,397.1981811290234
2026-02-26,408.58,414.42,416.81,403.66,53.60M,-2.11%,408.58,53600000.0,411.51800000000003,437.5952,-0.02113080977479631,0.018246785221104605,56.38692281766094,-6.658137507298875,431.72882382087903,397.3761761791209
2026-02-27,402.51,402.94,407.12,398.11,56.89M,-1.49%,402.51,56890000.0,410.062,436.13919999999996,-0.014856331685349278,0.01707247994950926,44.70312884947029,-6.993443958435876,431.81192229777423,395.8880777022258
2026-03-02,403.32,390.6,404.54,388.25,55.09M,0.20%,403.32,55090000.0,408.65,434.408,0.0020123723634195567,0.017107662493309556,40.762734230667725,-7.111835691281783,429.24410242401115,395.74689757598884
2026-03-03,392.43,395.09,396.34,385.39,62.62M,-2.70%,392.43,62620000.0,406.83,432.9114,-0.027000892591490633,0.01830280809698009,29.195227215029206,-7.992264135063863,429.40929891064394,392.64370108935617
2026-03-04,405.94,397.85,408.33,394.58,68.31M,3.44%,405.94,68310000.0,406.29200000000003,431.3628,0.03442652192747753,0.02205143217523532,37.4873921326908,-7.513257768966525,427.98798971997815,392.4630102800219
2026-03-05,405.55,401.57,408.62,399.42,51.93M,-0.10%,405.55,51930000.0,405.67600000000004,429.84979999999996,-0.000960733113267942,0.022040017612955425,42.65493496557002,-7.083457820953299,427.98914771230943,392.41585228769054
2026-03-06,396.73,398.09,402.35,394.21,64.05M,-2.17%,396.73,64050000.0,404.16700000000003,428.00980000000004,-0.02174824312661816,0.02294822533145794,38.079889490042596,-7.369586547484801,428.04010041747046,392.3168995825295
2026-03-09,398.68,390.05,401.59,381.4,67.02M,0.49%,398.68,67019999.99999999,404.052,426.27219999999994,0.00491518160965887,0.021181202193340003,42.714303133764176,-7.354222027844401,428.132859943251,390.98114005674904
2026-03-10,399.23,402.22,406.59,398.19,59.26M,0.14%,399.23,59260000.0,403.037,424.5488,0.00137955252332711,0.01947830463865383,42.61634298277759,-7.2145008568686535,427.3977033162651,389.90729668373484
2026-03-11,407.82,402.28,416.38,402.15,62.56M,2.15%,407.82,62560000.0,402.07900000000006,423.2014,0.021516419106780482,0.019727125433482658,47.84056844676363,-6.337574003746738,424.8308535151315,390.73514648486855
2026-03-12,395.01,405.17,406.5,394.65,60.97M,-3.14%,395.01,60970000.0,400.722,421.9088,-0.031410916580844495,0.02104995747253978,41.82154325192176,-6.600180326756629,421.119018915274,391.120981084726
2026-03-13,391.2,399.17,400.2,389.95,58.50M,-0.96%,391.2,58500000.0,399.591,420.64419999999996,-0.009645325434799124,0.020791501017136522,45.438206998625645,-7.034641915134671,420.3038264044949,389.34917359550514
2026-03-16,395.56,396.22,403.73,394.42,58.07M,1.11%,395.56,58070000.0,398.815,419.56100000000004,0.011145194274028603,0.02121539482176338,42.27069351230424,-6.947058921241364,418.53422233931644,388.9307776606835
2026-03-17,399.27,395.69,400.12,393.0,46.89M,0.94%,399.27,46890000.0,399.499,418.785,0.009379108099908828,0.01944761135530718,39.346574215536485,-6.503316587891959,417.72159698501974,388.6074030149802
2026-03-18,392.78,399.0,403.07,392.31,50.85M,-1.63%,392.78,50850000.0,398.183,417.60720000000003,-0.016254664763192817,0.016393129976106365,40.4543257612373,-6.599264143382982,416.9681138436326,387.50688615636744
2026-03-19,380.3,387.27,387.27,378.73,67.08M,-3.18%,380.3,67080000.0,395.658,416.55400000000003,-0.03177351188960731,0.018669778488707395,37.54625995289896,-7.594786995766185,417.66794994249034,383.6660500575097
2026-03-20,367.96,379.85,379.89,364.46,78.63M,-3.24%,367.96,78630000.0,392.781,415.285,-0.032448067315277496,0.01992136264110992,32.442899702085384,-9.272592227738585,420.10281547720683,376.84518452279326
2026-03-23,380.85,373.09,385.33,372.73,74.61M,3.50%,380.85,74610000.0,390.998,414.18600000000004,0.035030981628437985,0.02386289112023288,44.3622200584226,-9.453179321417906,420.5253729946805,374.5246270053195
2026-03-24,383.03,376.56,387.48,376.31,60.00M,0.57%,383.03,60000000.0,389.378,412.9464,0.00572403833530255,0.024016997005250337,37.46306227426944,-9.31303326294534,419.36680812073774,373.0481918792622
2026-03-25,385.95,389.99,396.23,385.01,55.16M,0.76%,385.95,55160000.0,387.191,411.68620000000004,0.007623423752708636,0.02275368148603789,39.56336528221511,-8.864166313852081,415.9314958817595,373.3385041182406
2026-03-26,372.11,381.6,384.44,371.87,55.52M,-3.59%,372.11,55520000.0,384.901,410.18440000000004,-0.03585956730146389,0.02335719675372052,37.555600485240596,-9.515519372951701,415.29296864934025,370.3300313506597
2026-03-27,361.83,369.69,369.86,359.47,62.07M,-2.76%,361.83,62070000.0,381.96400000000006,408.63699999999994,-0.02762623955282051,0.024364384105670645,32.8205128205128,-10.737456734092973,416.6670523532626,364.8879476467375
2026-03-30,355.28,365.86,367.29,352.14,67.95M,-1.81%,355.28,67950000.0,377.936,406.97119999999995,-0.01810242379017779,0.023620819008463117,30.59602649006621,-12.094958008672677,418.00885068181236,358.7421493181876
2026-03-31,371.75,361.51,373.33,361.0,75.53M,4.64%,371.75,75530000.0,375.18399999999997,405.65619999999996,0.046357802296780104,0.02928262730775041,35.111037728060765,-11.706846950196109,417.8105650885141,356.87243491148587
2026-04-01,381.26,378.63,383.14,374.08,58.68M,2.56%,381.26,58680000.0,374.03200000000004,404.89639999999997,0.025581708137188963,0.030724195295471816,44.16532292285496,-10.510727494692333,415.3806383065683,356.8343616934316
2026-04-02,360.59,364.2,370.28,359.03,83.03M,-5.42%,360.59,83030000.0,372.061,403.4794,-0.054214971410585955,0.03376506389111659,38.63686984928354,-11.102705385739853,413.74495111623276,353.9740488837672
2026-04-06,352.82,362.59,367.72,346.64,77.70M,-2.15%,352.82,77700000.0,370.54699999999997,401.5486,-0.021548018525194723,0.03293895005166862,34.52570601013758,-12.059808230455246,413.9254721496531,349.40252785034687
2026-04-07,346.65,346.44,348.02,337.24,74.52M,-1.75%,346.65,74520000.0,367.127,399.50039999999996,-0.017487670766963337,0.030145223493535565,31.282014797951064,-13.164435151751263,413.8396618193637,344.2853381806363
2026-04-08,343.25,363.79,364.5,339.67,78.84M,-0.98%,343.25,78840000.0,363.149,397.6614,-0.009808163854031382,0.029701727084442058,31.985160398632445,-14.151086612575796,413.1531255705655,339.3738744294345
2026-04-09,345.62,343.15,348.88,337.25,62.16M,0.69%,345.62,62160000.0,359.116,395.9558,0.006904588492352426,0.02965380015372315,36.38505025125629,-14.573778365500118,409.3220546907909,336.98494530920914
2026-04-10,348.95,346.29,350.36,342.74,51.34M,0.96%,348.95,51340000.0,356.8,394.30559999999997,0.009634859093802461,0.028822767607008352,41.968736797634136,-14.473223147814053,407.0249524419287,334.67604755807133
2026-04-13,352.42,350.07,356.35,348.57,53.62M,0.99%,352.42,53620000.0,355.859,393.02279999999996,0.009944118068491159,0.028135492008292528,36.95033507757275,-13.952694437116236,404.64794477648593,333.17505522351405
2026-04-14,364.2,357.67,367.63,354.77,59.98M,3.34%,364.2,59980000.0,356.75100000000003,391.6986,0.03342602576471254,0.029595174320160178,42.0568632413735,-12.446152633155066,400.83843993205994,333.84856006794007
2026-04-15,391.95,366.83,394.65,362.5,113.81M,7.62%,391.95,113810000.0,358.771,391.1014,0.07619439868204281,0.03540023009813424,52.09263392857143,-8.91030190203844,399.13689438745837,334.81810561254156
2026-04-16,388.9,393.81,394.06,381.8,63.52M,-0.78%,388.9,63520000.0,359.53499999999997,390.44019999999995,-0.007781604796530228,0.03490399926561071,56.33250358301273,-6.281811421510724,398.32845824257794,335.23854175742207
2026-04-17,400.62,395.92,409.28,391.65,90.64M,3.01%,400.62,90640000.0,363.538,390.3324,0.030136281820519528,0.02943131145436908,64.47280053727334,-3.2159364134447515,402.34380776476837,333.25519223523156
2026-04-20,392.5,402.58,406.8,388.33,64.60M,-2.03%,392.5,64599999.99999999,367.506,390.2382,-0.02026858369527229,0.029276658374970017,63.72621330579732,-1.424998029194228,405.29508015301207,332.75791984698793
2026-04-21,386.42,393.0,393.95,385.22,50.53M,-1.55%,386.42,50530000.0,371.483,389.74440000000004,-0.015490445859872581,0.029066102388709252,55.85909417685119,-0.4906161266710001,406.0384194605244,332.57158053947563
2026-04-22,387.51,387.57,393.01,385.3,62.36M,0.28%,387.51,62360000.0,375.909,389.1482,0.002820764970757228,0.02831217395759762,52.67620107904428,0.3339921003961308,406.66722652568853,332.39077347431146
2026-04-23,373.72,375.28,386.0,368.39,93.97M,-3.56%,373.72,93970000.0,378.719,388.11839999999995,-0.03558617842120193,0.03217842722209187,55.974155974156,-0.12381048068107248,405.3125950281069,332.522404971893
2026-04-24,376.3,373.5,382.76,370.73,62.89M,0.69%,376.3,62890000.0,381.454,387.079,0.006903564165685605,0.03217745757195654,61.2129894937918,-0.2752648051070423,405.647492934929,332.606507065071
2026-04-27,378.67,372.09,380.78,364.02,66.74M,0.63%,378.67,66739999.99999999,384.079,386.311,0.006298166356630386,0.032174012763252144,65.86719524281469,-0.20172885068171809,406.55757681960154,333.38042318039845
2026-04-28,376.02,374.67,382.29,372.54,50.86M,-0.70%,376.02,50860000.0,385.261,385.48260000000005,-0.006998177832941654,0.03109928527626786,66.36045931103345,-0.3532123182894793,407.012663944619,334.9993360553809
2026-04-29,372.8,375.4,376.4,370.04,45.38M,-0.86%,372.8,45380000.0,383.346,384.726,-0.008563374288601544,0.017851146696837728,63.455445544554465,-0.7247368320187206,407.07279264523345,335.0442073547665
2026-04-30,381.63,372.75,384.75,368.17,51.08M,2.37%,381.63,51080000.0,382.619,384.1322,0.023685622317596522,0.019929949404790512,65.34272300469485,-0.30317071790898353,407.1137304434282,335.0402695565718
2026-05-01,390.82,382.48,397.82,378.8,65.34M,2.41%,390.82,65340000.0,381.639,383.7144,0.024080916070539526,0.018921447191113293,67.10924968811264,0.7636764736916462,409.3027148148828,335.8742851851171
2026-05-04,392.51,390.23,394.64,384.8,48.77M,0.43%,392.51,48770000.0,381.64,383.3282,0.004324241338723667,0.017898787628989252,63.85978654655832,1.7256373619975989,411.0782043009255,338.06779569907445
2026-05-05,389.37,395.18,402.12,389.0,47.78M,-0.80%,389.37,47780000.0,381.935,383.1189999999999,-0.007999796183536745,0.017318972706178996,48.335913312693506,2.209160709109142,411.2830991586369,342.134900841363
2026-05-06,398.73,386.25,401.68,384.02,53.47M,2.40%,398.73,53470000.0,383.057,382.906,0.024038831959318996,0.018815957353690797,55.863056185136614,3.3094805883662843,411.56683039213465,347.39916960786536
2026-05-07,411.79,407.48,415.83,402.12,64.29M,3.28%,411.79,64290000.00000001,386.864,382.7938,0.032753993930729974,0.015323253708168273,56.5574732887167,5.17566305116469,413.80129083077003,351.78170916922994
2026-05-08,428.35,416.48,431.2,416.39,65.05M,4.02%,428.35,65050000.0,392.069,383.1892,0.040214672527258966,0.017998234435354483,69.1485952355518,7.899815544227067,419.7933686789098,353.7296313210901
2026-05-11,445.0,422.16,449.16,416.8,78.38M,3.89%,445.0,78380000.0,398.702,384.039,0.03887008287615257,0.019498510211898256,78.11480130543293,11.272301793273357,429.68733811326183,353.0936618867381
2026-05-12,433.45,441.41,447.8,422.26,60.57M,-2.60%,433.45,60570000.0,404.44500000000005,384.6416,-0.025955056179775338,0.022690697988582326,70.03663642707608,12.86473629844329,435.26268414416626,354.44331585583376
2026-05-13,445.27,436.67,453.4,430.21,68.28M,2.73%,445.27,68280000.0,411.692,385.6984,0.027269581266581966,0.021430318475581973,81.75201917103044,14.908669471457415,443.7399170694021,351.2980829305979
2026-05-14,443.3,446.49,451.98,441.16,46.07M,-0.44%,443.3,46070000.0,417.85900000000004,386.44559999999996,-0.004424281896377447,0.02244015721521429,79.89469926824917,16.18299125120967,450.54630276588733,349.9316972341126
2026-05-15,422.24,433.98,434.66,422.0,52.69M,-4.75%,422.24,52690000.0,421.00100000000003,386.7794,-0.0475073313782991,0.029607983505625875,66.66156787762907,15.316969953281045,452.5818561382297,350.0581438617703
2026-05-18,409.99,419.27,421.13,405.33,52.47M,-2.90%,409.99,52470000.0,422.74899999999997,387.0446,-0.029011936339522593,0.0318773752888648,62.10188813680087,13.486702897031762,453.4195483444813,350.9694516555186
2026-05-19,404.11,403.16,405.63,393.63,46.50M,-1.43%,404.11,46500000.0,424.22300000000007,387.15319999999997,-0.014341813214956423,0.03222209583387686,60.94678693797637,11.429978532197879,453.76526717366073,352.3927328263393
2026-05-20,417.26,407.6,417.46,406.39,45.29M,3.25%,417.26,45290000.0,426.076,387.51379999999995,0.0325406448739205,0.03290882104846713,62.091902531731485,10.737331482459695,455.07479604603,354.05820395397006
2026-05-21,417.85,422.17,426.95,412.9,42.64M,0.14%,417.85,42640000.0,426.68199999999996,387.71439999999996,0.0014139864832478644,0.031435703454106026,59.74194478483387,10.119362067622546,455.4291292076693,358.11687079233076
2026-05-22,426.01,422.67,431.51,420.51,46.10M,1.95%,426.01,46100000.0,426.44800000000004,388.3344,0.019528538949383778,0.029238624207826858,61.53581267217632,10.170817801666146,456.4158939170981,362.10110608290194
2026-05-26,433.59,430.26,435.2,426.12,45.66M,1.78%,433.59,45660000.0,425.30699999999996,389.1822,0.017793009553766392,0.02676759870652627,64.77546110665597,10.699897732308045,458.04498400449495,365.96401599550506
2026-05-27,440.36,442.89,445.6,435.52,44.66M,1.56%,440.36,44660000.0,425.99799999999993,390.0782,0.015613828732212509,0.02589411532471469,64.15504930295819,11.53253986905247,459.6378735930527,370.8051264069473
2026-05-28,442.1,437.62,443.96,436.3,32.43M,0.40%,442.1,32430000.0,425.6809999999999,390.93480000000005,0.00395131256244885,0.024358841375738984,61.16554925219186,12.192273282524013,459.86291955498507,377.51008044501486
